-- phpMyAdmin SQL Dump
-- version 5.2.1
-- https://www.phpmyadmin.net/
--
-- 主機： 127.0.0.1
-- 產生時間： 2024-06-06 02:43:03
-- 伺服器版本： 10.4.32-MariaDB
-- PHP 版本： 8.2.12

SET SQL_MODE = "NO_AUTO_VALUE_ON_ZERO";
START TRANSACTION;
SET time_zone = "+00:00";


/*!40101 SET @OLD_CHARACTER_SET_CLIENT=@@CHARACTER_SET_CLIENT */;
/*!40101 SET @OLD_CHARACTER_SET_RESULTS=@@CHARACTER_SET_RESULTS */;
/*!40101 SET @OLD_COLLATION_CONNECTION=@@COLLATION_CONNECTION */;
/*!40101 SET NAMES utf8mb4 */;

--
-- 資料庫： `mahjong`
--

-- --------------------------------------------------------

--
-- 資料表結構 `brand`
--

CREATE TABLE `brand` (
  `id` int(6) UNSIGNED NOT NULL COMMENT 'AUTO_INCREMENT',
  `name` varchar(20) NOT NULL
) ENGINE=InnoDB DEFAULT CHARSET=utf8mb4 COLLATE=utf8mb4_unicode_ci;

--
-- 傾印資料表的資料 `brand`
--

INSERT INTO `brand` (`id`, `name`) VALUES
(1, '東方不敗'),
(2, '雀王'),
(3, '貳筒妹祇'),
(4, 'JB雷射雕刻'),
(5, '優童樂生活館'),
(6, '壓克力板小舖'),
(7, 'LA麻將小舖'),
(8, 'GS MALL'),
(9, '商密特SUMITMIT'),
(10, '長勝'),
(11, '麻將大俠'),
(12, '雀友'),
(13, '太陽鳥'),
(14, '輝葉良品');

-- --------------------------------------------------------

--
-- 資料表結構 `category`
--

CREATE TABLE `category` (
  `id` int(10) UNSIGNED NOT NULL,
  `name` varchar(20) NOT NULL
) ENGINE=InnoDB DEFAULT CHARSET=utf8mb4 COLLATE=utf8mb4_unicode_ci;

--
-- 傾印資料表的資料 `category`
--

INSERT INTO `category` (`id`, `name`) VALUES
(1, '麻將桌'),
(2, '競技類'),
(3, '派對類'),
(4, 'RPG類');

-- --------------------------------------------------------

--
-- 資料表結構 `coupons`
--

CREATE TABLE `coupons` (
  `coupon_id` int(11) NOT NULL,
  `name` varchar(255) NOT NULL,
  `discount_code` varchar(50) NOT NULL,
  `discount_type` varchar(20) NOT NULL,
  `discount_value` decimal(10,0) NOT NULL,
  `valid_from` date NOT NULL,
  `valid_to` date NOT NULL,
  `limit_value` int(50) NOT NULL,
  `usage_limit` int(11) NOT NULL,
  `status` varchar(30) NOT NULL
) ENGINE=InnoDB DEFAULT CHARSET=utf8mb4 COLLATE=utf8mb4_general_ci;

--
-- 傾印資料表的資料 `coupons`
--

INSERT INTO `coupons` (`coupon_id`, `name`, `discount_code`, `discount_type`, `discount_value`, `valid_from`, `valid_to`, `limit_value`, `usage_limit`, `status`) VALUES
(1, '會員專享', '7L2SX656EZ', 'percent', 8, '2024-06-13', '2024-08-17', 1794, 717, 'inactive'),
(2, '夏季大促', '4B8XAJQLYH', 'percent', 6, '2024-06-09', '2024-08-26', 3800, 982, 'active'),
(3, '生日特惠', 'MZGQC1YQA5', 'percent', 69, '2024-06-13', '2024-07-23', 5216, 312, 'active'),
(4, '會員專享', '5SW7Y0YVUY', 'cash', 41759, '2024-06-17', '2024-08-09', 6218, 681, 'active'),
(5, '冬季減價', 'CUJVA1DUYH', 'percent', 37, '2024-06-17', '2024-07-23', 9790, 666, 'inactive'),
(6, '新客禮包', '1VCC98C2LX', 'percent', 57, '2024-06-05', '2024-08-08', 9181, 327, 'active'),
(7, '會員專享', 'LGWUGPAZ1S', 'cash', 25681, '2024-06-14', '2024-08-30', 4043, 172, 'inactive'),
(8, '會員專享', '03EL0O80LY', 'cash', 47552, '2024-06-28', '2024-09-16', 1397, 507, 'active'),
(9, '節日特賣', '2KSXFPQCJI', 'cash', 47475, '2024-06-20', '2024-08-24', 9636, 79, 'inactive'),
(10, '春季促銷', 'MA4X1V5APR', 'percent', 68, '2024-06-04', '2024-07-15', 9345, 306, 'active'),
(11, '秋季特惠', 'N1RVK6YLIZ', 'cash', 9725, '2024-06-15', '2024-07-16', 7786, 967, 'inactive'),
(12, '生日特惠', '8L83ICCFNQ', 'cash', 19658, '2024-06-01', '2024-08-12', 7766, 708, 'active'),
(13, '會員專享', 'F708U8EEVE', 'cash', 44277, '2024-06-02', '2024-07-08', 8611, 923, 'active'),
(14, '夏季大促', '6POZL3D50Z', 'percent', 71, '2024-06-06', '2024-07-17', 2621, 952, 'inactive'),
(15, '春季促銷', '2F56IRP2ON', 'percent', 66, '2024-06-18', '2024-09-04', 3058, 708, 'active'),
(16, '新客禮包', '197933IIXN', 'percent', 8, '2024-06-22', '2024-09-03', 6289, 291, 'active'),
(17, '夏季大促', '8DCDN97F5U', 'percent', 17, '2024-06-02', '2024-07-11', 4484, 446, 'active'),
(18, '節日特賣', '13E3FG8CAF', 'percent', 45, '2024-06-02', '2024-08-27', 8705, 955, 'active'),
(19, '週年慶', 'MWK4A1VMC7', 'cash', 41422, '2024-06-17', '2024-09-14', 9385, 776, 'active'),
(20, '限時優惠', 'XUB218N05B', 'cash', 20703, '2024-06-15', '2024-08-27', 9118, 639, 'inactive'),
(21, '限時優惠', '8DB9PTTM6S', 'cash', 27340, '2024-06-20', '2024-08-06', 3374, 163, 'active'),
(22, '節日特賣', 'A5GD6PJNLA', 'percent', 65, '2024-06-10', '2024-09-01', 1481, 803, 'active'),
(23, '週年慶', 'FXDJVF9Z5C', 'percent', 71, '2024-06-09', '2024-08-04', 1331, 132, 'active'),
(24, '限時優惠', 'NGKE58XRYM', 'cash', 29414, '2024-06-23', '2024-09-12', 1631, 474, 'active'),
(25, '限時優惠', 'SSXGEXM0LO', 'cash', 35646, '2024-06-20', '2024-08-02', 8354, 282, 'active'),
(26, '會員專享', 'D10L20TG7U', 'cash', 27163, '2024-06-17', '2024-09-09', 7584, 199, 'active'),
(27, '節日特賣', '3O3C478AR6', 'percent', 38, '2024-06-26', '2024-09-18', 6748, 855, 'inactive'),
(28, '春季促銷', 'MFUAWBO3I0', 'cash', 27963, '2024-06-24', '2024-09-21', 6020, 525, 'active'),
(29, '節日特賣', 'TK6SEV0CLO', 'cash', 42785, '2024-06-07', '2024-07-23', 4040, 917, 'active'),
(30, '冬季減價', 'T6MBBYA1QY', 'percent', 75, '2024-06-07', '2024-08-24', 4837, 418, 'active'),
(31, '春季促銷', '1AYL5DLCH2', 'percent', 21, '2024-06-11', '2024-08-04', 4463, 283, 'inactive'),
(32, '會員專享', 'LQ8UYJCYCI', 'percent', 34, '2024-06-02', '2024-07-27', 855, 944, 'active'),
(33, '會員專享', 'ZMN9L8SKZ1', 'cash', 42705, '2024-06-16', '2024-07-26', 7227, 980, 'active'),
(34, '週年慶', 'SO61BN058Z', 'percent', 74, '2024-06-05', '2024-07-19', 8419, 143, 'inactive'),
(35, '新客禮包', 'K0JH6XFIZB', 'percent', 21, '2024-06-10', '2024-08-23', 4101, 403, 'active'),
(36, '秋季特惠', 'M5GCGV0VDT', 'cash', 9871, '2024-06-17', '2024-08-17', 2635, 737, 'active'),
(37, '生日特惠', 'UU0XRFREOO', 'cash', 22637, '2024-06-16', '2024-07-21', 8952, 963, 'inactive'),
(38, '冬季減價', 'GJYMFSENF8', 'percent', 72, '2024-06-14', '2024-09-04', 8097, 579, 'inactive'),
(39, '週年慶', 'BGBUEYOPBC', 'cash', 36209, '2024-06-06', '2024-08-23', 9658, 462, 'active'),
(40, '冬季減價', 'DWGA4FSZEB', 'percent', 28, '2024-06-18', '2024-08-21', 4845, 654, 'inactive'),
(41, '節日特賣', 'XMAJFVK9H7', 'cash', 26766, '2024-06-16', '2024-08-27', 7509, 113, 'active'),
(42, '春季促銷', '6SQHEZYXN7', 'percent', 55, '2024-06-16', '2024-07-20', 6605, 104, 'inactive'),
(43, '春季促銷', '4UHCRFQVLL', 'cash', 22337, '2024-06-09', '2024-08-10', 5432, 122, 'active'),
(44, '週年慶', 'X9C5N0N5QH', 'cash', 18842, '2024-06-27', '2024-08-05', 7220, 604, 'active'),
(45, '春季促銷', 'RJRUOZHC1A', 'cash', 16696, '2024-06-20', '2024-08-17', 8376, 645, 'inactive'),
(46, '限時優惠', 'ZL2R22W3LX', 'percent', 84, '2024-06-16', '2024-07-25', 2893, 55, 'active'),
(47, '生日特惠', 'SPAIZTMA9T', 'percent', 34, '2024-06-24', '2024-09-12', 5079, 112, 'inactive'),
(48, '春季促銷', 'AXWVEGL90E', 'cash', 5393, '2024-06-19', '2024-07-23', 3699, 132, 'active'),
(49, '生日特惠', 'D4BRCCTH4P', 'percent', 82, '2024-06-19', '2024-07-26', 8886, 447, 'inactive'),
(50, '生日特惠', 'C8A0O4FLMG', 'cash', 45, '2024-06-12', '2024-08-05', 877, 519, 'inactive'),
(51, '節日特賣	', 'PYGIEB0CF8', 'cash', 1000, '2024-05-08', '2024-05-31', 2000, 200, ''),
(52, '生日特惠	', 'EOAS5XIZWV', 'cash', 2000, '2024-05-14', '2024-05-31', 2000, 20, 'active'),
(53, '夏日優惠', 'IOA478CDUI', 'cash', 1000, '2024-04-17', '2024-05-01', 2000, 3000, 'active'),
(54, '夏日優惠', '277SZB2MT7', 'percent', 20, '2024-06-13', '2024-07-11', 2000, 200, 'active');

-- --------------------------------------------------------

--
-- 資料表結構 `history`
--

CREATE TABLE `history` (
  `id` int(11) NOT NULL,
  `table_id` int(11) NOT NULL,
  `user_id` int(11) NOT NULL,
  `start_datetime` datetime NOT NULL,
  `end_datetime` datetime NOT NULL,
  `update_at` datetime NOT NULL DEFAULT current_timestamp()
) ENGINE=InnoDB DEFAULT CHARSET=utf8mb4 COLLATE=utf8mb4_unicode_ci;

-- --------------------------------------------------------

--
-- 資料表結構 `mahjong_room`
--

CREATE TABLE `mahjong_room` (
  `room_id` int(11) NOT NULL,
  `name` varchar(10) NOT NULL,
  `tele` varchar(10) NOT NULL,
  `tax_number` varchar(8) NOT NULL,
  `address` varchar(100) NOT NULL,
  `open_time` time DEFAULT NULL,
  `close_time` time DEFAULT NULL,
  `create_at` datetime NOT NULL DEFAULT current_timestamp(),
  `update_at` datetime NOT NULL DEFAULT current_timestamp(),
  `id` int(11) NOT NULL
) ENGINE=InnoDB DEFAULT CHARSET=utf8mb4 COLLATE=utf8mb4_unicode_ci;

--
-- 傾印資料表的資料 `mahjong_room`
--

INSERT INTO `mahjong_room` (`room_id`, `name`, `tele`, `tax_number`, `address`, `open_time`, `close_time`, `create_at`, `update_at`, `id`) VALUES
(1, '麻將大師中壢店', '0999999999', '12345678', '3F., No. 122-1, Jianguo Rd., Yingge Dist., New Taipei City 239 , Taiwan (R.O.C.)', NULL, NULL, '2024-05-30 10:35:32', '2024-05-30 16:35:32', 0),
(2, '麻將大師中山店', '0999999999', '12345678', '台北市中山區中山路2號2樓', '00:12:00', '23:12:00', '2024-05-31 04:14:46', '2024-05-31 10:14:46', 0);

-- --------------------------------------------------------

--
-- 資料表結構 `marjong_table`
--

CREATE TABLE `marjong_table` (
  `table_id` int(11) NOT NULL,
  `room_id` int(11) NOT NULL,
  `name` varchar(20) NOT NULL,
  `status` varchar(10) NOT NULL,
  `table_type` tinyint(4) NOT NULL,
  `price` varchar(10) NOT NULL,
  `create_at` datetime NOT NULL,
  `update_at` datetime DEFAULT NULL
) ENGINE=InnoDB DEFAULT CHARSET=utf8mb4 COLLATE=utf8mb4_unicode_ci;

--
-- 傾印資料表的資料 `marjong_table`
--

INSERT INTO `marjong_table` (`table_id`, `room_id`, `name`, `status`, `table_type`, `price`, `create_at`, `update_at`) VALUES
(1, 2, '玄武桌', '0', 1, '1000', '2024-05-31 10:22:22', NULL),
(4, 2, '神龍桌', '0', 1, '1000', '2024-06-03 03:59:05', NULL),
(5, 1, '', '0', 0, '', '2024-06-03 11:30:52', NULL);

-- --------------------------------------------------------

--
-- 資料表結構 `owner`
--

CREATE TABLE `owner` (
  `id` int(11) NOT NULL,
  `member_type` text NOT NULL DEFAULT '企業會員',
  `account` varchar(50) NOT NULL,
  `password` varchar(255) NOT NULL DEFAULT '12345',
  `company_name` varchar(100) NOT NULL,
  `company_phone` varchar(20) NOT NULL,
  `fax_phone` varchar(20) DEFAULT NULL,
  `company_email` varchar(100) NOT NULL,
  `company_address` varchar(255) NOT NULL,
  `responsible_person` varchar(50) NOT NULL,
  `tax_ID_number` text NOT NULL,
  `created_at` timestamp NOT NULL DEFAULT current_timestamp(),
  `valid` text NOT NULL DEFAULT '1'
) ENGINE=InnoDB DEFAULT CHARSET=utf8mb4 COLLATE=utf8mb4_general_ci;

--
-- 傾印資料表的資料 `owner`
--

INSERT INTO `owner` (`id`, `member_type`, `account`, `password`, `company_name`, `company_phone`, `fax_phone`, `company_email`, `company_address`, `responsible_person`, `tax_ID_number`, `created_at`, `valid`) VALUES
(1, '企業會員', 'woos', '12345', '東風', '02-88885555', '02-8888-8123', 'woo@test.com', '105台北市松山區興安街159號', '陳小王', '87654321', '2024-05-31 07:57:48', '1'),
(2, '企業會員', 'sam', '12345', '帥帥', '02-88885555', '02-88885555', 'sam@test.com', '105台北市松山區興安街159號', '姍姍', '99999999', '2024-06-04 01:52:22', '1'),
(3, '企業會員', 'sun', '12345', '西風', '02-88885555', '02-88885555', 'sun@test.com', '105台北市松山區興安街15號', '吳曉', '12345678', '2024-06-04 02:19:13', '1'),
(4, '企業會員', 'sam', '12345', '帥帥', '02-88996555', NULL, 'boo@test.com', '105台北市松山區興安街9號', '陳小小', '87654321', '2024-06-04 03:22:50', '1'),
(5, '企業會員', 'dltbEutRP', '12345', '麻將妙手', '', NULL, '', '112 臺北市北投區公舘路6號', '金琳秀', '', '2024-06-04 06:35:15', '1'),
(6, '企業會員', 'fRJ7GV0KbNQ', '12345', '麻將之魂', '', NULL, '', '100 臺北市中正區師大路5號', '範亮毅', '', '2024-06-04 06:35:15', '1'),
(7, '企業會員', 'bvmpTgxm4L', '12345', '麻將明珠', '', NULL, '', '106 臺北市大安區師大路27號', '彭琴婷', '', '2024-06-04 06:35:15', '1'),
(8, '企業會員', 'AANwy', '12345', '麻將樂園', '', NULL, '', '116 臺北市文山區久康街29號', '許寧飛', '', '2024-06-04 06:35:15', '1'),
(9, '企業會員', 'BPtqx', '12345', '麻將巧手', '', NULL, '', '112 臺北市北投區大興街28號', '柏琳紅', '', '2024-06-04 06:35:15', '1'),
(10, '企業會員', 'CweZC', '12345', '麻將精靈', '', NULL, '', '115 臺北市南港區三重路18號', '蘇娜秀', '', '2024-06-04 06:35:15', '1'),
(11, '企業會員', 'DEdhm', '12345', '麻將魔法', '', NULL, '', '114 臺北市內湖區永保街3號', '曹琳傑', '', '2024-06-04 06:35:15', '1'),
(12, '企業會員', 'EdgXG', '12345', '麻將絕技', '', NULL, '', '110 臺北市信義區中坡南路23號', '施宇欣', '', '2024-06-04 06:35:15', '1'),
(13, '企業會員', 'FbDhF', '12345', '麻將韻味', '', NULL, '', '106 臺北市大安區敦化南路28號', '週寧露', '', '2024-06-04 06:35:15', '1'),
(14, '企業會員', 'GfREB', '12345', '麻將天地', '', NULL, '', '103 臺北市大同區西寧北路9號', '謝衛明', '', '2024-06-04 06:35:15', '1'),
(15, '企業會員', 'Hctpw', '12345', '麻將之舞', '', NULL, '', '105 臺北市松山區寶清街14號', '陶莉飛', '', '2024-06-04 06:35:15', '1'),
(16, '企業會員', 'IWzew', '12345', '麻將奇蹟', '', NULL, '', '108 臺北市萬華區洛陽街8號', '楊輝敏', '', '2024-06-04 06:35:15', '1'),
(17, '企業會員', 'JIdfo', '12345', '麻將尋寶', '', NULL, '', '105 臺北市松山區塔悠路22號', '華強宇', '', '2024-06-04 06:35:15', '1'),
(18, '企業會員', 'KnYXD', '12345', '麻將樂意', '', NULL, '', '111 臺北市士林區劍南路21號', '馮娜鵬', '', '2024-06-04 06:35:15', '1'),
(19, '企業會員', 'LJMBK', '12345', '麻將巧思', '', NULL, '', '110 臺北市信義區瑞雲街23號', '範鵬華', '', '2024-06-04 06:35:15', '1'),
(20, '企業會員', 'NAxZt', '12345', '麻將心法', '', NULL, '', '110 臺北市信義區瑞雲街23號', '鄒華霞', '', '2024-06-04 06:35:15', '1'),
(21, '企業會員', 'ONgql', '12345', '麻將之音', '', NULL, '', '100 臺北市中正區潮州街7號', '趙婷秀', '', '2024-06-04 06:35:15', '1'),
(22, '企業會員', 'PHmaF', '12345', '麻將格局', '', NULL, '', '104 臺北市中山區南京西路32號', '韋衛鵬', '', '2024-06-04 06:35:15', '1'),
(23, '企業會員', 'Qoins', '12345', '麻將經典', '', NULL, '', '112 臺北市北投區幽雅路17號', '鄒新超', '', '2024-06-04 06:35:15', '1'),
(24, '企業會員', 'RyqEw', '12345', '麻將風華', '', NULL, '', '105 臺北市松山區敦化北路6號', '章宇宇', '', '2024-06-04 06:35:15', '1'),
(25, '企業會員', 'SDftP', '12345', '麻將靈感', '', NULL, '', '108 臺北市萬華區西藏路5號', '秦麗華', '', '2024-06-04 06:35:15', '1'),
(26, '企業會員', 'TRBgW', '12345', '麻將奇趣', '', NULL, '', '106 臺北市大安區臨江街13號', '魯婷紅', '', '2024-06-04 06:35:15', '1'),
(27, '企業會員', 'ULTFx', '12345', '麻將台灣', '', NULL, '', '116 臺北市文山區老泉街3號', '奚鵬剛', '', '2024-06-04 06:35:15', '1'),
(28, '企業會員', 'EpNRDZM', '12345', '麻將點金', '', NULL, '', '104 臺北市中山區基湖路9號', '葛亮傑', '', '2024-06-04 06:35:15', '1'),
(29, '企業會員', 'FWwuSBi', '12345', '麻將盛宴', '', NULL, '', '106 臺北市大安區信義路26號', '王飛華', '', '2024-06-04 06:35:15', '1'),
(30, '企業會員', 'GWhiOcq', '12345', '王牌麻將', '', NULL, '', '108 臺北市萬華區開封街18號', '奚玲明', '', '2024-06-04 06:35:15', '1'),
(31, '企業會員', 'HdKfYsT', '12345', '麻將樂園', '', NULL, '', '100 臺北市中正區師大路26號', '薑軍鵬', '', '2024-06-04 06:35:15', '1'),
(32, '企業會員', 'IewYCZC', '12345', '精彩麻將', '', NULL, '', '112 臺北市北投區公舘路6號', '何明丹', '', '2024-06-04 06:35:15', '1'),
(33, '企業會員', 'JnLQUpA', '12345', '麻將大亨', '', NULL, '', '100 臺北市中正區師大路5號', '魯浩寧', '', '2024-06-04 06:35:15', '1'),
(34, '企業會員', 'KfaXSAe', '12345', '麻將之王', '', NULL, '', '106 臺北市大安區師大路27號', '王莉偉', '', '2024-06-04 06:35:15', '1'),
(35, '企業會員', 'LiNbkKY', '12345', '麻將絕活', '', NULL, '', '116 臺北市文山區久康街29號', '魯凱鑫', '', '2024-06-04 06:35:15', '1'),
(36, '企業會員', 'NvXBuSl', '12345', '享樂麻將', '', NULL, '', '112 臺北市北投區大興街28號', '雲勇毅', '', '2024-06-04 06:35:15', '1'),
(37, '企業會員', 'OHORQqQ', '12345', '麻將狂熱', '', NULL, '', '115 臺北市南港區三重路18號', '陶凱婷', '', '2024-06-04 06:35:15', '1'),
(38, '企業會員', 'Prycyun', '12345', '烏金麻將', '', NULL, '', '114 臺北市內湖區永保街3號', '朱俊新', '', '2024-06-04 06:35:15', '1'),
(39, '企業會員', 'QHjeXnO', '12345', '麻將營業', '', NULL, '', '110 臺北市信義區中坡南路23號', '謝亮衛', '', '2024-06-04 06:35:15', '1'),
(40, '企業會員', 'RUCVrIi', '12345', '麻將魔術', '', NULL, '', '106 臺北市大安區敦化南路28號', '張鵬博', '', '2024-06-04 06:35:15', '1'),
(41, '企業會員', 'SuucEpg', '12345', '麻將勝利者', '', NULL, '', '103 臺北市大同區西寧北路9號', '錢剛霞', '', '2024-06-04 06:35:15', '1'),
(42, '企業會員', 'TkEYMAX', '12345', '麻將狂歡', '', NULL, '', '105 臺北市松山區寶清街14號', '奚芳強', '', '2024-06-04 06:35:15', '1'),
(43, '企業會員', 'UtDtdag', '12345', '麻將娛樂城', '', NULL, '', '108 臺北市萬華區洛陽街8號', '曹偉露', '', '2024-06-04 06:35:15', '1'),
(44, '企業會員', 'VbCEoCw', '12345', '麻將高手', '', NULL, '', '105 臺北市松山區塔悠路22號', '週俊明', '', '2024-06-04 06:35:15', '1'),
(45, '企業會員', 'WBGybFD', '12345', '麻將王者', '', NULL, '', '111 臺北市士林區劍南路21號', '彭麗露', '', '2024-06-04 06:35:15', '1'),
(46, '企業會員', 'XfXEjnq', '12345', '麻將鑽石', '', NULL, '', '110 臺北市信義區瑞雲街23號', '褚琴麗', '', '2024-06-04 06:35:15', '1'),
(47, '企業會員', 'YaYuWhZ', '12345', '麻將快樂時光', '', NULL, '', '110 臺北市信義區瑞雲街23號', '魯凱強', '', '2024-06-04 06:35:15', '1'),
(48, '企業會員', 'ZmbgOkN', '12345', '金盞麻將', '', NULL, '', '100 臺北市中正區潮州街7號', '楊毅麗', '', '2024-06-04 06:35:15', '1'),
(49, '企業會員', 'aMmozpv', '12345', '麻將風雲人物', '', NULL, '', '104 臺北市中山區南京西路32號', '華玲亮', '', '2024-06-04 06:35:15', '1'),
(50, '企業會員', 'bYzFjcd', '12345', '王牌麻將家', '', NULL, '', '112 臺北市北投區幽雅路17號', '陶寧亮', '', '2024-06-04 06:35:15', '1'),
(51, '企業會員', 'cBkJHCp', '12345', '麻將王', '', NULL, '', '105 臺北市松山區敦化北路6號', '金敏輝', '', '2024-06-04 06:35:15', '1'),
(52, '企業會員', 'dqhuzyd', '12345', '雙雙麻將', '', NULL, '', '108 臺北市萬華區西藏路5號', '華新欣', '', '2024-06-04 06:35:15', '1'),
(53, '企業會員', 'eBakBCj', '12345', '爽爽', '', NULL, '', '106 臺北市大安區臨江街13號', '孫娜鵬', '', '2024-06-04 06:35:15', '1'),
(54, '企業會員', 'ftPOfEd', '12345', '北風', '', NULL, '', '116 臺北市文山區老泉街3號', '水博琳', '', '2024-06-04 06:35:15', '1'),
(101, '企業會員', '', '12345', ' 麻將樂趣', '0226131726', NULL, 'george8860@gmail.com', '', '', ' 36732710', '2024-06-04 06:37:19', '1'),
(102, '企業會員', '', '12345', ' 麻將幻想', '0240322680', NULL, 'keyser6162@icloud.com', '', '', ' 38563682', '2024-06-04 06:37:19', '1'),
(103, '企業會員', '', '12345', ' 麻將王', '0258133927', NULL, 'walton7053@gmail.com', '', '', ' 40015328', '2024-06-04 06:37:19', '1'),
(104, '企業會員', '', '12345', ' 雙雙麻將', '0205730753', NULL, 'scarlett2557@gmail.com', '', '', ' 42053182', '2024-06-04 06:37:19', '1'),
(105, '企業會員', 'asdf123', 'asdf123', 'AAA', '0955555555', '', 'asdf@gmail.com', '新北市三峽區文化路59號', 'bob', '14524444', '2024-06-04 08:04:36', '1');

-- --------------------------------------------------------

--
-- 資料表結構 `product`
--

CREATE TABLE `product` (
  `id` int(5) UNSIGNED NOT NULL,
  `name` varchar(50) NOT NULL,
  `content` varchar(2000) NOT NULL,
  `brand_id` varchar(3) NOT NULL,
  `category_id` int(3) NOT NULL,
  `quantity` int(11) NOT NULL,
  `price` int(6) UNSIGNED NOT NULL,
  `on_time` date NOT NULL,
  `off_time` date DEFAULT NULL,
  `create_at` date NOT NULL,
  `update_at` date DEFAULT NULL,
  `img` varchar(50) NOT NULL
) ENGINE=InnoDB DEFAULT CHARSET=utf8mb4 COLLATE=utf8mb4_unicode_ci;

--
-- 傾印資料表的資料 `product`
--

INSERT INTO `product` (`id`, `name`, `content`, `brand_id`, `category_id`, `quantity`, `price`, `on_time`, `off_time`, `create_at`, `update_at`, `img`) VALUES
(1, '麻將組 633精選系列 綠色竹皮 33m', '編 號 : 633\r\n顏 色 : 綠\r\n規 格 : 33mm\r\n材 質 : 尿素\r\n\r\n【鑑賞期規範】 \r\n本商城購物享有15天鑑賞期，若商品因消費者個人不當使用拆卸產生人為因素造成故障、損毀、磨損、擦傷、刮傷、髒污、包裝破損不完整者，或是附配件不齊者，恕不接受退貨\r\n\r\n*店家保留訂單接受與否權力，不便之處敬請見諒。            ', '1', 1, 20, 990, '2024-06-03', NULL, '2024-06-03', '2024-06-06', '001.jpg'),
(2, '麻將組 634精選系列 綠色竹皮 34m', '編 號 : 634\r\n顏 色 : 綠規\r\n規 格: 34mm\r\n材 質 : 尿素\r\n\r\n【鑑賞期規範】 \r\n本商城購物享有15天鑑賞期，若商品因消費者個人不當使用拆卸產生人為因素造成故障、損毀、磨損、擦傷、刮傷、髒污、包裝破損不完整者，或是附配件不齊者，恕不接受退貨\r\n\r\n*店家保留訂單接受與否權力，不便之處敬請見諒。', '1', 1, 20, 1190, '2024-06-03', NULL, '2024-06-03', NULL, '002.webp'),
(3, '麻將組 833精選系列 33mm 尿素材質', '編 號 : 833\r\n顏 色 : 綠\r\n規 格 : 33mm\r\n材 質 : 尿素\r\n\r\n【鑑賞期規範】 \r\n本商城購物享有15天鑑賞期，若商品因消費者個人不當使用拆卸產生人為因素造成故障、損毀、磨損、擦傷、刮傷、髒污、包裝破損不完整者，或是附配件不齊者，恕不接受退貨\r\n\r\n*店家保留訂單接受與否權力，不便之處敬請見諒。。', '1', 1, 0, 1290, '2024-06-03', '2024-06-06', '2024-06-03', NULL, '003.jpg'),
(4, '麻將組 834精選系列34mm 尿素材質', '編 號 : 833\r\n顏 色 : 綠\r\n規 格 : 33mm\r\n材 質 : 尿素\r\n\r\n【鑑賞期規範】 \r\n本商城購物享有15天鑑賞期，若商品因消費者個人不當使用拆卸產生人為因素造成故障、損毀、磨損、擦傷、刮傷、髒污、包裝破損不完整者，或是附配件不齊者，恕不接受退貨\r\n\r\n*店家保留訂單接受與否權力，不便之處敬請見諒。。', '1', 1, 23, 1490, '2024-06-03', NULL, '2024-06-03', NULL, '004.webp'),
(5, '手打麻將 636東方巨無霸-36mm（竹皮綠）', '編 號 : 636\r\n顏 色 : 竹皮綠\r\n規 格 : 36mm\r\n材 質 : 尿素\r\n\r\n【鑑賞期規範】 \r\n本商城購物享有15天鑑賞期，若商品因消費者個人不當使用拆卸產生人為因素造成故障、損毀、磨損、擦傷、刮傷、髒污、包裝破損不完整者，或是附配件不齊者，恕不接受退貨\r\n\r\n*店家保留訂單接受與否權力，不便之處敬請見諒。。', '1', 1, 21, 1390, '2024-06-03', NULL, '2024-06-03', NULL, '005.webp'),
(6, '麻將 126東方竹花絲-33mm加重版 (綠)', '編 號 : 126\r\n顏 色 : 竹花絲加重版 (綠)\r\n規 格 : 36mm\r\n材 質 : 尿素\r\n\r\n【鑑賞期規範】 \r\n本商城購物享有15天鑑賞期，若商品因消費者個人不當使用拆卸產生人為因素造成故障、損毀、磨損、擦傷、刮傷、髒污、包裝破損不完整者，或是附配件不齊者，恕不接受退貨\r\n\r\n*店家保留訂單接受與否權力，不便之處敬請見諒。。 ', '1', 1, 20, 1490, '2024-06-03', NULL, '2024-06-03', '2024-06-06', '006.webp'),
(7, '麻將  267方玉竹絲 34mm（牙）', '東方不敗麻將 方玉竹絲(手打) 34mm 牙白色 附搬風+骰子\r\n\r\n商品名稱：方玉竹絲(手打)\r\n顏色：牙白\r\n大小：34mm\r\n材質 : 尿素\r\n單顆重量：27G左右\r\n\r\n注意事項：\r\n1.由於麻將是由人工排列放進盒內的，收到貨之後請立即檢查是否有短缺情形，並向我們連繫反應，如因此造成財務、物品上的損失，本公司不負擔任何責任。', '1', 1, 26, 1690, '2024-06-03', NULL, '2024-06-03', NULL, '007.jpg'),
(8, '麻將 334精選系列-34mm(綠)', '334精選系列(竹絲) \r\n\r\n編 號 :334\r\n顏 色 : 綠\r\n規 格 : 34mm\r\n材 質 : 尿素\r\n\r\n\r\n\r\n注意事項：\r\n\r\n1.由於麻將/象棋/筒子，是由人工排列放進盒內，收到貨之後請立即檢查麻將牌列是否正確，以及是否有短缺情形，輕微污漬可先嘗試使用酒精或是去漬油稍作清潔，若有發現多、少顆或配件短缺破損，請立即連繫賣家，若造成任何財物損失，本司皆無責任~\r\n\r\n2.247是電動桌專用的麻將，當然也可以手打，不過就沒有附贈方向環(搬風)跟骰子，有需要的可以購~\r\n\r\n\r\n\r\n【鑑賞期規範】 \r\n\r\n本商城購物享有15天鑑賞期，若商品因消費者個人不當使用拆卸產生人為因素造成故障、損毀、磨損、擦傷、刮傷、髒污、包裝破損不完整者，或是附配件不齊者，恕不接受退貨', '1', 1, 22, 1490, '2024-06-03', NULL, '2024-06-03', NULL, '008.jpg'),
(9, '麻將組 272巨石竹絲 34MM 竹絲加重', '東方不敗麻將 巨石竹絲 東方不敗出品 34MM/綠色/竹絲加重\r\n\r\n圓角牌、高CP值平價34MM加重麻將。\r\n\r\n尿素材質的麻將，打起來的手感比較好、洗牌時也不容易翻牌，是專業級玩家的最愛。\r\n\r\n\r\n\r\n• 贈品：牌尺一副\r\n• 標準台灣字體加深\r\n• 銷售單位: 每副\r\n• 產品材質 : 尿素\r\n• 產品顏色 : 深綠色\r\n• 產品規格 : 34mm\r\n• 單顆重量：約32g\r\n\r\n• 型號：巨石竹紋272\r\n\r\n\r\n\r\n注意事項：\r\n\r\n1.由於麻將是由人工排列放進盒內的，收到貨之後請立即檢查是否有短缺情形，並向我們連繫反應，如因此造成財務、物品上的損失，本公司不負擔任何責任。\r\n\r\n\r\n\r\n【鑑賞期規範】 \r\n\r\n本商城購物享有15天鑑賞期，若商品因消費者個人不當使用拆卸產生人為因素造成故障、損毀、磨損、擦傷、刮傷、髒污、包裝破損不完整者，或是附配件不齊者，恕不接受退貨\r\n\r\n*店家保留訂單接受與否權力，不便之處敬請見諒。', '1', 1, 19, 1890, '2024-06-03', NULL, '2024-06-03', NULL, '009.jpg'),
(10, '麻將 132東方無聲派 33mm (綠)', '• 標準台灣字體加深\r\n• 銷售單位: 每副\r\n• 產品材質 : 無聲材質\r\n• 產品顏色 : 綠色\r\n• 產品規格 : 33m/m\r\n• 型號：東方無聲派132\r\n• 單顆重量：17g\r\n• 整副重量：2.5Kg\r\n\r\n\r\n\r\n注意事項：\r\n\r\n1.由於麻將/象棋/筒子，是由人工排列放進盒內，收到貨之後請立即檢查麻將牌列是否正確，以及是否有短缺情形，輕微污漬可先嘗試使用酒精或是去漬油稍作清潔，若有發現多、少顆或配件短缺破損，請立即連繫賣家，若造成任何財物損失，本司皆無責任~\r\n\r\n2.247是電動桌專用的麻將，當然也可以手打，不過就沒有附贈方向環(搬風)跟骰子，有需要的可以購~\r\n\r\n【鑑賞期規範】 \r\n\r\n本商城購物享有15天鑑賞期，若商品因消費者個人不當使用拆卸產生人為因素造成故障、損毀、磨損、擦傷、刮傷、髒污、包裝破損不完整者，或是附配件不齊者，恕不接受退貨', '1', 1, 18, 2290, '2024-06-03', NULL, '2024-06-03', NULL, '010.jpg'),
(11, '麻將組 283尊品竹絲麻將-34mm（黑）', '編 號 : 283\r\n顏 色 : 黑\r\n規 格 : 34mm\r\n材 質 : 尿素\r\n\r\n【鑑賞期規範】 \r\n本商城購物享有15天鑑賞期，若商品因消費者個人不當使用拆卸產生人為因素造成故障、損毀、磨損、擦傷、刮傷、髒污、包裝破損不完整者，或是附配件不齊者，恕不接受退貨\r\n\r\n*店家保留訂單接受與否權力，不便之處敬請見諒。', '1', 1, 25, 1890, '2024-06-03', NULL, '2024-06-03', NULL, '011.webp'),
(12, '麻將組 34mm至尊竹紋 尿素材質 192', '東方不敗麻將 34mm至尊竹紋 尿素材質 192\r\n\r\n編 號 : 192\r\n顏 色 : 綠\r\n規 格 : 34mm\r\n材 質 : 尿素\r\n\r\n注意事項：\r\n1.由於麻將是由人工排列放進盒內的，收到貨之後請立即檢查是否有短缺情形，並向我們連繫反應，如因此造成財務、物品上的損失，本公司不負擔任何責任。\r\n\r\n\r\n【鑑賞期規範】 \r\n本商城購物享有15天鑑賞期，若商品因消費者個人不當使用拆卸產生人為因素造成故障、損毀、磨損、擦傷、刮傷、髒污、包裝破損不完整者，或是附配件不齊者，恕不接受退貨', '1', 1, 0, 1790, '2024-06-03', '2024-06-06', '2024-06-03', NULL, '012.jpg'),
(13, '麻將 181盤石竹紋-加重版 34mm', '東方不敗麻將 34mm加重 181磐石竹絲\r\n\r\n特性：\r\n1.加大34mm。\r\n2.加重手感好(但洗牌比較累)。\r\n3.直角牌/重心穩/好拿好打不易翻。\r\n4.尿素材質、耐打。\r\n\r\n\r\n品 牌：東方不敗\r\n編 號 : 181\r\n顏 色 : 綠\r\n格 : 34mm\r\n材 質 : 尿素\r\n\r\n\r\n\r\n【鑑賞期規範】 \r\n\r\n本商城購物享有15天鑑賞期，若商品因消費者個人不當使用拆卸產生人為因素造成故障、損毀、磨損、擦傷、刮傷、髒污、包裝破損不完整者，或是附配件不齊者，恕不接受退貨', '1', 1, 18, 2090, '2024-06-03', NULL, '2024-06-03', NULL, '013.jpg'),
(14, '麻將 尊品竹絲麻將 36mm(手打) 綠色 284', '東方不敗麻將 尊品竹絲麻將 36mm(手打) 綠色 284\r\n\r\n***白色部分為乳白色，材質較佳\r\n\r\n\r\n\r\n商品名稱：尊品竹絲麻將\r\n顏色：綠\r\n大小：36mm\r\n材質 : 尿素\r\n\r\n\r\n注意事項：\r\n\r\n1.由於麻將/象棋/筒子，是由人工排列放進盒內，收到貨之後請立即檢查麻將牌列是否正確，以及是否有短缺情形，輕微污漬可先嘗試使用酒精或是去漬油稍作清潔，若有發現多、少顆或配件短缺破損，請立即連繫賣家，若造成任何財物損失，本司皆無責任~\r\n\r\n【鑑賞期規範】 \r\n\r\n本商城購物享有15天鑑賞期，若商品因消費者個人不當使用拆卸產生人為因素造成故障、損毀、磨損、擦傷、刮傷、髒污、包裝破損不完整者，或是附配件不齊者，恕不接受退貨', '1', 1, 17, 1990, '2024-06-03', NULL, '2024-06-03', NULL, '014.jpg'),
(15, '麻將 143 東方大竹紋 34mm', '東方不敗麻將 143東方大竹紋 過年必備 玩家PRO級 直角牌 34mm\r\n\r\n\r\n34mm比標準的麻將稍為大一些，是近年專業級麻將玩家的新寵兒~\r\n\r\n\r\n143東方大竹紋\r\n編 號 : 143\r\n顏 色 : 綠、蘋果綠、灰\r\n規 格 : 34mm材 \r\n質 : 尿素\r\n單顆重量：27G左右\r\n\r\n\r\n\r\n【鑑賞期規範】 \r\n\r\n本商城購物享有15天鑑賞期，若商品因消費者個人不當使用拆卸產生人為因素造成故障、損毀、磨損、擦傷、刮傷、髒污、包裝破損不完整者，或是附配件不齊者，恕不接受退貨', '1', 1, 0, 1790, '2024-06-03', NULL, '2024-06-03', NULL, '015.jpg'),
(16, '麻將 214岩石竹紋-加重版 34mm', '方不敗麻將 214岩石竹紋-加重版 玩家級34mm 尿素-加鉛加重\r\n\r\n很多人問214跟228有什麼差別?\r\n就是PRO專家級跟AM業餘級的差別！\r\n兩者雖然都是34MM加重款，但214是直角牌，228是圓角牌，直角牌可以站得更穩，不會因為撞到桌角、或是太激動而不小心翻牌；正所謂麻將方方照四方、如果放槍不能紅著眼，那自摸是否能夠紅著臉?\r\n以箇中高手、實力在伯仲之間麻將團來說，倒牌的一瞬間可是相當致命的！輸錢是小事、掉漆丟面子是大事，所以東方不敗的214是很多麻將老手的指定款。\r\n\r\n214岩石竹紋-加重版\r\n編 號 : 214\r\n顏 色 : 綠、蘋果綠、灰\r\n規 格 : 34mm\r\n材 質 : 尿素-加鉛加重\r\n\r\n注意事項：\r\n1.由於麻將是由人工排列放進盒內的，收到貨之後請立即檢查是否有短缺情形，並向我們連繫反應，如因此造成財務、物品上的損失，本公司不負擔任何責任。\r\n\r\n\r\n【鑑賞期規範】 \r\n本商城購物享有15天鑑賞期，若商品因消費者個人不當使用拆卸產生人為因素造成故障、損毀、磨損、擦傷、刮傷、髒污、包裝破損不完整者，或是附配件不齊者，恕不接受退貨', '1', 1, 15, 2090, '2024-06-03', NULL, '2024-06-03', NULL, '016.jpg'),
(17, '麻將 136東方巨無霸 36mm', '東方不敗麻將 東方巨無霸 36mm大尺碼 加大手感更好\r\n\r\n\r\n品名：麻將(手打)\r\n編 號 : 136\r\n顏 色 : 牙色、藍色、橘黃色、綠色\r\n規 格 : 36mm\r\n材 質 : 尿素\r\n單顆大小：寬2.75 高3.6 深2 CM\r\n\r\n\r\n\r\n注意事項：\r\n\r\n由於麻將/象棋/筒子，是由人工排列放進盒內，收到貨之後請立即檢查麻將牌列是否正確，以及是否有短缺情形，輕微污漬可先嘗試使用酒精或是去漬油稍作清潔，若有發現多、少顆或配件短缺破損，請立即連繫賣家，若造成任何財物損失，本司皆無責任~\r\n\r\n\r\n【鑑賞期規範】 \r\n\r\n本商城購物享有15天鑑賞期，若商品因消費者個人不當使用拆卸產生人為因素造成故障、損毀、磨損、擦傷、刮傷、髒污、包裝破損不完整者，或是附配件不齊者，恕不接受退貨', '1', 1, 12, 1890, '2024-06-03', NULL, '2024-06-03', NULL, '017.jpg'),
(18, '麻將組 尊品竹絲34mm 164', '東方不敗麻將組 尊品竹絲34mm\r\n\r\n編 號 :164\r\n顏 色 : 青\r\n規 格 : 34mm\r\n材 質 : 尿素\r\n\r\n注意事項：\r\n\r\n1.由於麻將是由人工排列放進盒內的，收到貨之後請立即檢查是否有短缺情形，並向我們連繫反應，如因此造成財務、物品上的損失，本公司不負擔任何責任。\r\n\r\n【鑑賞期規範】 \r\n\r\n本商城購物享有15天鑑賞期，若商品因消費者個人不當使用拆卸產生人為因素造成故障、損毀、磨損、擦傷、刮傷、髒污、包裝破損不完整者，或是附配件不齊者，恕不接受退貨', '1', 1, 23, 1690, '2024-06-03', NULL, '2024-06-03', NULL, '018.jpg'),
(19, '麻將組 尊品竹絲 34mm 牙白色 275', '東方不敗麻將組 尊品竹絲 34mm 牙白色 275\r\n\r\n\r\n商品名稱：尊品竹絲麻將\r\n顏色：牙白色\r\n大小：34mm\r\n材質 : 尿素\r\n附贈：搬風、骰子\r\n編號：275\r\n\r\n\r\n\r\n注意事項：\r\n\r\n1.由於麻將/象棋/筒子，是由人工排列放進盒內，收到貨之後請立即檢查麻將牌列是否正確，以及是否有短缺情形，輕微污漬可先嘗試使用酒精或是去漬油稍作清潔，若有發現多、少顆或配件短缺破損，請立即連繫賣家，若造成任何財物損失，本司皆無責任~\r\n\r\n\r\n【鑑賞期規範】 \r\n\r\n本商城購物享有15天鑑賞期，若商品因消費者個人不當使用拆卸產生人為因素造成故障、損毀、磨損、擦傷、刮傷、髒污、包裝破損不完整者，或是附配件不齊者，恕不接受退貨', '1', 1, 24, 1790, '2024-06-03', NULL, '2024-06-03', NULL, '019.jpg'),
(20, '麻將組 276方玉竹皮-34mm(透白)', '編 號 : 276\r\n顏 色 : 透白\r\n規 格: 34mm\r\n材 質 : 尿素\r\n\r\n【鑑賞期規範】 \r\n本商城購物享有15天鑑賞期，若商品因消費者個人不當使用拆卸產生人為因素造成故障、損毀、磨損、擦傷、刮傷、髒污、包裝破損不完整者，或是附配件不齊者，恕不接受退貨\r\n\r\n*店家保留訂單接受與否權力，不便之處敬請見諒。', '1', 1, 28, 1590, '2024-06-03', NULL, '2024-06-03', NULL, '020.webp'),
(21, '麻將 33MM麻將組 333', '東方不敗麻將 33MM麻將組 竹絲綠色 尿素材質/附贈搬風與骰子\r\n\r\n\r\n編 號 :333\r\n顏 色 : 綠\r\n規 格 : 33mm\r\n材 質 : 尿素\r\n\r\n\r\n注意事項：\r\n\r\n1.由於麻將是由人工排列放進盒內的，收到貨之後請立即檢查是否有短缺情形，並向我們連繫反應，如因此造成財務、物品上的損失，本公司不負擔任何責任。\r\n\r\n\r\n【鑑賞期規範】 \r\n\r\n本商城購物享有15天鑑賞期，若商品因消費者個人不當使用拆卸產生人為因素造成故障、損毀、磨損、擦傷、刮傷、髒污、包裝破損不完整者，或是附配件不齊者，恕不接受退貨', '1', 1, 30, 1290, '2024-06-03', NULL, '2024-06-03', NULL, '021.jpg'),
(22, '麻將組 999精選系列 竹絲麻將-34MM', '編 號 : 999\r\n顏 色 : 綠規\r\n規 格: 34mm\r\n材 質 : 尿素\r\n\r\n\r\n【鑑賞期規範】 \r\n本商城購物享有15天鑑賞期，若商品因消費者個人不當使用拆卸產生人為因素造成故障、損毀、磨損、擦傷、刮傷、髒污、包裝破損不完整者，或是附配件不齊者，恕不接受退貨\r\n\r\n*店家保留訂單接受與否權力，不便之處敬請見諒。', '1', 1, 20, 999, '2024-06-03', NULL, '2024-06-03', NULL, '022.webp'),
(23, '凱蒂貓 旅行麻將 迷你麻將 154', '品牌：東方不敗\r\n品名：凱蒂貓旅行麻將組\r\n內容物：手提收納盒x1、迷你麻將一副、專用牌尺x4、空白麻將x2、骰子x1、搬風x1\r\n麻將大小：約寬1.4、深1.1、高2 公分\r\n重量：單顆約4g、整副含盒裝約942g\r\n\r\n\r\n\r\n注意事項：\r\n\r\n1.由於麻將是由人工排列放進盒內的，收到貨之後請立即檢查是否有短缺情形，並向我們連繫反應，如因此造成財務、\r\n\r\n   物品上的損失，本公司不負擔任何責任。\r\n\r\n\r\n\r\n【統一發票】\r\n\r\n由蝦皮代開發票，若有發票問題請致電客服專線02-6636-6559\r\n\r\n\r\n\r\n【鑑賞期規範】 \r\n\r\n本商城購物享有15天鑑賞期，若商品因消費者個人不當使用拆卸產生人為因素造成故障、損毀、磨損、擦傷、刮傷、髒污、包裝破損不完整者，或是附配件不齊者，恕不接受退貨', '1', 1, 13, 699, '2024-06-03', NULL, '2024-06-03', NULL, '023.webp'),
(24, '2023-Hello Kitty極簡主義', '✦東方不敗 x Hello Kitty2023年最新款授權麻將✦\r\n灰款極簡主義手打麻將！\r\n適合外出打麻將旅行組、麻將送禮\r\n凱蒂貓麻將讓人愛不釋手！\r\n\r\n\r\n\r\n注意事項：\r\n\r\n1.由於麻將/象棋/筒子，是由人工排列放進盒內，收到貨之後請立即檢查麻將牌列是否正確，以及是否有短缺情形，輕微污漬可先嘗試使用酒精或是去漬油稍作清潔，若有發現多、少顆或配件短缺破損，請立即連繫賣家，若造成任何財物損失，本司皆無責任~\r\n\r\n2.247是電動桌專用的麻將，當然也可以手打，不過就沒有附贈方向環(搬風)跟骰子，有需要的可以購~\r\n\r\n\r\n\r\n【統一發票】\r\n\r\n由蝦皮代開發票，若有發票問題請致電客服專線02-6636-6559\r\n\r\n\r\n\r\n【鑑賞期規範】 \r\n\r\n本商城購物享有15天鑑賞期，若商品因消費者個人不當使用拆卸產生人為因素造成故障、損毀、磨損、擦傷、刮傷、髒污、包裝破損不完整者，或是附配件不齊者，恕不接受退貨\r\n\r\n商品評價', '1', 1, 15, 1500, '2024-06-03', NULL, '2024-06-03', NULL, '024.webp'),
(25, '蛋黃哥懶得打麻將組', '✦東方不敗 x 蛋黃哥懶得打麻將組麻將✦\r\n超可愛蛋黃哥麻將\r\n卡通風格麻將，麻將送禮超體面\r\n\r\n內容物：手提收納盒x1、迷你麻將一副、專用牌尺x4、空白麻將x2、骰子x1、搬風x1\r\n\r\n注意事項：\r\n\r\n1.由於麻將是由人工排列放進盒內的，收到貨之後請立即檢查是否有短缺情形，並向我們連繫反應，如因此造成財務、\r\n\r\n   物品上的損失，本公司不負擔任何責任。\r\n\r\n\r\n\r\n【統一發票】\r\n\r\n由蝦皮代開發票，若有發票問題請致電客服專線02-6636-6559\r\n\r\n\r\n\r\n【鑑賞期規範】 \r\n\r\n本商城購物享有15天鑑賞期，若商品因消費者個人不當使用拆卸產生人為因素造成故障、損毀、磨損、擦傷、刮傷、髒污、包裝破損不完整者，或是附配件不齊者，恕不接受退貨', '1', 1, 21, 2200, '2024-06-03', NULL, '2024-06-03', NULL, '025.webp'),
(26, '2020 Hello Kitty繁花似雨麻將組', '品牌：東方不敗\r\n\r\n品名：2020 Hello Kitty繁花似雨麻將組\r\n\r\n內容物：手提收納盒x1、迷你麻將一副、專用牌尺x4、空白麻將x2、骰子x1、搬風x1\r\n\r\n麻將大小：約寬1.4、深1.1、高2 公分\r\n\r\n重量：單顆約4g、整副含盒裝約942g\r\n\r\n\r\n\r\n注意事項：\r\n\r\n1.由於麻將是由人工排列放進盒內的，收到貨之後請立即檢查是否有短缺情形，並向我們連繫反應，如因此造成財務、物品上的損失，本公司不負擔任何責任。\r\n\r\n\r\n\r\n【鑑賞期規範】 \r\n\r\n本商城購物享有15天鑑賞期，若商品因消費者個人不當使用拆卸產生人為因素造成故障、損毀、磨損、擦傷、刮傷、髒污、包裝破損不完整者，或是附配件不齊者，恕不接受退貨', '1', 1, 9, 2800, '2024-06-03', NULL, '2024-06-03', NULL, '026.webp'),
(27, 'Duncan麻將套裝組-34mm', '✦東方不敗 x Duncan麻將套裝組麻將✦\r\n34mm麻將\r\n風格麻將，麻將送禮超體面\r\n\r\n內容物：手提收納盒x1、迷你麻將一副、專用牌尺x4、空白麻將x2、骰子x3、搬風x1、籌碼一盒', '1', 1, 2, 2980, '2024-06-03', NULL, '2024-06-03', NULL, '027.webp'),
(28, 'Duncan麻將套裝組-電動桌兩用款36mm', '✦東方不敗 x Duncan麻將套裝組麻將✦\r\n電動桌兩用款36mm麻將\r\n風格麻將，麻將送禮超體面\r\n\r\n內容物：手提收納盒x1、迷你麻將一副、專用牌尺x4、空白麻將x2、骰子x3、搬風x1、籌碼一盒', '1', 1, 2, 3080, '2024-06-03', NULL, '2024-06-03', NULL, '028.webp'),
(29, '好想兔麻將組34mm', '✦東方不敗 x 好想兔麻將組授權麻將✦\r\n34mm麻將\r\n粉色風格麻將，超可愛麻將組\r\n麻將送禮超體面\r\n\r\n內容物：手提收納盒x1、迷你麻將一副、專用牌尺x4、空白麻將x2、骰子x3、搬風x1', '1', 1, 0, 3480, '2024-06-03', '2024-06-06', '2024-06-03', NULL, '029.jpg'),
(30, 'Hello Kitty 36mm 粉/紫 電動麻將桌專用', '各就各位🤟🤟電動版的Hello Kitty終於啦~~~🤣\r\n\r\n看得到又買得到，100%現貨供應中！\r\n\r\n手動再升級！👏\r\n\r\n這一款「電動麻將桌」/「手打麻將桌」都適用\r\n\r\n趕快下訂讓我們加速將Kitty送到你面前~\r\n\r\n\r\n\r\n顏 色 : 粉、紫\r\n\r\n規 格 : 36mm\r\n\r\n材 質 : 尿素\r\n\r\n大小：寬2.5 高3.6 深1.9 CM\r\n\r\n單顆重量：約29G\r\n\r\n總重量(不含包裝)：約4.2公斤\r\n\r\n內容物：凱蒂貓麻將一副、專用收納袋一個\r\n\r\n\r\n\r\n注意事項：\r\n\r\n1.由於麻將/象棋/筒子，是由人工排列放進盒內，收到貨之後請立即檢查麻將牌列是否正確，以及是否有短缺情形，輕微污漬可先嘗試使用酒精或是去漬油稍作清潔，若有發現多、少顆或配件短缺破損，請立即連繫賣家，若造成任何財物損失，本司皆無責任~\r\n\r\n\r\n\r\n【鑑賞期規範】 \r\n\r\n本商城購物享有15天鑑賞期，若商品因消費者個人不當使用拆卸產生人為因素造成故障、損毀、磨損、擦傷、刮傷、髒污、包裝破損不完整者，或是附配件不齊者，恕不接受退貨', '1', 1, 20, 2800, '2024-06-03', NULL, '2024-06-03', NULL, '030.jpg'),
(31, '麻將 電動麻將桌專用 (竹絲版) 36mm', 'NO:247 台灣竹絲版 手打/電動兩用麻將(附專用收納袋)\r\n\r\n雖然是電動麻將桌專用牌，但拿來一般手打也相當不賴，可當作34mm的來用，因為寬度是一樣、247只有高度比較高一點點，所以打起來手感是差不多的；不同的是247有獨家模具加厚不倒設計、精工拋光，好打又美觀，讓大家打牌都保持好心情~\r\n\r\n\r\n\r\n顏 色 : 綠、蘋、藍、紫、紅、粉、青、黃、灰、牙、奶茶、黑\r\n\r\n規 格 : 36mm\r\n\r\n材 質 : 尿素-竹絲\r\n\r\n贈品：收納袋\r\n\r\n(因為是電動桌專用的，所以除了蘋果綠以外的沒有附收納盒。)\r\n\r\n\r\n\r\n電動麻將桌專用36mm麻將牌(正磁)\r\n\r\n• 標準台灣字體加深\r\n\r\n• 獨家模具加厚不倒設計\r\n\r\n• 銷售單位: 每副\r\n\r\n• 單顆重量：約30g +-2\r\n\r\n• 整副重量：約4240g\r\n\r\n• 單顆大小：寬2.5 高3.6 深1.9 CM\r\n\r\n\r\n\r\n注意事項：\r\n\r\n1.由於麻將/象棋/筒子，是由人工排列放進盒內，收到貨之後請立即檢查麻將牌列是否正確，以及是否有短缺情形，輕微污漬可先嘗試使用酒精或是去漬油稍作清潔，若有發現多、少顆或配件短缺破損，請立即連繫賣家，若造成任何財物損失，本司皆無責任~\r\n\r\n2.247是電動桌專用的麻將，當然也可以手打，不過就沒有附贈方向環(搬風)跟骰子，有需要的可以購~\r\n\r\n\r\n\r\n【統一發票】\r\n\r\n由蝦皮代開發票，若有發票問題請致電客服專線02-6636-6559\r\n\r\n\r\n\r\n【鑑賞期規範】 \r\n\r\n本商城購物享有15天鑑賞期，若商品因消費者個人不當使用拆卸產生人為因素造成故障、損毀、磨損、擦傷、刮傷、髒污、包裝破損不完整者，或是附配件不齊者，恕不接受退貨。\r\n\r\n', '1', 1, 20, 2200, '2024-06-03', NULL, '2024-06-03', NULL, '031.jpg'),
(32, '電動麻將桌專用牌-美式版 36MM 274', '東方不敗 電動麻將桌專用牌-美式版 36MM\r\n\r\n顏 色 : 青、綠\r\n規 格 : 36mm\r\n\r\n【鑑賞期規範】 \r\n\r\n本商城購物享有15天鑑賞期，若商品因消費者個人不當使用拆卸產生人為因素造成故障、損毀、磨損、擦傷、刮傷、髒污、包裝破損不完整者，或是附配件不齊者，恕不接受退貨', '1', 1, 20, 2200, '2024-06-03', NULL, '2024-06-03', NULL, '032.webp'),
(33, '電動麻將桌專用牌 (文青版)', '電動麻將桌專用牌 (文青版) 無收納盒/送收納袋\r\n\r\n電動麻將桌專用配件\r\n\r\n\r\n\r\n• 電動麻將桌專用36mm麻將牌(正磁)\r\n\r\n• 獨家模具加厚不倒設計\r\n\r\n• 銷售單位： 每副\r\n\r\n• 單顆重量：約30g +-2\r\n\r\n• 整副重量：約4240g\r\n\r\n• 單顆大小：寬2.5 高3.6 深1.9 CM\r\n\r\n• 顏 色 : 青、灰\r\n\r\n• 運 送 : 免運費\r\n\r\n\r\n\r\n\r\n\r\n注意事項：\r\n\r\n1.由於麻將是由人工排列放進盒內的，收到貨之後請立即檢查是否有短缺情形，並向我們連繫反應，如因此造成財務、\r\n\r\n   物品上的損失，本公司不負擔任何責任。\r\n\r\n\r\n\r\n【統一發票】\r\n\r\n由蝦皮代開發票，若有發票問題請致電客服專線02-6636-6559\r\n\r\n\r\n\r\n【鑑賞期規範】 \r\n\r\n本商城購物享有15天鑑賞期，若商品因消費者個人不當使用拆卸產生人為因素造成故障、損毀、磨損、擦傷、刮傷、髒污、包裝破損不完整者，或是附配件不齊者，恕不接受退貨', '1', 1, 25, 2500, '2024-06-03', NULL, '2024-06-03', NULL, '033.jpg'),
(34, '電動麻將桌專用牌-東方不敗LOGO版', '電動麻將桌專用牌-東方不敗LOGO版(無收納盒/附收納袋)\r\n\r\n• 電動麻將桌專用36mm麻將牌(正磁)\r\n\r\n• 標準台灣字體加深\r\n\r\n• 獨家模具加厚不倒設計\r\n\r\n• 銷售單位: 每副\r\n\r\n• 單顆重量：約30g +-2\r\n\r\n• 整副重量：約4240g\r\n\r\n• 單顆大小：寬2.5 高3.6 深1.9 CM\r\n\r\n\r\n\r\n注意事項：\r\n\r\n1.由於麻將/象棋/筒子，是由人工排列放進盒內，收到貨之後請立即檢查麻將牌列是否正確，以及是否有短缺情形，輕微污漬可先嘗試使用酒精或是去漬油稍作清潔，若有發現多、少顆或配件短缺破損，請立即連繫賣家，若造成任何財物損失，本司皆無責任~\r\n\r\n\r\n\r\n【統一發票】\r\n\r\n由蝦皮代開發票，若有發票問題請致電客服專線02-6636-6559\r\n\r\n\r\n\r\n【鑑賞期規範】 \r\n\r\n本商城購物享有15天鑑賞期，若商品因消費者個人不當使用拆卸產生人為因素造成故障、損毀、磨損、擦傷、刮傷、髒污、包裝破損不完整者，或是附配件不齊者，恕不接受退貨\r\n\r\n', '1', 1, 24, 2200, '2024-06-03', NULL, '2024-06-03', NULL, '034.jpg'),
(35, '電動麻將桌專用牌-日本版', '東方不敗電動麻將桌專用牌-日本版\r\n\r\n顏 色 : 藍、黃\r\n\r\n【鑑賞期規範】 \r\n\r\n本商城購物享有15天鑑賞期，若商品因消費者個人不當使用拆卸產生人為因素造成故障、損毀、磨損、擦傷、刮傷、髒污、包裝破損不完整者，或是附配件不齊者，恕不接受退貨', '1', 1, 20, 3000, '2024-06-03', NULL, '2024-06-03', NULL, '035.webp'),
(36, '極光牌尺系列 34mm 1黑3銀', '極光牌尺系列 34mm\r\n\r\n顏 色 :1黑3銀\r\n\r\n規 格 : 46.5CM\r\n\r\n材 質 : 塑膠\r\n\r\nNT$220\r\n\r\n\r\n\r\n\r\n\r\n【統一發票】\r\n\r\n由蝦皮代開發票，若有發票問題請致電客服專線02-6636-6559\r\n\r\n\r\n\r\n【鑑賞期規範】 \r\n\r\n本商城購物享有15天鑑賞期，若商品因消費者個人不當使用拆卸產生人為因素造成故障、損毀、磨損、擦傷、刮傷、髒污、包裝破損不完整者，或是附配件不齊者，恕不接受退貨', '1', 2, 29, 220, '2024-06-03', NULL, '2024-06-03', NULL, '036.jpg'),
(37, '極光牌尺系列 34mm 1黑3白', '極光牌尺系列 34mm\r\n\r\n顏 色 :1黑3白\r\n\r\n規 格 : 46.5CM\r\n\r\n材 質 : 塑膠\r\n\r\nNT$220\r\n\r\n\r\n\r\n\r\n【鑑賞期規範】 \r\n\r\n本商城購物享有15天鑑賞期，若商品因消費者個人不當使用拆卸產生人為因素造成故障、損毀、磨損、擦傷、刮傷、髒污、包裝破損不完整者，或是附配件不齊者，恕不接受退貨', '1', 2, 17, 220, '2024-06-03', NULL, '2024-06-03', NULL, '037.jpg'),
(38, '極光牌尺系列 34mm 1銀3黑', '極光牌尺系列 34mm\r\n\r\n顏 色 : 1銀3黑\r\n\r\n規 格 : 46.5CM\r\n\r\n材 質 : 塑膠\r\n\r\n\r\n\r\n注意：\r\n\r\n1.因為是壓克力/塑膠材質，在包裝或是運送中難免表面產生細微刮痕，但不影響使用喔~\r\n\r\n2.側邊會有細微痕跡，也不影響使用。\r\n\r\n\r\n\r\n【配送須知】\r\n\r\n如需配送外島或特殊地區，請先聊聊詢問\r\n\r\n\r\n【鑑賞期規範】 \r\n\r\n本商城購物享有15天鑑賞期，若商品因消費者個人不當使用拆卸產生人為因素造成故障、損毀、磨損、擦傷、刮傷、髒污、包裝破損不完整者，或是附配件不齊者，恕不接受退貨\r\n\r\n\r\n\r\n*店家保留訂單接受與否權力，不便之處敬請見諒。', '1', 2, 14, 220, '2024-06-03', NULL, '2024-06-03', NULL, '038.jpg'),
(39, '極光牌尺系列 34mm 1銀3白', '顏 色 : 1銀3白\r\n\r\n規 格 : 46.5CM\r\n\r\n材 質 : 塑膠\r\n\r\nNT$220\r\n\r\n\r\n【鑑賞期規範】 \r\n\r\n本商城購物享有15天鑑賞期，若商品因消費者個人不當使用拆卸產生人為因素造成故障、損毀、磨損、擦傷、刮傷、髒污、包裝破損不完整者，或是附配件不齊者，恕不接受退貨', '1', 2, 16, 220, '2024-06-03', NULL, '2024-06-03', NULL, '039.jpg'),
(40, '極光牌尺系列 34mm 1白3黑', '極光牌尺系列 34mm\r\n\r\n顏 色 :1白3黑\r\n\r\n規 格 : 46.5CM\r\n\r\n材 質 : 塑膠\r\n\r\nNT$220\r\n\r\n\r\n\r\n【鑑賞期規範】 \r\n\r\n本商城購物享有15天鑑賞期，若商品因消費者個人不當使用拆卸產生人為因素造成故障、損毀、磨損、擦傷、刮傷、髒污、包裝破損不完整者，或是附配件不齊者，恕不接受退貨', '1', 2, 10, 220, '2024-06-03', NULL, '2024-06-03', NULL, '040.jpg'),
(41, '踏雪尋梅壓克力牌尺', '踏雪尋梅壓克力牌尺\r\n\r\n顏 色 : 一白三黑\r\n\r\n規 格 : 46.5CM\r\n\r\n材 質 : 壓克力\r\n\r\n\r\n\r\n本產品為水轉印工藝 , 表面紋路每一支都不一樣 , 圖片僅供參考\r\n\r\n\r\n\r\n\r\n【鑑賞期規範】 \r\n\r\n本商城購物享有15天鑑賞期，若商品因消費者個人不當使用拆卸產生人為因素造成故障、損毀、磨損、擦傷、刮傷、髒污、包裝破損不完整者，或是附配件不齊者，恕不接受退貨\r\n\r\n\r\n\r\n【鑑賞期規範】 \r\n\r\n本商城購物享有15天鑑賞期，若商品因消費者個人不當使用拆卸產生人為因素造成故障、損毀、磨損、擦傷、刮傷、髒污、包裝破損不完整者，或是附配件不齊者，恕不接受退貨', '1', 2, 10, 750, '2024-06-03', NULL, '2024-06-03', NULL, '041.jpg'),
(42, '潑墨山水壓克力牌尺', '潑墨山水壓克力牌尺\r\n\r\n顏 色 : 一黑三白\r\n\r\n規 格 : 46.5CM\r\n\r\n材 質 : 壓克力\r\n\r\n\r\n\r\n注意：\r\n\r\n本產品為水轉印工藝 , 表面紋路每一支都不一樣 , 圖片僅供參考。\r\n\r\n因為是材質關係，在包裝或是運送中難免表面產生細微刮痕，但不影響使用喔~\r\n\r\n', '1', 2, 7, 750, '2024-06-03', NULL, '2024-06-03', NULL, '042.jpg'),
(43, '南美花梨木壓克力牌尺', '✦東方不敗x南美花梨木壓克力麻將牌尺✦\r\n\r\n牌尺顏色一深三淺\r\n\r\n採水轉印工藝，牌尺紋路獨一無二\r\n\r\n顏 色 : 一深三淺\r\n\r\n規 格 : 46.5CM\r\n\r\n材 質 : 壓克力\r\n\r\n牌尺售價750\r\n\r\n\r\n\r\n注意：\r\n\r\n本產品為水轉印工藝 , 表面紋路每一支都不一樣 , 圖片僅供參考。\r\n\r\n因為是材質關係，在包裝或是運送中難免表面產生細微刮痕，但不影響使用喔~\r\n\r\n\r\n\r\n【鑑賞期規範】 \r\n\r\n本商城購物享有15天鑑賞期，若商品因消費者個人不當使用拆卸產生人為因素造成故障、損毀、磨損、擦傷、刮傷、髒污、包裝破損不完整者，或是附配件不齊者，恕不接受退貨', '1', 2, 13, 750, '2024-06-03', NULL, '2024-06-03', NULL, '043.jpg'),
(44, 'Xctrl聯名牌尺_金運加身不倒翁 34mm/46.5公分', '東方不敗 × Xctrl聯名牌尺_金運加身不倒翁\r\n\r\n顏色：一黑三白\r\n\r\n規格：46.5x3x0.5 \r\n\r\n材質：耐衝擊材質\r\n\r\n\r\n\r\n【統一發票】\r\n\r\n由蝦皮代開發票，若有發票問題請致電客服專線02-6636-6559\r\n\r\n\r\n\r\n【鑑賞期規範】 \r\n\r\n本商城購物享有15天鑑賞期，若商品因消費者個人不當使用拆卸產生人為因素造成故障、損毀、磨損、擦傷、刮傷、髒污、包裝破損不完整者，或是附配件不齊者，恕不接受退貨', '1', 2, 39, 250, '2024-06-03', NULL, '2024-06-03', NULL, '044.jpg'),
(45, '34mm輸不起牌尺 塑膠耐衝擊材質 182', '輸不起牌尺『明星代言聯名款』\r\n\r\n材質：塑膠耐衝擊材質\r\n\r\n尺寸：34mm / 長46.5 寬3 厚0.5 公分\r\n\r\n每組數量：4支一組\r\n\r\n\r\n\r\n注意：\r\n\r\n1.因為是壓克力/塑膠材質，在包裝或是運送中難免表面產生細微刮痕，但不影響使用喔~\r\n\r\n2.側邊會有細微痕跡，也不影響使用。\r\n\r\n\r\n\r\n【配送須知】\r\n\r\n如需配送外島或特殊地區，請先聊聊詢問\r\n\r\n\r\n\r\n【統一發票】\r\n\r\n由蝦皮代開發票，若有發票問題請致電客服專線02-6636-6559\r\n\r\n\r\n\r\n【鑑賞期規範】 \r\n\r\n本商城購物享有15天鑑賞期，若商品因消費者個人不當使用拆卸產生人為因素造成故障、損毀、磨損、擦傷、刮傷、髒污、包裝破損不完整者，或是附配件不齊者，恕不接受退貨\r\n\r\n\r\n\r\n*店家保留訂單接受與否權力，不便之處敬請見諒。', '1', 2, 82, 250, '2024-06-03', NULL, '2024-06-03', NULL, '045.jpg'),
(46, 'Xctrl聯名牌尺_染井吉野櫻花粉 34mm/46.5公分', '東方不敗 × Xctrl聯名牌尺_染井吉野櫻花粉\r\n\r\n顏 色 : 一白三粉 \r\n\r\n規 格 : 46.5x3x0.5\r\n\r\n材 質 : 耐衝擊材質\r\n\r\n適用：34mm手打麻將、東方36mm電動桌專用麻將\r\n\r\n注意：因為是塑膠耐衝擊材質，在包裝或是運送中難免表面產生細微刮痕，但不影響使用喔~\r\n\r\n\r\n\r\n\r\n【鑑賞期規範】 \r\n\r\n本商城購物享有15天鑑賞期，若商品因消費者個人不當使用拆卸產生人為因素造成故障、損毀、磨損、擦傷、刮傷、髒污、包裝破損不完整者，或是附配件不齊者，恕不接受退貨', '1', 2, 19, 250, '2024-06-03', NULL, '2024-06-03', NULL, '046.jpg'),
(47, '極致黑金Kitty牌尺', '東方不敗麻將牌尺推薦\r\nHelloKitty凱蒂貓黑金牌尺\r\n最愛凱蒂貓的質感麻將尺\r\n\r\n規格 : 46.5x3x0.5\r\n材質：耐衝擊材質', '1', 2, 20, 300, '2024-06-03', NULL, '2024-06-03', NULL, '047.webp'),
(48, '壓克力牌尺 34 mm-logo版', '東方不敗 手工雙色排尺 34mm 46.5cm 紅色/黃色\r\n\r\n\r\n\r\n品牌：東方不敗\r\n\r\n品名：手工雙色排尺\r\n\r\n尺寸：34mm(46.5cm)\r\n\r\n顏色: 顏色: 黃、紅、藍\r\n\r\n\r\n注意：\r\n\r\n因為是壓克力材質，在包裝或是運送中難免表面產生細微刮痕，但不影響使用喔~\r\n\r\n\r\n\r\n【鑑賞期規範】 \r\n\r\n本商城購物享有15天鑑賞期，若商品因消費者個人不當使用拆卸產生人為因素造成故障、損毀、磨損、擦傷、刮傷、髒污、包裝破損不完整者，或是附配件不齊者，恕不接受退貨', '1', 2, 8, 250, '2024-06-03', NULL, '2024-06-03', NULL, '048.jpg'),
(49, '壓克力牌尺 34 mm', '顏色: 宇宙星、紅蘋果、藍太楊、黃太楊\r\n規 格 :  34 mm\r\n材 質 : 壓克力', '1', 2, 20, 260, '2024-06-03', NULL, '2024-06-03', NULL, '049.webp'),
(50, '湖水綠牌尺', '顏 色 : 一綠三灰\r\n規 格 : 45CM、46.5CM、50CM\r\n材 質 : 壓克力', '1', 2, 18, 200, '2024-06-03', NULL, '2024-06-03', NULL, '050.webp'),
(51, '壓克力牌尺  檸檬黃/櫻花粉/實用塑膠牌尺', '壓克力牌尺\r\n壓克力材質、經久耐用不龜裂、不缺角、不反光\r\n顏 色 : 檸檬黃/櫻花粉/塑膠\r\n規 格 : 46.5CM(34mm)\r\n材 質 : 壓克力\r\n\r\n注意：\r\n因為是壓克力材質，在包裝或是運送中難免表面產生細微刮痕，但不影響使用喔~\r\n\r\n\r\n【鑑賞期規範】 \r\n本商城購物享有15天鑑賞期，若商品因消費者個人不當使用拆卸產生人為因素造成故障、損毀、磨損、擦傷、刮傷、髒污、包裝破損不完整者，或是附配件不齊者，恕不接受退貨', '1', 2, 34, 210, '2024-06-03', NULL, '2024-06-03', NULL, '051.jpg'),
(52, 'Xctrl聯名必勝牌尺 34m麻將專用', '東方不敗 x Xctrl聯名牌尺_必勝版 一黑三白 34m麻將專用/總長46.4CM 塑膠材質\r\n\r\n編 號 : QT-188\r\n\r\n顏 色 : 一黑三白\r\n\r\n規 格 : 46.5CM\r\n\r\n材 質 : 塑膠\r\n\r\n\r\n\r\n注意：\r\n\r\n因為是塑膠材質，在包裝或是運送中難免表面產生細微刮痕，但不影響使用喔~\r\n\r\n\r\n\r\n\r\n\r\n\r\n【鑑賞期規範】 \r\n\r\n本商城購物享有15天鑑賞期，若商品因消費者個人不當使用拆卸產生人為因素造成故障、損毀、磨損、擦傷、刮傷、髒污、包裝破損不完整者，或是附配件不齊者，恕不接受退貨', '1', 2, 82, 250, '2024-06-03', NULL, '2024-06-03', NULL, '052.jpg'),
(53, 'Xctrl聯名牌尺_諸葛亮與臭皮匠 34mm', '東方不敗 × Xctrl聯名牌尺_諸葛亮與臭皮匠\r\n\r\n顏 色 : 一黑三黃\r\n\r\n規 格 : 46.5x3x0.5\r\n\r\n材 質 : 耐衝擊材質\r\n\r\n適用：34mm手打麻將、東方36mm電動桌專用麻將\r\n\r\n\r\n\r\n注意：因為是塑膠耐衝擊材質，在包裝或是運送中難免表面產生細微刮痕，但不影響使用喔~\r\n\r\n\r\n\r\n\r\n【鑑賞期規範】 \r\n\r\n本商城購物享有15天鑑賞期，若商品因消費者個人不當使用拆卸產生人為因素造成故障、損毀、磨損、擦傷、刮傷、髒污、包裝破損不完整者，或是附配件不齊者，恕不接受退貨', '1', 2, 79, 200, '0000-00-00', NULL, '2024-06-03', NULL, '053.jpg'),
(54, '金鑽壓克力牌尺 34mm QT-106', '東方不敗 34MM壓克力牌尺 耐打好看 莊家金其他銀 電動桌36MM也可用\r\n\r\n\r\n\r\n品牌：東方不敗\r\n\r\n品名：34MM金鑽壓克力牌尺\r\n\r\n產地：中國大陸\r\n\r\n尺寸：手打34MM、電動36MM\r\n\r\n材質：壓克力\r\n\r\n長度：46.5公分\r\n\r\n寬：3公分\r\n\r\n厚度：0.5公分\r\n\r\n注意事項：包裝運送途中難免產生細微刮痕、不影響使用，如要換貨依賣家判定為主，請斟酌自身接受度購買。\r\n\r\n\r\n\r\n\r\n【鑑賞期規範】 \r\n\r\n本商城購物享有15天鑑賞期，若商品因消費者個人不當使用拆卸產生人為因素造成故障、損毀、磨損、擦傷、刮傷、髒污、包裝破損不完整者，或是附配件不齊者，恕不接受退貨', '1', 2, 8, 250, '2024-06-03', NULL, '2024-06-03', NULL, '054.jpg'),
(55, '筒仔專用牌尺（二入）60 cm', '筒仔專用牌尺（二入）60 cm', '1', 2, 20, 160, '2024-06-03', NULL, '2024-06-03', NULL, '055.webp'),
(56, '塑膠牌尺(顏色隨機)', '34M塑膠排尺\r\n\r\n\r\n\r\n顏 色 : 透明\r\n\r\n規 格 : 45cm\r\n\r\n材 質 : 塑膠\r\n\r\n\r\n\r\n注意：\r\n\r\n因為是塑膠材質，在包裝或是運送中難免表面產生細微刮痕，但不影響使用喔~\r\n\r\n\r\n\r\n【統一發票】\r\n\r\n由蝦皮代開發票，若有發票問題請致電客服專線02-6636-6559\r\n\r\n\r\n\r\n【鑑賞期規範】 \r\n\r\n本商城購物享有15天鑑賞期，若商品因消費者個人不當使用拆卸產生人為因素造成故障、損毀、磨損、擦傷、刮傷、髒污、包裝破損不完整者，或是附配件不齊者，恕不接受退貨', '1', 2, 28, 50, '2024-06-03', NULL, '2024-06-03', NULL, '056.jpg'),
(57, '高品質牌尺', '壓克力牌尺\r\n長度約47.5CM\r\n顏色 : 一橘三白、一綠三白、一粉三白、一黃三白、一紫三白、純白(LOGO)、霧面(LOGO)', '1', 2, 80, 380, '2024-06-03', NULL, '2024-06-03', NULL, '057.webp'),
(58, '36牌專用壓克力高光牌尺', '壓克力牌尺\r\n\r\n耐用不易缺角龜裂、正反雙面材質(亮面、磨砂)\r\n\r\n顏 色 : 櫻花粉/海洋藍/螢光綠/4白\r\n\r\n規 格 : 465mm/30mm/5mm\r\n\r\n材 質 : 壓克力\r\n\r\n\r\n\r\n＊因壓克力材質，在包裝或運送中難免產生表面細微刮痕，此為正常情況，不影響使用。', '1', 2, 48, 300, '2024-06-03', NULL, '2024-06-03', NULL, '058.jpg'),
(59, '貳筒妹祇麻將牌尺', '45cm壓克力牌尺/適用36電動桌麻將\r\n\r\n貳筒妹祇/麻將周邊商品\r\n\r\n紙盒包裝，送禮自用兩相宜\r\n\r\n麻將館四處林立的時代\r\n\r\n怎麼能不擁有一把陪你四處征戰的牌尺？\r\n\r\n\r\n\r\n下班卡一打，戰爭就開始了老鐵\r\n\r\n若要大殺三方，必先與眾不同！\r\n\r\n\r\n\r\n//\r\n\r\n\r\n\r\n產品規格：\r\n\r\n長45x寬3x高0.5（cm)\r\n\r\n適用34mm手打麻將、36mm電桌麻將\r\n\r\n\r\n\r\n壓克力-材質升級\r\n\r\n耐用、耐摔，但不要拿來打小孩🙅🏻‍♂️\r\n\r\n\r\n\r\n5mm厚度-舒適手感\r\n\r\n相較傳統塑膠尺厚一些，更蘇湖\r\n\r\n\r\n\r\n傳統工藝-不掉色\r\n\r\n如同幫牌尺烤漆，外型更獨特\r\n\r\n\r\n\r\n⚠️ 清水擦拭即可，請勿使用酒精、化學清潔劑擦拭\r\n\r\n⚠️ 採人工技術製成，由於產品體積細長，側面上色不易非瑕疵，介意者請勿下單，不接受以此為由的退貨申請。', '3', 2, 105, 988, '2024-06-03', NULL, '2024-06-03', NULL, '059.jpg'),
(60, ' Xctrl聯名牌尺 千萬兩黃金在手', '東方不敗 × Xctrl聯名牌尺_千萬兩黃金在手\r\n\r\n顏 色 : 一黑三黃\r\n\r\n規 格 : 46.5x3x0.5\r\n\r\n材 質 : 耐衝擊材質\r\n\r\n適用：34mm手打麻將、東方36mm電動桌專用麻將\r\n\r\n\r\n\r\n注意：因為是塑膠耐衝擊材質，在包裝或是運送中難免表面產生細微刮痕，但不影響使用喔~', '1', 2, 0, 200, '2024-06-03', '2024-06-06', '2024-06-03', NULL, '060.jpg'),
(61, '麻將原木牌尺 木製 總長45cm 雷射雕刻字體', '⚡木的牌尺特點:\n\n✓必勝招財 ✓天然環保 ✓獨特\n\n天然木製牌尺拿在手中馬上成為大家的焦點，還可以雕刻自己專屬的必勝語錄\n\n\n\n🔻此賣場雕刻內容為固定文字\n\n\n\n🔻尺寸\n\n45cm X 3cm X6mm\n\n(手工裁切打磨都會產生誤差)\n\n\n\n⚡交期 \n\n 定稿後5~7個工作天完成\n\n（工作天即不包含六、日&國定假日）\n\n\n\n⚠️下單前請留意⚠️\n\n產品以實體為準，照片因環境拍攝及顯示器不同都有所差異。\n\n木製品屬於天然材料，紋理及顏色都是獨一無二的\n\n木製品正常現象(黑白色礦物線、木結(眼)、木斑、色差)\n\n手工製品打磨及測量接有誤差\n\n作品皆採用德寶WP-605 木材保護劑，保護劑不含甲醛，符合環保需求。請放心使用\n\n此商品屬 「依消費者要求所為之客製化給付」，不適用7天鑑賞期法規。\n\n\n\n🔻其他\n\n１JB雷射雕刻所有字體與圖案都是合法授權或免費商用授權，如自行提供圖檔或外框請確認您的授權是否合法，購買者應負起一切法律責任。\n\n２訂購需求量若是大量可在聊聊另外報價。', '4', 2, 99, 999, '2024-06-03', NULL, '2024-06-03', NULL, '061.jpg'),
(62, '麻雀牌尺 水晶麻將牌尺 ', '下單:收到您的訂單1-5天內發出, 安排出貨後無法變更、請勿取消訂單。\r\n\r\n發貨:本場可選7-11、全家貨到付款,體積大型物件選擇宅配。\r\n\r\n售後:收到商品若有少件、漏件情況,不要急於退貨或者負評,有時分批次到貨,或者第一時間聯系本賣場客服、若有其它質量問題請與賣場客服溝通。\r\n\r\n\r\n\r\n\r\n\r\n\r\n\r\n\r\n\r\n\r\n\r\n\r\n\r\n顏色分類: :【家用款】香檳金4根(尺寸:450 【家用款】立體凹槽木質4根(尺 :【迷你款】U型尺4根(尺寸:250*1 :【迷你款】凹槽木尺4根(尺寸:2\r\n\r\n貨號: 木質麻將牌尺', '5', 2, 19, 1494, '2024-06-03', NULL, '2024-06-03', NULL, '062.jpg'),
(63, '壓克力透明牌尺 50公分長 一組4支', '台灣製麻將牌尺/排尺\r\n\r\n36mm麻將專用\r\n\r\n材質:壓克力\r\n\r\n厚度5mm\r\n\r\n尺寸:長 50cm 寬3cm\r\n\r\n\r\n\r\n🟡出貨\r\n\r\n➣運送方式：中華郵政｜超商\r\n\r\n➣物流時效：超商取貨付款2～3天｜中華郵政1～2天 \r\n\r\n➣出貨時間：週一~週五 \r\n\r\n➣下單完成：當日或隔天出貨 ', '6', 2, 999, 250, '2024-06-03', NULL, '2024-06-03', NULL, '063.jpg'),
(64, '「補光麻將牌尺 」補光燈牌尺', '顏色一組（三隻白色一隻金色）\r\n長47公分/寬7公分/厚0.7公分\r\n可三段式調光\r\n滿電可持續用18小時', '7', 2, 23, 1800, '2024-06-03', NULL, '2024-06-03', NULL, '064.jpg'),
(65, 'GS MALL 一組4入 53公分', '●台灣製造，品質優良\r\n●過年必備，腦力激盪\r\n●莊家1色，其餘三家均為同色\r\n\r\nGS02451\r\n\r\n【商品規格】\r\n內 容 物：4入/組\r\n顏色圖騰：隨機出貨\r\n材　　質：塑膠\r\n產品尺寸：53x3x0.4cm/入(±5%)\r\n包裝尺寸：53x3x1.7cm/組(±5%)\r\n重量(含包裝)：257g/組(±5%)\r\n製造日期：請依包裝標示為主\r\n有效期限：無\r\n產　　地：台灣\r\n適用年齡：18歲以上(非兒童玩具)\r\n\r\n【注意事項】\r\n※ 商品退換貨，請保持原樣貌及外包裝，如有缺件或包裝不完整之情形，則可能產生整新之費用\r\n※ 僅限新品瑕疵退換貨(猶豫期並非試用期)\r\n※ 退換貨，請妥善保存購買憑證、發票等證明文件\r\n※ 電腦螢幕會產生色差，顏色以實際產品為主\r\n※ 本產品不含其他情境商品(如：麻將等)\r\n#麻將專用排尺 #麻將排尺 #專用排尺 #麻將尺 #專用尺 # # # # # # #', '8', 2, 10, 154, '2024-06-03', NULL, '2024-06-03', NULL, '065.jpg'),
(66, '磁浮列車二代-超薄餐桌-MODO-S系列', '磁浮列車二代-超薄折疊-MODO-S系列【奶茶色桌布】  ✦(二代骰盤升級)LED燈靜音液晶四模式設定 ✦大桌面小機身設計，遊戲空間大，又不佔居家空間 ✦USB快速充電(須手機本身配置快充功能) ✦熱風烘乾除濕 ✦磁浮列車式出牌設計，升牌不卡物 ✦最新無聲機設計洗牌、上牌靜悄悄 ✦超薄機身設計腿部空間更舒適 ✦雙層隔音罩 ✦紫外線殺菌', '1', 3, 20, 31800, '2024-06-03', NULL, '2024-06-03', NULL, '066.webp'),
(67, '雲霄飛車四代-餐桌款-MODO-X系列', '雲霄飛車四代-餐桌款-MODO-X系列\r\n\r\n顏色: 中式木紋、松木紋、安格拉灰\r\n\r\n✦大桌面小機身設計，遊戲空間大，又不佔居家空間\r\n✦LED燈壓框，觸碰開關三段亮度調整\r\n✦快速充電,充電效能快4倍(須手機本身配置快充功能)\r\n✦升牌位置集中向前，完美斜度免推牌\r\n✦雲霄飛車式出牌設計，升牌不卡物\r\n✦最新無聲機設計洗牌、上牌靜悄悄\r\n✦計圈雙模式設定，免用方向環\r\n✦超薄機身設計腿部空間更舒適\r\n✦雙層隔音罩落牌超靜音\r\n✦骰盤防潑水設計 \r\n✦熱風除濕烘乾\r\n✦紫外線殺菌\r\n\r\n獨家四液晶螢幕設計，圈數、風位、連莊次數一目了然\r\n計圈雙模式設定，免用方向環\r\n大桌面小機身設計，遊戲空間大，又不佔居家空間\r\n\r\n\r\n\r\n產品資料\r\n產品名稱 磁浮列車二代-超薄餐桌款\r\n商品主機 50公斤\r\n整機組裝 68公斤\r\n商品尺寸 長97cm 寬97cm 高78cm\r\n材質成分 鐵/塑料\r\n電壓/頻率 110V/60HZ\r\n消耗功率 約180W\r\n\r\n產品隨機附贈\r\n產品贈品配件之款式顏色佔片會有些色差，以公司實際出貨為主\r\n台灣字版36MM電動麻將桌專用麻將牌二副\r\n耐摔壓克力系列排尺(不挑款)\r\n東方不敗電動麻將桌專用籌碼80P\r\n摔不壞方向環\r\n專用桌面清潔刷\r\n杯架(不挑色/一組4個)或銘緩茶几(美拉德/一組一配贈]\r\n\r\n', '1', 3, 10, 41800, '2024-06-03', NULL, '2024-06-03', NULL, '067.webp'),
(68, '樂雀台 LQ-300-T6-超薄餐桌款', '東方不敗電動麻將桌LQ-300-T6-樂雀台-超薄餐桌款\r\n\r\n✦紫外線殺菌 \r\n✦機底一體沖壓鋼板\r\n✦大桌面小機身，取牌不費力\r\n✦熱風除濕烘乾洗牌自動開啟\r\n✦無輸送帶設計，免除皮帶損耗\r\n✦二階段上牌設計，順滑不倒牌\r\n✦骰盤檔位&電源按鍵設計更便利\r\n✦ 桌腳隱藏電源線，美觀舒適不絆腳\r\n✦大桌面小機身設計，遊戲空間大，又不佔居家空間\r\n\r\n產品資料\r\n產品名稱 LQ-300-T6-餐桌款\r\n商品主機 44公斤\r\n整機組裝 62.5公斤\r\n商品尺寸 展開 長96.5cm 寬96.5cm 高78cm \r\n材質成分 鐵/塑料\r\n電壓/頻率 110V/60HZ\r\n消耗功率 約180W\r\n\r\n產品隨機附贈\r\n產品贈品配件之款式顏色佔片會有些色差，以公司實際出貨為主\r\n台灣字版36MM電動麻將桌專用麻將牌二副\r\n耐摔壓克力系列排尺(不挑款)\r\n東方不敗電動麻將桌專用籌碼80P\r\n塑料方向環\r\n專用桌面清潔刷\r\n銘緩茶几(美拉德/一組2張)', '1', 3, 30, 26800, '2024-06-03', NULL, '2024-06-03', NULL, '068.webp'),
(69, '斜行高手三代-餐桌款-智慧家PLUS系列', '東方不敗電動麻將桌推薦\r\n斜行高手三代-餐桌款-智慧家PLUS系列\r\n\r\n\\✦PLUS功能-LED燈壓框，觸碰開關三段亮度調整✦/\r\n✦雙模式設定，保留傳統模式，並增加計圈模式，免用方向環 ✦\r\n✦業界獨家四液晶螢幕設計，無論圈數、風位、連莊次數都可一目了然 ✦\r\n✦獨家20度大斜口，升牌位置集中向前✦\r\n✦快速充電、充電效能快4倍(須手機本身配置快充功能)✦\r\n✦無線充電隨放隨充超便利(須手機本身配置無線充功能)✦\r\n✦雙層隔音罩落牌超靜音✦\r\n✦骰盤防水設計✦\r\n✦紫外線殺菌✦\r\n✦熱風烘乾除溼✦\r\n\r\n產品資料\r\n產品名稱 斜行高手三代-餐桌款-智慧家園點灰PLUS\r\n商品主機 55公斤\r\n整機組裝 70公斤\r\n商品尺寸 展開 長101cm 寬101cm 高78cm \r\n材質成分 鐵/塑料\r\n電壓/頻率 110V/60HZ\r\n消耗功率 約180W\r\n\r\n產品隨機附贈\r\n產品贈品配件之款式顏色佔片會有些色差，以公司實際出貨為主\r\n台灣字版36MM電動麻將桌專用麻將牌二副\r\n耐摔壓克力系列排尺(不挑款)\r\n東方不敗電動麻將桌專用籌碼80P\r\n大方向環\r\n專用桌面清潔刷\r\n杯架(不挑色/一組4個)或銘緩茶几(美拉德/一組一配贈]', '1', 3, 20, 28800, '2024-06-03', NULL, '2024-06-03', NULL, '069.webp'),
(70, '同花順Ⓡ-餐桌款-P200愛麗絲-藍(安裝保固)', '同花順Ⓡ-P200四口機餐桌款\r\n\r\n✦電動麻將桌-同花順P200愛麗絲藍✦\r\n✦四邊USB孔✦\r\n✦限量機款，現金特價機✦\r\n✦外框不挑款，隨機出貨✦\r\n✦同花順專用骰盤✦\r\n✦液晶螢幕顯示面板✦\r\n\r\n產品資料\r\n產品名稱 同花順Ⓡ-P200四口機餐桌款\r\n商品\r\n整機組裝 77公斤\r\n商品尺寸 展開 長101cm 寬101cm 高78cm \r\n材質成分 鐵/塑料\r\n電壓/頻率 110V/60HZ\r\n消耗功率 約180W\r\n\r\n產品隨機附贈\r\n產品贈品配件之款式顏色佔片會有些色差，以公司實際出貨為主\r\n台灣字版36MM電動麻將桌專用麻將牌二副\r\n耐摔壓克力系列排尺(不挑款)\r\n摔不壞方向環\r\n實用茶几二張', '1', 3, 24, 17900, '2024-06-03', NULL, '2024-06-03', NULL, '070.webp'),
(71, '麻雀旅人', '東方不敗電動麻將桌-麻雀旅人\r\n旅行電動麻將桌，享受快樂不受限\r\n✦露營必備，全場焦點✦\r\n✦迷你機身精巧設計輕鬆拆卸✦\r\n✦旅行箱收納隨走隨玩✦\r\n✦鋁合金材質髮絲紋路質感優✦\r\n✦竹質麻將收納盒一體收納不佔空間✦\r\n\r\n提供喜歡露營的你，最專業的電動麻將桌選擇\r\n提供34MM麻將機專規麻將牌二副\r\n\r\n產品資料\r\n產品名稱 麻雀旅人\r\n整機組裝 56公斤\r\n商品尺寸 \r\n展開 長76cm 寬76cm 高76.5cm\r\n收納 高89cm 寬85cm 厚25cm\r\n材質成分 鐵/塑料/鋁合金\r\n電壓/頻率 110V/60HZ\r\n消耗功率 約180W\r\n\r\n產品隨機附贈\r\n產品贈品配件之款式顏色佔片會有些色差，以公司實際出貨為主\r\n台灣字版36MM電動麻將桌專用麻將牌二副\r\n耐摔壓克力系列排尺(45CM)\r\n東方不敗電動麻將桌專用籌碼80P\r\n摔不壞方向環\r\n專用桌面清潔刷', '1', 3, 10, 40000, '2024-06-03', NULL, '2024-06-03', NULL, '071.webp');

-- --------------------------------------------------------

--
-- 資料表結構 `product_category`
--

CREATE TABLE `product_category` (
  `id` int(5) UNSIGNED NOT NULL COMMENT 'AUTO_INCREMENT',
  `name` varchar(20) NOT NULL
) ENGINE=InnoDB DEFAULT CHARSET=utf8mb4 COLLATE=utf8mb4_unicode_ci;

--
-- 傾印資料表的資料 `product_category`
--

INSERT INTO `product_category` (`id`, `name`) VALUES
(1, '麻將牌'),
(2, '牌尺'),
(3, '麻將桌'),
(4, '周邊'),
(5, '桌遊-派對'),
(6, '桌游-家庭'),
(7, '桌游-台灣元素'),
(8, '桌游-策略'),
(9, '桌游-親子');

-- --------------------------------------------------------

--
-- 資料表結構 `rent_images`
--

CREATE TABLE `rent_images` (
  `id` int(3) UNSIGNED NOT NULL,
  `rent_product_id` int(3) NOT NULL,
  `url` varchar(100) NOT NULL
) ENGINE=InnoDB DEFAULT CHARSET=utf8mb4 COLLATE=utf8mb4_unicode_ci;

--
-- 傾印資料表的資料 `rent_images`
--

INSERT INTO `rent_images` (`id`, `rent_product_id`, `url`) VALUES
(1, 1, '4563.jpg'),
(2, 1, 'rummikub-card.jpg'),
(3, 6, '下載.jpg'),
(4, 6, 'uno-hand_I1JrsbV.webp'),
(5, 2, 'rent2.webp'),
(8, 3, 'rent3.webp'),
(9, 4, 'rent4.webp'),
(10, 5, 'rent5.webp'),
(11, 6, 'original.jpg'),
(12, 7, 'quewang.webp'),
(13, 8, '機密代號.jpg'),
(14, 9, 'Dixit.webp'),
(15, 10, 'HARRY-POTTER.jpg'),
(16, 11, 'Betrayal at House on the Hill.jpg'),
(17, 12, '16922370081.jpg'),
(18, 13, '樂雀台.webp'),
(19, 14, 'pink.webp'),
(20, 15, '305f3d4b4052b06fb5e478f57d21d53c.png'),
(21, 16, 'D&D.jpg'),
(22, 17, '矮人礦坑.jpg'),
(31, 1, '38227864406_478df03b6c_z.jpg'),
(35, 1, '2015-10-23-16-17-33.jpg'),
(38, 19, '1497053996-1751116053_n.jpg'),
(39, 18, '5ab8f249ff9c8b65f4cecd73_Camel_Up_Box_3D-p-800.jpeg');

-- --------------------------------------------------------

--
-- 資料表結構 `rent_price_category`
--

CREATE TABLE `rent_price_category` (
  `id` int(10) UNSIGNED NOT NULL,
  `range` varchar(20) NOT NULL,
  `rent_price` int(6) NOT NULL,
  `rent_day` int(6) NOT NULL
) ENGINE=InnoDB DEFAULT CHARSET=utf8mb4 COLLATE=utf8mb4_unicode_ci;

--
-- 傾印資料表的資料 `rent_price_category`
--

INSERT INTO `rent_price_category` (`id`, `range`, `rent_price`, `rent_day`) VALUES
(1, '麻將桌', 3000, 30),
(2, '<500元', 150, 7),
(3, '501元~1000元', 300, 7),
(4, '1001元~2000元', 450, 7),
(5, '>2000元', 600, 7);

-- --------------------------------------------------------

--
-- 資料表結構 `rent_product`
--

CREATE TABLE `rent_product` (
  `id` int(5) UNSIGNED NOT NULL,
  `name` varchar(50) NOT NULL,
  `category_id` int(10) NOT NULL,
  `content` varchar(1000) NOT NULL,
  `img` varchar(100) NOT NULL,
  `quantity` int(4) NOT NULL,
  `quantity_available` int(4) NOT NULL,
  `rent_price_category_id` int(3) NOT NULL,
  `price` int(6) NOT NULL,
  `create_at` date NOT NULL,
  `update_at` date NOT NULL,
  `valid` tinyint(1) NOT NULL
) ENGINE=InnoDB DEFAULT CHARSET=utf8mb4 COLLATE=utf8mb4_unicode_ci;

--
-- 傾印資料表的資料 `rent_product`
--

INSERT INTO `rent_product` (`id`, `name`, `category_id`, `content`, `img`, `quantity`, `quantity_available`, `rent_price_category_id`, `price`, `create_at`, `update_at`, `valid`) VALUES
(1, '拉密', 2, '拉密是一款數字組合遊戲，遊戲規則簡單易懂，只有兩種數字排列法，用自己的邏輯來重新規劃排列順序，創造出變幻多端的數字組合；歡迎對數字敏感的你，規則簡單，只需要明白數字排列，能夠分辨紅、橘、藍、黑四種顏色即可暢玩。', '2015-10-23-16-17-33.jpg', 3, 3, 3, 850, '2024-05-23', '2024-06-04', 1),
(2, 'Go-stop', 2, '花牌是韓國的傳統遊戲，最早來自於日本，於朝鮮王朝後期傳到朝鮮半島。每副花牌中含有54張牌，其中48張牌分成12組花色，代表著12個月，各月份皆以當月的花草與動物為代表圖案。\r\n花牌常見的玩法為稱為GO&STOP 고스톱 ，由三位玩家進行，類似於台灣撲克牌「釣魚」與「撿紅點」，玩家需吃掉相同月份的牌以賺取分數，最後分數最高者勝利。遊戲玩法相當有趣，\r\n就算不會韓文也沒關係，非常適合在過節期間與家人、朋友一起同樂哦!', 'rent2.webp', 5, 0, 2, 200, '2024-05-23', '2024-05-23', 1),
(3, '斜行高手三代 - 寶麗來實木餐桌-胡桃木', 1, '✦雙模式設定，保留傳統模式，並增加計圈模式，免用方向環 \r\n✦業界獨家四液晶螢幕設計，無論圈數、風位、連莊次數都可一目了然 \r\n✦獨家20度大斜口,升牌位置集中向前\r\n✦快速充電,充電效能快4倍\r\n✦雙層隔音罩落牌超靜音\r\n✦骰盤防水設計 \r\n✦紫外線殺菌 \r\n✦熱風烘乾除溼\r\n✦奶茶色桌布', 'rent3.webp', 5, 5, 1, 43000, '2024-05-23', '2024-05-31', 1),
(4, '四旋翼二代-專折-MODO-X藍', 1, '✦大桌面小機身設計，遊戲空間大，又不佔居家空間\r\n✦USB快速充電(須手機本身配置快入充電功能)\r\n✦熱風烘乾除濕\r\n✦磁浮列車式出牌設計，升牌不卡物\r\n✦最新無聲機設計洗牌、上牌靜悄悄\r\n✦超薄機身設計腿部空間更舒適\r\n✦紫外線殺菌 \r\n✦雙層隔音罩', 'rent4.webp', 0, 0, 1, 27800, '2024-05-23', '2024-06-03', 0),
(5, '磁浮列車二代-超薄折疊-MODO-S系列', 1, '✦(二代骰盤升級)LED燈靜音液晶四模式設定\r\n✦大桌面小機身設計，遊戲空間大，又不佔居家空間\r\n✦USB快速充電(須手機本身配置快充功能)\r\n✦熱風烘乾除濕\r\n✦磁浮列車式出牌設計，升牌不卡物\r\n✦最新無聲機設計洗牌、上牌靜悄悄\r\n✦超薄機身設計腿部空間更舒適\r\n✦雙層隔音罩\r\n✦紫外線殺菌', 'rent5.webp', 4, 0, 1, 30800, '2024-05-23', '2024-05-28', 1),
(6, 'uno', 2, '風靡世界的UNO的紙牌遊戲,是1971發明的經典遊戲,現在由玩具公司美泰兒生產。當玩家打出倒數第二張牌時,必須喊出\"UNO\",遊戲因而得名。趕快加入UNO的行列吧!', 'original.jpg', 5, 5, 2, 250, '2024-05-23', '2024-06-03', 1),
(7, '雀王X7旋翼式過山車-餐桌款', 1, '型號：X7夢幻灰 / X7星空藍 / X7墨韻白\r\n電壓：AC110V/60Hz\r\n功耗：最小9W / 最大60W\r\n重量：70 Kg\r\n尺寸：約長100cm、寬100cm、高78cm\r\n保固期：1年（核心馬達終身保固）\r\n\r\n📌無皮帶、雙軸出牌設計\r\n📌減少耗材維修\r\n📌熱風除濕功能', 'quewang.webp', 3, 3, 1, 26800, '2024-05-25', '2024-05-28', 1),
(8, '機密代號', 3, '一款分組競賽的派對陣營遊戲。在一組加密情報之中，領袖必須想出絕妙的暗號，如：「一個名詞+數量」，讓隊員們以最少回合找出最多特務，率先找出我方所有特務的隊伍獲得勝利。不過得小心潛伏在情報背後的殺手，找到他的人必死無疑！這款遊戲擁有簡潔的遊戲機制，以及難以重複的題庫組合，讓它百玩不膩。', '機密代號.jpg', 5, 5, 3, 880, '2024-05-26', '2024-05-26', 1),
(9, '妙語說書人', 3, 'Dixit 是一款充滿想像力的桌上遊戲，適合各年齡層的玩家。遊戲由 3 到 6 人參與，遊戲時間大約為 30 分鐘。遊戲中，玩家輪流擔任敘述者，選擇一張手中的圖畫卡牌，並給出一個敘述，這個敘述可以是一個詞、一句話或者一段故事，只要是能夠引導其他玩家聯想到這張卡牌的提示。其他玩家則從自己的手牌中選擇一張他們認為與敘述者提示最匹配的卡牌。選好後，將這些卡牌洗牌，然後一起展示出來。所有人（除了敘述者）都要投票，猜測哪一張是敘述者的原始卡牌。', 'Dixit.webp', 5, 5, 4, 1320, '2024-05-26', '2024-06-03', 1),
(10, '【哈利波特】HARRY POTTER 超豪華巫師棋套組', 2, '朋友!先別管那麼多了,來場巫師棋吧!《哈利波特》中人氣超高的巫師棋完美還原.巫師棋的遊玩方式和一般西洋棋一樣雙方共有一個國王、一個王后、兩個城堡、兩個主教、兩個騎士和八個小卒,共16枚棋子.此套裝中共有32枚精緻的模型棋,分別裝在兩袋精美的禮品袋中和一枚大棋盤.棋子的尺寸約為5到10CM,棋盤為47*47CM', 'HARRY-POTTER.jpg', 3, 3, 5, 3580, '2024-05-26', '2024-05-26', 1),
(11, '山中小屋', 4, '「山中小屋」是個經典的探索類角色扮演遊戲，玩家扮演著受邀來到深山中一座豪宅，然後當所有人進屋之後，卻發現大門被鎖上了，而豪宅中不斷地發生一些詭異的事件，玩家必須尋找逃離的辦法。然而，在不知不覺中，有人成為了背叛者！引出了可怕的怪物，玩家該如何才能齊心協力地打到怪物，平安回家呢？讓我們一起來看看吧！', 'Betrayal at House on the Hill.jpg', 4, 4, 4, 1750, '2024-05-26', '0000-00-00', 1),
(12, '天胡一號 電動麻將桌_白色(摺疊款)', 1, '‧旋翼式過山車電動麻將桌。\r\n‧高質感羊絨檯面。\r\n‧全自動熱風除濕。\r\n‧執骰雙模式。\r\n‧防撞 + 降噪雙重防護。\r\n‧四邊USB充電孔。\r\n‧薄型桌面設計。\r\n‧贈精美配件組。', '16922370081.jpg', 2, 2, 1, 22800, '2024-05-26', '2024-05-28', 1),
(13, '樂雀台LQ-300-T6-超薄折疊機款', 1, '✦紫外線殺菌 \r\n✦機底一體沖壓鋼板\r\n✦大桌面小機身，取牌不費力\r\n✦熱風除濕烘乾洗牌自動開啟\r\n✦無輸送帶設計，免除皮帶損耗\r\n✦二階段上牌設計，順滑不倒牌\r\n✦快扣式折腳，玻璃底板高顏質\r\n✦骰盤檔位&電源按鍵設計更便利\r\n✦大桌面小機身設計，遊戲空間大，又不佔居家空間', '樂雀台.webp', 4, 4, 1, 25800, '2024-05-26', '2024-05-28', 1),
(14, 'T350 二代 櫻花少女心系列 過山麻將機 折疊款 櫻花湘妃粉', 1, '* 全新櫻花少女心系列\r\n* 足瓦熱風除濕、紫外線殺菌\r\n* 櫻花粉桌布 專屬粉色控制盤\r\n* 專製質感粉色邊框，絕美搭配\r\n* 超薄機身、腳下空間寬敞舒適\r\n* 新型無輸送帶設計、旋風上牌\r\n* 整合型電子式開關／檔位控制盤，免彎腰設計\r\n* 機底一體沖壓鋼板設計，無『甘蔗板』或『塑料板』濫竽充數', 'pink.webp', 3, 3, 1, 30800, '2024-05-26', '2024-05-28', 1),
(15, '黃金列車 V1折疊款麻將桌', 1, '講到電動麻將桌，許多人腦中第一個想到的可能就是長勝，其因為桌子款式多、品質不錯、加上有完善的售後服務，故一直是國人喜愛的品牌之一。這一款黃金列車 V1 標榜配有全封閉式軌道技術，不僅在操作上近乎無聲音，又加上過山車設計而不會卡牌尺，就使用性來說，兼具順暢、安靜及安全。\r\n\r\n而且機身內也配有熱風除濕，即便是久未使用，只要一鍵按下，不用多少時間就能讓麻將保持乾燥溫暖。同時還有 USB 插座能用於手機充電，就算是要在牌桌上坐上3、5個小時也不成問題。另外廠商加贈萬元麻將椅與各式麻將配件，無論商用、家用都值得參考。', '305f3d4b4052b06fb5e478f57d21d53c.png', 5, 5, 1, 39800, '2024-05-26', '2024-05-28', 1),
(16, '龍與地下城：鴉閣城', 4, '在一個古老的年代，魔力充斥整片大陸，\r\n\r\n邪惡在暗影中猖獗，居住地的邊緣也逐漸被怪物入侵。\r\n\r\n在這邪龍展翅、地城遍布時代，世間等待著英雄的降臨。\r\n\r\n穿著不同的防具，手持長劍、長弓及法杖的英雄們探索著上古遺跡，\r\n\r\n進行大膽的任務，並挑戰令人畏懼的怪物。\r\n\r\n這些任務都將在陰暗且神祕的地城中進行，而這個地城通稱為拉文羅夫特堡。', 'D&D.jpg', 4, 4, 5, 3200, '2024-05-26', '0000-00-00', 1),
(17, '矮人礦坑﻿', 3, '熱愛團體合作型遊戲的可以玩看看「矮人礦坑」！在遊戲中所有玩家會扮演成矮人族，而族內還會再分成掏金矮人跟搗蛋鬼，大家互不知道對方的身份，所以大家必須在隱藏身份的同時幫助到自己的夥伴，看究竟矮人們到底能不能成功掏金？還是會被搗蛋鬼阻饒呢？', '矮人礦坑.jpg', 8, 8, 3, 790, '2024-05-26', '0000-00-00', 1),
(18, '駱駝大賽', 3, '快來見識有史以來最瘋狂的駱駝大賽！\r\n尤其是駱駝疊在一起而金字塔倒轉時，場面將會一片混亂、瀕臨失控狀態！\r\n身為埃及上流社會的一員，聚集在沙漠中的目的只有一個：下注在你看好的駱駝身上，以分段賽及整場比賽贏得最多的獎金。\r\n然而在比賽中不是只靠運氣就能壓倒其他玩家，抓住比賽的節奏和精準掌握下注時機也是贏得比賽不可或缺的能力。\r\n\r\n一款簡單、快速、極度有趣且最多可讓8名玩家同樂的家庭遊戲。', '5ab8f249ff9c8b65f4cecd73_Camel_Up_Box_3D-p-800.jpeg', 10, 10, 4, 1320, '2024-05-31', '2024-06-04', 1),
(19, '台北大空襲(Raid on Taihoku)', 4, '1945年5月31日，日治時期的台北遭到盟軍美國第五航空隊超過一百架次的轟炸機空襲，造成許多人傷亡，上萬人流離失所，這是一段二戰期間確實存在，卻鮮為人知的灰暗故事。\r\n', '1497053996-1751116053_n.jpg', 5, 5, 4, 1360, '2024-06-04', '0000-00-00', 1);

-- --------------------------------------------------------

--
-- 資料表結構 `rent_record`
--

CREATE TABLE `rent_record` (
  `id` int(5) UNSIGNED NOT NULL,
  `user_id` int(5) UNSIGNED NOT NULL,
  `product_id` int(5) UNSIGNED NOT NULL,
  `order_date` datetime NOT NULL,
  `rental_date` date NOT NULL,
  `due_date` date NOT NULL,
  `return_date` date DEFAULT NULL,
  `fine` int(5) DEFAULT NULL,
  `status` int(3) UNSIGNED NOT NULL
) ENGINE=InnoDB DEFAULT CHARSET=utf8mb4 COLLATE=utf8mb4_unicode_ci;

--
-- 傾印資料表的資料 `rent_record`
--

INSERT INTO `rent_record` (`id`, `user_id`, `product_id`, `order_date`, `rental_date`, `due_date`, `return_date`, `fine`, `status`) VALUES
(1, 4, 15, '2024-03-02 18:35:08', '2024-03-09', '2024-09-05', NULL, NULL, 1),
(2, 1, 1, '2024-03-10 18:35:08', '2024-03-10', '2024-03-17', '2024-03-17', NULL, 0),
(3, 2, 7, '2024-03-11 18:36:45', '2024-03-17', '2024-09-13', NULL, NULL, 1),
(4, 14, 10, '2024-04-06 18:37:39', '2024-04-08', '2024-04-22', '2024-04-22', NULL, 0),
(5, 4, 10, '2024-04-14 18:38:33', '2024-04-14', '2024-04-21', '2024-06-01', 3514, 0),
(6, 9, 17, '2024-05-01 18:38:33', '2024-05-02', '2024-05-23', NULL, NULL, 2),
(7, 9, 8, '2024-05-06 15:53:48', '2024-05-08', '2024-05-22', '2024-05-22', NULL, 0),
(8, 8, 3, '2024-05-09 19:27:23', '2024-05-09', '2024-12-05', NULL, NULL, 1),
(9, 14, 16, '2024-05-09 20:27:23', '2024-05-09', '2024-05-16', NULL, NULL, 2),
(32, 11, 4, '2024-05-09 20:30:23', '2024-05-11', '2024-11-07', NULL, NULL, 1),
(33, 2, 4, '2024-05-10 08:30:23', '2024-05-11', '2024-11-07', NULL, NULL, 1),
(34, 3, 5, '2024-05-10 09:30:23', '2024-05-11', '2024-11-07', NULL, NULL, 1),
(35, 5, 3, '2024-05-10 10:30:23', '2024-05-11', '2024-11-07', NULL, NULL, 1),
(36, 5, 9, '2024-05-10 11:30:23', '2024-05-11', '2024-05-18', '2024-05-18', NULL, 0),
(37, 4, 9, '2024-05-12 12:50:30', '2024-05-14', '2024-05-25', '2024-05-25', NULL, 0),
(38, 4, 12, '2024-05-13 12:50:30', '2024-05-14', '2024-11-10', NULL, NULL, 1),
(39, 6, 12, '2024-05-14 12:50:30', '2024-05-14', '2024-11-10', NULL, NULL, 1),
(40, 14, 7, '2024-05-14 14:50:30', '2024-05-14', '2024-11-10', NULL, NULL, 1),
(41, 18, 5, '2024-05-14 16:50:30', '2024-05-18', '2024-11-10', NULL, NULL, 1),
(42, 9, 8, '2024-05-14 18:50:30', '2024-05-18', '2024-05-25', NULL, NULL, 2),
(43, 9, 18, '2024-05-14 20:50:30', '2024-05-18', '2024-05-25', NULL, NULL, 2),
(44, 7, 2, '2024-05-14 21:50:30', '2024-05-18', '2024-06-01', '2024-06-01', NULL, 0),
(45, 8, 1, '2024-05-15 09:50:30', '2024-05-18', '2024-06-01', '2024-06-01', NULL, 0),
(46, 6, 1, '2024-05-19 10:23:12', '2024-05-21', '2024-06-04', NULL, NULL, 1),
(47, 13, 8, '2024-05-19 11:23:12', '2024-05-21', '2024-06-04', NULL, NULL, 1),
(48, 2, 10, '2024-05-19 12:23:12', '2024-05-21', '2024-06-11', NULL, NULL, 1),
(49, 10, 16, '2024-05-19 13:23:12', '2024-05-21', '2024-06-11', NULL, NULL, 1),
(50, 7, 17, '2024-05-23 18:20:10', '2024-06-01', '2024-06-08', '2024-06-04', 0, 0),
(51, 15, 2, '2024-05-25 18:20:10', '2024-06-01', '2024-06-15', NULL, NULL, 1),
(52, 20, 2, '2024-05-25 19:20:10', '2024-06-01', '2024-06-08', NULL, NULL, 1),
(53, 22, 6, '2024-05-25 20:20:10', '2024-06-01', '2024-06-29', NULL, NULL, 1),
(54, 10, 2, '2024-05-28 20:20:10', '2024-06-01', '2024-06-08', NULL, NULL, 1),
(55, 10, 6, '2024-05-28 20:20:10', '2024-06-02', '2024-06-09', NULL, NULL, 1),
(56, 11, 12, '2024-05-28 20:20:10', '2024-06-02', '2024-11-29', NULL, NULL, 1);

-- --------------------------------------------------------

--
-- 資料表結構 `users`
--

CREATE TABLE `users` (
  `id` int(11) NOT NULL,
  `valid` varchar(10) NOT NULL,
  `username` varchar(50) NOT NULL,
  `account` varchar(50) NOT NULL,
  `password` varchar(255) NOT NULL,
  `city` varchar(20) NOT NULL,
  `Address` varchar(100) NOT NULL,
  `phone` text DEFAULT NULL,
  `email` varchar(50) NOT NULL,
  `birth` varchar(100) NOT NULL,
  `gender` varchar(255) NOT NULL,
  `update_at` timestamp NOT NULL DEFAULT current_timestamp(),
  `created_at` timestamp NOT NULL DEFAULT current_timestamp()
) ENGINE=InnoDB DEFAULT CHARSET=utf8mb4 COLLATE=utf8mb4_general_ci;

--
-- 傾印資料表的資料 `users`
--

INSERT INTO `users` (`id`, `valid`, `username`, `account`, `password`, `city`, `Address`, `phone`, `email`, `birth`, `gender`, `update_at`, `created_at`) VALUES
(1, '1', 'wong', 'wongming', '12345', 'taipei', '10491台北市中山區建國北路一段33巷47號二樓', '0911222333', 'wongming@test.com', '1988.06.06', 'female', '2024-05-30 08:13:56', '2024-01-01 06:41:10'),
(2, '1', '姍姍', 'sam', '$2y$10$kzGp0pPEzgS0V3DKCe05eeGBAPAcaLbsab875Wwn8jzV7yZDKvvI2', '1', '105台北市松山區興安街3號', '0911222666', 'sam@test.com', '2024-05-01', 'female', '2024-05-31 05:57:39', '2024-01-31 05:57:39'),
(3, '1', 'asdf123', 'asdf123', '$2y$10$oX45tdTSBJsxFpAL428jBuuCpxqvtQSbGSNmnUTMogX9bj80Th3H.', 'taipei', '105台北市松山區興安街3號', '0911222333', 'a888888@gmail.com', '2024-05-16', 'male', '2024-05-31 06:04:03', '2024-02-03 06:04:03'),
(4, '1', '範靜秀', 'sam', '$2y$10$vVVxZYzqO0TfMjDRXjhhmuK11rzRdN5R1679wLQAZHN.GONZDeS.u', 'taipei', '台北市中正區辛亥路一段64巷16號', '0911234133', 'sam@test.com', '1990-06-05', 'female', '2024-05-31 08:17:03', '2024-02-03 08:17:03'),
(5, '1', '魏傑衛\n', 'account1', '$2y$10$fQrNrsVozLO3PVCPssvhFeoLmsfuT0kDN669qbiIO07iknXxCFaSq', 'taipei', '114 臺北市內湖區行善路3號', '0912875648', 'user1@example.com', '1990-06-03', 'Male', '2024-06-03 06:36:57', '2024-02-03 00:36:57'),
(6, '1', '孔紅丹', 'account2', '$2y$10$Oa3uC3redYOHBD7fL3h9gOR8X8wCMI7AHp1KkjYpJE4TKzzenpOrq', 'taipei', '115 臺北市南港區南深路32號', '0912743727', 'user2@example.com', '1987-06-03', 'Male', '2024-06-03 06:36:57', '2024-02-03 00:36:57'),
(7, '1', '戚強超', 'account3', '$2y$10$Nr1h6z8.K2OBwW/Qv.73PuPTCVfDMxZE6AfD1oiK.oN9GGXpeA8tO', 'taipei', '115 臺北市南港區南深路3號', '0912651046', 'user3@example.com', '2006-06-03', 'Male', '2024-06-03 06:36:57', '2024-02-03 00:36:57'),
(8, '1', '魏凱傑', 'account4', '$2y$10$QjCBn3LgWFQQp/ysCfPkdOsB5mJj2.ij8Q4bCtJhGV3Unvwsm2LRe', 'taipei', '115 臺北市南港區南深路35號', '0912869024', 'user4@example.com', '2002-06-03', 'Female', '2024-06-03 06:36:57', '2024-02-05 00:36:57'),
(9, '1', '陳浩鵬', 'account5', '$2y$10$VVKh2S5D3js5Y1JI.p.9RuLCm210lFlqQ7JWYEXZWKQ/K/EFe9U72', 'City7', '108 臺北市萬華區水源路27號', '0912480543', 'user5@example.com', '2003-06-03', 'Male', '2024-06-03 06:36:57', '2024-02-05 00:36:57'),
(10, '1', '秦剛剛', 'account6', '$2y$10$pLwUOcmOF7FuFAtsvf5tX.tx3LFfc99ufvINqYsKQDq4O8U8YyJX2', 'City7', '112 臺北市北投區陽明路31號', '0912504608', 'user6@example.com', '1993-06-03', 'Male', '2024-06-03 06:36:57', '2024-02-08 00:36:57'),
(11, '1', '馮霞莉', 'account7', '$2y$10$HDExQ8/Cn4v7ZyHCfmqCZuPwFA11coG.AAGCdOCuMf.W1i91HYoW.', 'taipei', '106 臺北市大安區雲和街1號', '0912915809', 'user7@example.com', '1987-06-03', 'Male', '2024-06-03 06:36:57', '2024-02-13 00:36:57'),
(12, '1', '竇超靜', 'account8', '$2y$10$I1z6VUA9ZA97jSATFVN7O.Vk2MFXND4bvijJj2DuZuRniYPjyn4K.', 'taipei', '112 臺北市北投區崇仰六路27號', '0912887980', 'user8@example.com', '1996-06-03', 'Female', '2024-06-03 06:36:57', '2024-02-13 00:36:57'),
(13, '1', '施鵬鑫', 'account9', '$2y$10$2Kiej8FOHdk4ggQ6NjiYJeuJw0k8w3YZmrdA5/Jpx0j.peHf7Ft7y', 'taipei', '108 臺北市萬華區青年路23號', '0912989573', 'user9@example.com', '1987-06-03', 'Female', '2024-06-03 06:36:57', '2024-02-20 00:36:57'),
(14, '1', '雲艷萍', 'account10', '$2y$10$IKP4ImAIKE8OxdDBPZmUi.54IkNpKH6svvBt4KFkBkVZ7IP46Gp.W', 'taipei', '116 臺北市文山區保儀路20號', '0912819826', 'user10@example.com', '2002-06-03', 'Female', '2024-06-03 06:36:57', '2024-02-25 00:36:57'),
(15, '1', '錢強宇', 'account11', '$2y$10$O3g3GI85elKA82EgsrRPLOUVC91Eoo4D6inCGuHdDPfSEJEHaiZl.', 'City3', '100 臺北市中正區同安街31號', '0912988217', 'user11@example.com', '1993-06-03', 'Female', '2024-06-03 06:36:57', '2024-02-25 00:36:57'),
(16, '1', '範丹莉', 'account12', '$2y$10$ow8ujCI1.OYYhhkjeH9EauVunvnG8AfmIiCQOsF1ojH7lLOh6Ve5m', 'City6', '100 臺北市中正區同安街35號', '0912720957', 'user12@example.com', '2005-06-03', 'Male', '2024-06-03 06:36:57', '2024-03-03 00:36:57'),
(17, '1', '雲敏燕', 'account13', '$2y$10$Sj2fPGUNS9zp6fjNhpRxBukEwWL6eLAdYk2FjaAr2FHLoTopkPm7u', 'City7', '116 臺北市文山區景華街7號', '0912351462', 'user13@example.com', '2006-06-03', 'Male', '2024-06-03 06:36:57', '2024-03-03 00:36:57'),
(18, '1', '週傑玲', 'account14', '$2y$10$o.av025TNI6IRjBc/qj7ve5Kj5b8wMHww9luSwS1WGoUttFcfuE5q', 'City3', 'Address 98', '0912561845', 'user14@example.com', '1999-06-03', 'Female', '2024-06-03 06:36:57', '2024-03-03 00:36:57'),
(19, '1', '張浩鑫', 'account15', '$2y$10$coQxluFwnJDkKAM3t.Q3kexFm82dlf53r2AOqoF.YWLwDqT7qxCGO', 'City3', 'Address 2', '0912582970', 'user15@example.com', '1986-06-03', 'Female', '2024-06-03 06:36:58', '2024-03-03 00:36:58'),
(20, '1', '鄒婷超', 'account16', '$2y$10$kDuzSU5MiqKyu/fV4q37LeLbBeo.OjNF5mCQHIl81xneTmcqqfpE2', 'City10', 'Address 1', '0912008458', 'user16@example.com', '1991-06-03', 'Male', '2024-06-03 06:36:58', '2024-03-03 00:36:58'),
(21, '1', '章明靜', 'account17', '$2y$10$rVMVjpcPMH8yLNtbuWqhg.kn/D2wWXZu8Ig0AmXr.GulmgRXSM7cG', 'City7', 'Address 73', '0912763208', 'user17@example.com', '1993-06-03', 'Female', '2024-06-03 06:36:58', '2024-04-03 00:36:58'),
(22, '1', '王鵬丹', 'account18', '$2y$10$/91Te3U58.MN0FAcTohAyuSbLugArOxvoChRinrWEKCCyokUMoVl.', 'City7', 'Address 43', '0912149977', 'user18@example.com', '2004-06-03', 'Male', '2024-06-03 06:36:58', '2024-04-03 00:36:58'),
(23, '1', '魏俊毅\n', 'account19', '$2y$10$ZFHCKmtfhTuNL9fyt5FclOgYbQTKFuU99EVdJZ4igOcSHVB4XuI0q', 'City4', 'Address 58', '0912115781', 'user19@example.com', '2004-06-03', 'Male', '2024-06-03 06:36:58', '2024-04-03 00:36:58'),
(24, '1', '雲鑫琴', 'account20', '$2y$10$q6zi68F38hrvlz4cDeNSr.Jg9irnZrvS3N6Ec8ZPvJ/wmAUsjQcvC', 'City8', 'Address 99', '0912295623', 'user20@example.com', '1996-06-03', 'Male', '2024-06-03 06:36:58', '2024-04-03 00:36:58'),
(25, '1', '水鵬璐', 'account21', '$2y$10$EtvVCoiMpCk0/JOuJSaJAu4akc897yYkC23ev.RO5BdIesNP3QK12', 'City1', 'Address 33', '0912565519', 'user21@example.com', '2003-06-03', 'Female', '2024-06-03 06:36:58', '2024-04-03 00:36:58'),
(26, '1', '許超鵬', 'account22', '$2y$10$Mlo/j5l8m1Wm0NTbZoNUI.KjWwKYg2hoM8gx.0KmmfXYwrVLOl0M6', 'City3', 'Address 74', '0912393561', 'user22@example.com', '1992-06-03', 'Female', '2024-06-03 06:36:58', '2024-04-03 00:36:58'),
(27, '1', '彭勇艷', 'account23', '$2y$10$Hv4C0x/yaXdrkuxc7CqSgeu//w3juFInjvtOYNJYhlK.Ui8q2LNiW', 'City6', '104 臺北市中山區崇實路35號', '0912081196', 'user23@example.com', '2001-06-03', 'Female', '2024-06-03 06:36:58', '2024-04-03 00:36:58'),
(28, '1', '郎鑫宇', 'account24', '$2y$10$3PEEcFDJDoBPSBoraDObFeLTGzKs4fMEspwrgoVsHzpoqvT/yn3Ue', 'City5', 'Address 13', '0912947735', 'user24@example.com', '1986-06-03', 'Male', '2024-06-03 06:36:58', '2024-04-03 00:36:54'),
(29, '1', '張琳婷', 'account25', '$2y$10$lW/H8V9SV/VV724oai3wbunQb7/sJrmUkHpYb3/BcJLGaokL8dKN6', 'City2', 'Address 95', '0912498286', 'user25@example.com', '1984-06-03', 'Male', '2024-06-03 06:36:58', '2024-04-03 00:36:58'),
(30, '1', '蔣鵬璐', 'account26', '$2y$10$p3PJn95xhbJai.J2e127S.mpMFFyFq53HYlmPLvV.0aQm32bCBOt2', 'City9', 'Address 73', '0912934811', 'user26@example.com', '1995-06-03', 'Male', '2024-06-03 06:36:58', '2024-04-03 00:36:58'),
(31, '1', '範洋霞', 'account27', '$2y$10$4um92GIeK70jYptHMaJAb.SOwk1w49X.v0rFavRVYcrIfsYJs/6me', 'City3', 'Address 56', '0912183667', 'user27@example.com', '2003-06-03', 'Female', '2024-06-03 06:36:58', '2024-04-03 00:36:58'),
(32, '1', '彭娟鵬', 'account28', '$2y$10$fP5cZnfIfmWluu51UYwkue6XhVp5TF.HyeolhsIx9VMIxdblNKDBC', 'City6', 'Address 40', '0912919082', 'user28@example.com', '1986-06-03', 'Female', '2024-06-03 06:36:58', '2024-04-03 00:36:58'),
(33, '1', '週璐鵬', 'account29', '$2y$10$fhjOr/ZCS2wy3EXAx0WYEOqU6gf1UGkuOmQyCoOtML6zNCq/dW5N.', 'City7', 'Address 18', '0912600646', 'user29@example.com', '1998-06-03', 'Female', '2024-06-03 06:36:58', '2024-04-03 00:36:58'),
(34, '1', '蘇剛燕', 'account30', '$2y$10$zCd3xW65zl4UCqcVRAdsWOiY6/9H6BKQrX2UWeZe6DKHjZTqTTxU2', 'City4', 'Address 20', '0912362078', 'user30@example.com', '1996-06-03', 'Female', '2024-06-03 06:36:58', '2024-04-03 00:36:58'),
(35, '1', '魯宇萍', 'account31', '$2y$10$lBO4WnThLOu5Qh5aiQJ0X.oqdzi9gtZopG7MaVBmVvSR1j0SbYSoq', 'City7', 'Address 70', '0912605619', 'user31@example.com', '2003-06-03', 'Female', '2024-06-03 06:36:58', '2024-05-03 00:36:58'),
(36, '1', '王新軍', 'account32', '$2y$10$7rIaGFPNW9Z7tTuDjfpKYOrm0JdmFsPs2/Vdw/IvVLZUepUkt3XVm', 'City3', 'Address 67', '0912036696', 'user32@example.com', '1984-06-03', 'Male', '2024-06-03 06:36:59', '2024-05-03 00:36:59'),
(37, '1', '陶燕傑', 'account33', '$2y$10$1Emc7Aqxirki58LoMkXE0.zCZ98XI4JOBEBM.OvDEwMIFGLld0n6O', 'City6', 'Address 75', '0912090791', 'user33@example.com', '2002-06-03', 'Female', '2024-06-03 06:36:59', '2024-05-03 00:36:59'),
(38, '1', '許傑明', 'account34', '$2y$10$g3ZDUpiIIAzQIdakfZikYeZAOkY8WuyGOWnBgHqksFBWwjZBF80ci', 'City8', 'Address 25', '0912009165', 'user34@example.com', '1997-06-03', 'Male', '2024-06-03 06:36:59', '2024-05-03 00:36:59'),
(39, '1', '吳宇亮', 'account35', '$2y$10$Q1ZImDkfaCdbKaHcHvJ.j.3kvqs/B01IWeT0j1OkxWJnbRXdBUPUG', 'City10', 'Address 64', '0912724982', 'user35@example.com', '1991-06-03', 'Male', '2024-06-03 06:36:59', '2024-05-03 00:36:59'),
(40, '1', '雲霞萍', 'account36', '$2y$10$6IyqIjcr65Lv.FmhS2EuyO8lYi2d1t8vDoumbOWAr1bY8tarOY6gq', 'City1', '103 臺北市大同區撫順街1號', '0912700416', 'user36@example.com', '1993-06-03', 'Female', '2024-06-03 06:36:59', '2024-05-03 00:36:59'),
(41, '1', '鄒琴浩', 'account37', '$2y$10$4jij.9bBE4uX.SS6QrmFMuOQRHsjFnV/sRZKcyuuBnym2MnEqeQAC', 'City8', 'Address 64', '0912093330', 'user37@example.com', '2000-06-03', 'Female', '2024-06-03 06:36:59', '2024-05-03 00:36:59'),
(42, '1', '郎婷健', 'account38', '$2y$10$D/kSc.6cfZ882vkmzuxXwedRYynxngygVPprH2cKWAf7ztbaR0rS.', 'City2', 'Address 14', '0912365518', 'user38@example.com', '1993-06-03', 'Female', '2024-06-03 06:36:59', '2024-05-03 00:36:59'),
(43, '1', '呂超欣', 'account39', '$2y$10$lAiihCz.GWDIHR6UTNOl/uVMmwlwdlsJk8Tp2Dk6tpo1zKqif6slm', 'City10', 'Address 66', '0912233312', 'user39@example.com', '1994-06-03', 'Male', '2024-06-03 06:36:59', '2024-05-03 00:36:59'),
(44, '1', '雲靜婷', 'account40', '$2y$10$gCUr3oOi/nqWVHmGN/BOBOaWQnIPa13v6432knOgvyR6hnGrAW.PK', 'City2', 'Address 8', '0912389695', 'user40@example.com', '1995-06-03', 'Male', '2024-06-03 06:36:59', '2024-05-03 00:36:59'),
(45, '1', '沈輝紅', 'account41', '$2y$10$5dKENfkyRoQIP2Zt.xAdm.95zTB48LqJRsV5VBuwgneaIR.CogzQG', 'City10', 'Address 99', '0912445060', 'user41@example.com', '1997-06-03', 'Female', '2024-06-03 06:36:59', '2024-05-03 00:36:59'),
(46, '1', '吳鵬艷', 'account42', '$2y$10$nbGtMS2.pJ9QpXaZQOhLn.X01emcQ6lhi.XTWQ96XEiKjEjxoR4UO', 'City4', 'Address 32', '0912774861', 'user42@example.com', '2005-06-03', 'Male', '2024-06-03 06:36:59', '2024-05-03 00:36:59'),
(47, '1', '水浩華\n', 'account43', '$2y$10$QrLSdVc32BY13Qn3FC7UKe4YDMbua6Omv5u7e2fuzLBXUWAREDiPi', 'City4', 'Address 94', '0912448635', 'user43@example.com', '1986-06-03', 'Female', '2024-06-03 06:36:59', '2024-05-03 00:36:59'),
(48, '1', '彭寧秀', 'account44', '$2y$10$1eoZU9etD5mA1PnKWmnLQeqbvwPzxRUcR6F1Q6qJIqlq7.y/Z9g2W', 'City3', 'Address 87', '0912446619', 'user44@example.com', '1994-06-03', 'Female', '2024-06-03 06:36:59', '2024-06-03 00:36:59'),
(49, '1', '柏艷敏', 'account45', '$2y$10$xCb8BLagLlAuB2LGI013COuuyBD6kT7X9N6X3/MoBEqcmwjuYGIhG', 'City7', 'Address 52', '0912551222', 'user45@example.com', '2003-06-03', 'Male', '2024-06-03 06:36:59', '2024-06-03 00:36:59'),
(50, '1', '彭新博', 'account46', '$2y$10$WdhYCwBBkKu.zcKzUG6f6.DJ0pR5UOC9ygacu3Aq6uX1W3RiN0EWy', 'City5', 'Address 10', '0912793321', 'user46@example.com', '2003-06-03', 'Female', '2024-06-03 06:36:59', '2024-06-03 00:36:59'),
(51, '1', '錢鑫傑', 'account47', '$2y$10$NKSjgDy7mKLimrpmmlKu..99jgJMpO8yeXW/13Hjs05T1uGziUOvm', 'City6', 'Address 90', '0912462048', 'user47@example.com', '1985-06-03', 'Female', '2024-06-03 06:36:59', '2024-06-03 00:36:59'),
(52, '1', '秦靜芳', 'account48', '$2y$10$a.b6CeSlGnsoodJ6kRml3uYbgZS1PE039smc6pJByDelj0Os3fYGa', 'City9', 'Address 24', '0912865918', 'user48@example.com', '2003-06-03', 'Male', '2024-06-03 06:36:59', '2024-06-03 00:36:59'),
(53, '1', '雲浩娟', 'account49', '$2y$10$iJCFZsq7SZ8JWoHPEoHA0.GDpD4vIHBca/MKjHqmMDKoPpPozgZfy', 'City8', 'Address 29', '0912026455', 'user49@example.com', '1985-06-03', 'Male', '2024-06-03 06:37:00', '2024-06-03 00:37:00'),
(54, '', '劉雲強', 'account50', '$2y$10$RdqS0G8HyKFcEIWTWmKCX.EnAsb8bENdSX5PUJkmCYCL6r74SeK52', 'City9', 'Address 37', '0912724310', 'user50@example.com', '1994-06-03', 'Female', '2024-06-03 06:37:00', '2024-06-03 00:37:00'),
(106, '', 'root', 'sun', '12345', '', '105台北市松山區興安街3號', '0911268666', 'sun@test.com', '1990-09-06', 'female', '2024-06-03 08:03:20', '2024-06-03 02:03:20'),
(109, '', 'bear', 'bear', '$2y$10$FUtoXNPigxPGrema1j5YFOTG8Er8JNtCeigmvd70zxBhQBGma0ABO', 'taipei', '新北市鶯歌區', '0911222333', 'a8888@gmail.com', '2024-06-05', 'male', '2024-06-04 08:22:48', '2024-06-04 08:22:48');

--
-- 已傾印資料表的索引
--

--
-- 資料表索引 `brand`
--
ALTER TABLE `brand`
  ADD PRIMARY KEY (`id`);

--
-- 資料表索引 `category`
--
ALTER TABLE `category`
  ADD PRIMARY KEY (`id`);

--
-- 資料表索引 `coupons`
--
ALTER TABLE `coupons`
  ADD PRIMARY KEY (`coupon_id`),
  ADD UNIQUE KEY `discount_code` (`discount_code`);

--
-- 資料表索引 `history`
--
ALTER TABLE `history`
  ADD PRIMARY KEY (`id`);

--
-- 資料表索引 `mahjong_room`
--
ALTER TABLE `mahjong_room`
  ADD PRIMARY KEY (`room_id`);

--
-- 資料表索引 `marjong_table`
--
ALTER TABLE `marjong_table`
  ADD PRIMARY KEY (`table_id`),
  ADD KEY `room_id` (`room_id`);

--
-- 資料表索引 `owner`
--
ALTER TABLE `owner`
  ADD PRIMARY KEY (`id`);

--
-- 資料表索引 `product`
--
ALTER TABLE `product`
  ADD PRIMARY KEY (`id`);

--
-- 資料表索引 `product_category`
--
ALTER TABLE `product_category`
  ADD PRIMARY KEY (`id`);

--
-- 資料表索引 `rent_images`
--
ALTER TABLE `rent_images`
  ADD PRIMARY KEY (`id`);

--
-- 資料表索引 `rent_price_category`
--
ALTER TABLE `rent_price_category`
  ADD PRIMARY KEY (`id`);

--
-- 資料表索引 `rent_product`
--
ALTER TABLE `rent_product`
  ADD PRIMARY KEY (`id`);

--
-- 資料表索引 `rent_record`
--
ALTER TABLE `rent_record`
  ADD PRIMARY KEY (`id`);

--
-- 資料表索引 `users`
--
ALTER TABLE `users`
  ADD PRIMARY KEY (`id`),
  ADD UNIQUE KEY `username` (`username`);

--
-- 在傾印的資料表使用自動遞增(AUTO_INCREMENT)
--

--
-- 使用資料表自動遞增(AUTO_INCREMENT) `brand`
--
ALTER TABLE `brand`
  MODIFY `id` int(6) UNSIGNED NOT NULL AUTO_INCREMENT COMMENT 'AUTO_INCREMENT', AUTO_INCREMENT=15;

--
-- 使用資料表自動遞增(AUTO_INCREMENT) `category`
--
ALTER TABLE `category`
  MODIFY `id` int(10) UNSIGNED NOT NULL AUTO_INCREMENT, AUTO_INCREMENT=5;

--
-- 使用資料表自動遞增(AUTO_INCREMENT) `coupons`
--
ALTER TABLE `coupons`
  MODIFY `coupon_id` int(11) NOT NULL AUTO_INCREMENT, AUTO_INCREMENT=55;

--
-- 使用資料表自動遞增(AUTO_INCREMENT) `history`
--
ALTER TABLE `history`
  MODIFY `id` int(11) NOT NULL AUTO_INCREMENT;

--
-- 使用資料表自動遞增(AUTO_INCREMENT) `marjong_table`
--
ALTER TABLE `marjong_table`
  MODIFY `table_id` int(11) NOT NULL AUTO_INCREMENT, AUTO_INCREMENT=6;

--
-- 使用資料表自動遞增(AUTO_INCREMENT) `owner`
--
ALTER TABLE `owner`
  MODIFY `id` int(11) NOT NULL AUTO_INCREMENT, AUTO_INCREMENT=106;

--
-- 使用資料表自動遞增(AUTO_INCREMENT) `product`
--
ALTER TABLE `product`
  MODIFY `id` int(5) UNSIGNED NOT NULL AUTO_INCREMENT, AUTO_INCREMENT=72;

--
-- 使用資料表自動遞增(AUTO_INCREMENT) `rent_images`
--
ALTER TABLE `rent_images`
  MODIFY `id` int(3) UNSIGNED NOT NULL AUTO_INCREMENT, AUTO_INCREMENT=40;

--
-- 使用資料表自動遞增(AUTO_INCREMENT) `rent_price_category`
--
ALTER TABLE `rent_price_category`
  MODIFY `id` int(10) UNSIGNED NOT NULL AUTO_INCREMENT, AUTO_INCREMENT=6;

--
-- 使用資料表自動遞增(AUTO_INCREMENT) `rent_product`
--
ALTER TABLE `rent_product`
  MODIFY `id` int(5) UNSIGNED NOT NULL AUTO_INCREMENT, AUTO_INCREMENT=20;

--
-- 使用資料表自動遞增(AUTO_INCREMENT) `rent_record`
--
ALTER TABLE `rent_record`
  MODIFY `id` int(5) UNSIGNED NOT NULL AUTO_INCREMENT, AUTO_INCREMENT=57;

--
-- 使用資料表自動遞增(AUTO_INCREMENT) `users`
--
ALTER TABLE `users`
  MODIFY `id` int(11) NOT NULL AUTO_INCREMENT, AUTO_INCREMENT=110;

--
-- 已傾印資料表的限制式
--

--
-- 資料表的限制式 `marjong_table`
--
ALTER TABLE `marjong_table`
  ADD CONSTRAINT `marjong_table_ibfk_1` FOREIGN KEY (`room_id`) REFERENCES `mahjong_room` (`room_id`);
COMMIT;

/*!40101 SET CHARACTER_SET_CLIENT=@OLD_CHARACTER_SET_CLIENT */;
/*!40101 SET CHARACTER_SET_RESULTS=@OLD_CHARACTER_SET_RESULTS */;
/*!40101 SET COLLATION_CONNECTION=@OLD_COLLATION_CONNECTION */;
