-- phpMyAdmin SQL Dump
-- version 5.2.1
-- https://www.phpmyadmin.net/
--
-- 主機： 127.0.0.1
-- 產生時間： 2024-06-13 10:57:21
-- 伺服器版本： 10.4.32-MariaDB
-- PHP 版本： 8.2.12

SET SQL_MODE = "NO_AUTO_VALUE_ON_ZERO";
START TRANSACTION;
SET time_zone = "+00:00";


/*!40101 SET @OLD_CHARACTER_SET_CLIENT=@@CHARACTER_SET_CLIENT */;
/*!40101 SET @OLD_CHARACTER_SET_RESULTS=@@CHARACTER_SET_RESULTS */;
/*!40101 SET @OLD_COLLATION_CONNECTION=@@COLLATION_CONNECTION */;
/*!40101 SET NAMES utf8mb4 */;

--
-- 資料庫： `mahjong`
--

-- --------------------------------------------------------

--
-- 資料表結構 `brand`
--

CREATE TABLE `brand` (
  `id` int(6) UNSIGNED NOT NULL COMMENT 'AUTO_INCREMENT',
  `name` varchar(20) NOT NULL,
  `valid` int(11) NOT NULL DEFAULT 1
) ENGINE=InnoDB DEFAULT CHARSET=utf8mb4 COLLATE=utf8mb4_unicode_ci;

--
-- 傾印資料表的資料 `brand`
--

INSERT INTO `brand` (`id`, `name`, `valid`) VALUES
(1, '東方不敗', 1),
(2, '雀王', 1),
(9, '商密特SUMITMIT', 1),
(10, '長勝', 1),
(11, '麻將大俠', 1),
(12, '雀友', 1),
(14, '輝葉良品', 1),
(15, '桌遊', 1),
(16, '馬丘machill', 1);

-- --------------------------------------------------------

--
-- 資料表結構 `category`
--

CREATE TABLE `category` (
  `id` int(10) UNSIGNED NOT NULL,
  `name` varchar(20) NOT NULL
) ENGINE=InnoDB DEFAULT CHARSET=utf8mb4 COLLATE=utf8mb4_unicode_ci;

--
-- 傾印資料表的資料 `category`
--

INSERT INTO `category` (`id`, `name`) VALUES
(1, '麻將桌'),
(2, '桌游-策略'),
(3, '桌遊-派對'),
(4, '桌遊-RPG'),
(5, '桌遊-台灣元素');

-- --------------------------------------------------------

--
-- 資料表結構 `chapter_progress`
--

CREATE TABLE `chapter_progress` (
  `id` int(3) NOT NULL,
  `user_id` int(3) NOT NULL,
  `chapter_id` int(3) NOT NULL,
  `status` varchar(255) NOT NULL
) ENGINE=InnoDB DEFAULT CHARSET=utf8mb4 COLLATE=utf8mb4_unicode_ci;

-- --------------------------------------------------------

--
-- 資料表結構 `coupons`
--

CREATE TABLE `coupons` (
  `coupon_id` int(11) NOT NULL,
  `name` varchar(255) NOT NULL,
  `discount_code` varchar(50) NOT NULL,
  `discount_type` varchar(20) NOT NULL,
  `discount_value` decimal(10,0) NOT NULL,
  `valid_from` date NOT NULL,
  `valid_to` date NOT NULL,
  `limit_value` int(50) NOT NULL,
  `usage_limit` int(11) NOT NULL,
  `status` varchar(30) NOT NULL,
  `created_at` datetime NOT NULL,
  `update_at` datetime NOT NULL
) ENGINE=InnoDB DEFAULT CHARSET=utf8mb4 COLLATE=utf8mb4_general_ci;

--
-- 傾印資料表的資料 `coupons`
--

INSERT INTO `coupons` (`coupon_id`, `name`, `discount_code`, `discount_type`, `discount_value`, `valid_from`, `valid_to`, `limit_value`, `usage_limit`, `status`, `created_at`, `update_at`) VALUES
(1, '會員專享', '7L2SX656EZ', 'percent', 10, '2024-06-13', '2024-08-17', 2000, 700, 'inactive', '2024-06-04 17:54:28', '2024-06-04 17:53:37'),
(2, '夏季大促', '4B8XAJQLYH', 'percent', 10, '2024-06-09', '2024-08-26', 4000, 1000, 'active', '2024-06-04 17:54:18', '2024-06-04 17:53:54'),
(3, '生日特惠', 'MZGQC1YQA5', 'percent', 70, '2024-06-13', '2024-07-23', 5000, 300, 'active', '2024-06-04 17:57:18', '2024-06-04 18:12:55'),
(4, '會員專享', '5SW7Y0YVUY', 'cash', 2000, '2024-06-17', '2024-08-09', 6000, 600, 'active', '2024-06-04 17:57:17', '0000-00-00 00:00:00'),
(5, '冬季減價', 'CUJVA1DUYH', 'percent', 40, '2024-06-17', '2024-07-23', 10000, 600, 'inactive', '2024-06-04 17:57:16', '0000-00-00 00:00:00'),
(6, '新客禮包', '1VCC98C2LX', 'percent', 60, '2024-06-05', '2024-08-08', 9000, 300, 'active', '2024-06-04 17:57:15', '0000-00-00 00:00:00'),
(7, '會員專享', 'LGWUGPAZ1S', 'cash', 5000, '2024-06-14', '2024-08-30', 4000, 200, 'inactive', '2024-06-04 17:57:13', '0000-00-00 00:00:00'),
(8, '會員專享', '03EL0O80LY', 'cash', 7000, '2024-06-28', '2024-09-16', 2000, 500, 'active', '2024-06-04 17:57:07', '0000-00-00 00:00:00'),
(9, '節日特賣', '2KSXFPQCJI', 'cash', 7000, '2024-06-20', '2024-08-24', 6000, 100, 'inactive', '2024-06-04 17:57:06', '0000-00-00 00:00:00'),
(10, '春季促銷', 'MA4X1V5APR', 'percent', 70, '2024-06-04', '2024-07-15', 3000, 300, 'active', '2024-06-04 17:57:05', '0000-00-00 00:00:00'),
(11, '秋季特惠', 'N1RVK6YLIZ', 'cash', 1000, '2024-06-15', '2024-07-16', 7000, 1000, 'inactive', '2024-06-04 17:57:03', '0000-00-00 00:00:00'),
(12, '生日特惠', '8L83ICCFNQ', 'cash', 4000, '2024-06-01', '2024-08-12', 5000, 700, 'active', '2024-06-04 17:57:02', '2024-06-04 18:13:09'),
(13, '會員專享', 'F708U8EEVE', 'cash', 4000, '2024-06-02', '2024-07-08', 8000, 900, 'active', '2024-06-04 17:57:01', '0000-00-00 00:00:00'),
(14, '夏季大促', '6POZL3D50Z', 'percent', 70, '2024-06-06', '2024-07-17', 2000, 1000, 'inactive', '2024-06-04 17:57:00', '0000-00-00 00:00:00'),
(15, '春季促銷', '2F56IRP2ON', 'percent', 60, '2024-06-18', '2024-09-04', 3000, 700, 'inactive', '2024-06-04 17:56:58', '0000-00-00 00:00:00'),
(16, '新客禮包', '197933IIXN', 'percent', 10, '2024-06-22', '2024-09-03', 6000, 300, 'inactive', '2024-06-04 17:56:57', '0000-00-00 00:00:00'),
(17, '夏季大促', '8DCDN97F5U', 'percent', 20, '2024-06-02', '2024-07-11', 1000, 500, 'inactive', '2024-06-04 17:56:56', '0000-00-00 00:00:00'),
(18, '節日特賣', '13E3FG8CAF', 'percent', 45, '2024-06-02', '2024-08-27', 1000, 1000, 'inactive', '2024-06-04 17:56:54', '0000-00-00 00:00:00'),
(19, '週年慶', 'MWK4A1VMC7', 'cash', 1000, '2024-06-17', '2024-09-14', 2000, 700, 'active', '2024-06-04 17:56:53', '0000-00-00 00:00:00'),
(20, '限時優惠', 'XUB218N05B', 'cash', 2000, '2024-06-15', '2024-08-27', 3000, 600, 'inactive', '2024-06-04 17:56:52', '0000-00-00 00:00:00'),
(21, '限時優惠', '8DB9PTTM6S', 'cash', 2000, '2024-06-20', '2024-08-06', 3000, 100, 'inactive', '2024-06-04 17:56:50', '0000-00-00 00:00:00'),
(22, '節日特賣', 'A5GD6PJNLA', 'percent', 60, '2024-06-10', '2024-09-01', 1000, 800, 'inactive', '2024-06-04 17:56:05', '0000-00-00 00:00:00'),
(23, '週年慶', 'FXDJVF9Z5C', 'percent', 70, '2024-06-09', '2024-08-04', 1000, 100, 'active', '2024-06-04 17:56:04', '0000-00-00 00:00:00'),
(24, '限時優惠', 'NGKE58XRYM', 'cash', 10000, '2024-06-23', '2024-09-12', 1000, 400, 'inactive', '2024-06-04 17:56:03', '0000-00-00 00:00:00'),
(25, '限時優惠', 'SSXGEXM0LO', 'cash', 6000, '2024-06-20', '2024-08-02', 7000, 200, 'active', '2024-06-04 17:56:01', '0000-00-00 00:00:00'),
(26, '會員專享', 'D10L20TG7U', 'cash', 5000, '2024-05-07', '2024-05-30', 3000, 100, 'inactive', '2024-06-04 17:56:00', '2024-06-03 19:53:53'),
(27, '節日特賣', '3O3C478AR6', 'percent', 40, '2024-06-26', '2024-09-18', 7000, 900, 'inactive', '2024-06-04 17:55:59', '0000-00-00 00:00:00'),
(28, '春季促銷', 'MFUAWBO3I0', 'cash', 2000, '2024-06-24', '2024-09-21', 6000, 500, 'active', '2024-06-04 17:55:57', '0000-00-00 00:00:00'),
(29, '節日特賣', 'TK6SEV0CLO', 'cash', 4000, '2024-06-07', '2024-07-23', 4000, 900, 'active', '2024-06-04 17:55:55', '0000-00-00 00:00:00'),
(30, '冬季減價', 'T6MBBYA1QY', 'percent', 70, '2024-06-07', '2024-08-24', 5000, 400, 'active', '2024-06-04 17:55:54', '0000-00-00 00:00:00'),
(31, '春季促銷', '1AYL5DLCH2', 'percent', 20, '2024-06-11', '2024-08-04', 4000, 300, 'inactive', '2024-06-04 17:55:52', '0000-00-00 00:00:00'),
(32, '會員專享', 'LQ8UYJCYCI', 'percent', 30, '2024-06-02', '2024-07-27', 1000, 1000, 'active', '2024-06-04 17:55:50', '0000-00-00 00:00:00'),
(33, '會員專享', 'ZMN9L8SKZ1', 'cash', 4000, '2024-06-16', '2024-07-26', 7000, 1000, 'active', '2024-06-04 17:55:45', '0000-00-00 00:00:00'),
(34, '週年慶', 'SO61BN058Z', 'percent', 70, '2024-06-05', '2024-07-19', 8000, 100, 'active', '2024-06-04 17:55:44', '2024-06-04 18:35:30'),
(35, '新客禮包', 'K0JH6XFIZB', 'percent', 20, '2024-06-10', '2024-08-23', 4000, 400, 'active', '2024-06-04 17:55:43', '0000-00-00 00:00:00'),
(36, '秋季特惠', 'M5GCGV0VDT', 'cash', 10000, '2024-06-17', '2024-08-17', 3000, 700, 'active', '2024-06-04 17:55:42', '0000-00-00 00:00:00'),
(37, '生日特惠', 'UU0XRFREOO', 'cash', 3000, '2024-06-16', '2024-07-21', 9000, 1000, 'inactive', '2024-06-04 17:55:39', '0000-00-00 00:00:00'),
(38, '冬季減價', 'GJYMFSENF8', 'percent', 70, '2024-06-14', '2024-09-04', 8000, 600, 'inactive', '2024-06-04 17:55:38', '0000-00-00 00:00:00'),
(39, '週年慶', 'BGBUEYOPBC', 'cash', 5000, '2024-06-06', '2024-08-23', 5000, 500, 'active', '2024-06-04 17:55:37', '2024-06-05 19:05:48'),
(40, '冬季減價', 'DWGA4FSZEB', 'percent', 30, '2024-06-18', '2024-08-21', 4000, 600, 'inactive', '2024-06-04 17:55:36', '0000-00-00 00:00:00'),
(41, '節日特賣', 'XMAJFVK9H7', 'cash', 6000, '2024-06-16', '2024-08-27', 7000, 100, 'active', '2024-06-04 17:55:34', '0000-00-00 00:00:00'),
(42, '春季促銷', '6SQHEZYXN7', 'percent', 50, '2024-06-16', '2024-07-20', 6000, 100, 'inactive', '2024-06-04 17:55:33', '0000-00-00 00:00:00'),
(43, '春季促銷', '4UHCRFQVLL', 'cash', 3000, '2024-06-09', '2024-08-10', 5000, 1000, 'active', '2024-06-04 17:55:31', '2024-06-04 18:13:55'),
(44, '週年慶', 'X9C5N0N5QH', 'cash', 8000, '2024-06-27', '2024-08-05', 5000, 600, 'inactive', '2024-06-04 17:55:30', '2024-06-04 18:35:26'),
(45, '春季促銷', 'RJRUOZHC1A', 'cash', 6000, '2024-06-20', '2024-08-17', 8000, 600, 'active', '2024-06-04 17:55:29', '2024-06-05 19:04:24'),
(46, '限時優惠', 'ZL2R22W3LX', 'percent', 80, '2024-06-16', '2024-07-25', 2000, 100, 'inactive', '2024-06-04 17:55:27', '2024-06-04 18:14:38'),
(47, '生日特惠', 'SPAIZTMA9T', 'percent', 30, '2024-06-24', '2024-09-12', 5000, 100, 'active', '2024-06-04 17:55:26', '2024-06-05 16:31:57'),
(48, '春季促銷', 'AXWVEGL90E', 'cash', 5000, '2024-06-19', '2024-07-23', 3000, 100, 'inactive', '2024-06-04 17:55:25', '2024-06-04 18:14:51'),
(49, '生日特惠', 'D4BRCCTH4P', 'percent', 80, '2024-06-19', '2024-07-26', 8000, 400, 'active', '2024-06-04 17:55:23', '2024-06-05 19:07:24'),
(50, '生日特惠', 'C8A0O4FLMG', 'percent', 40, '2024-06-12', '2024-08-05', 1000, 500, 'active', '2024-06-04 17:55:22', '2024-06-05 19:56:11'),
(51, '節日特賣	', 'PYGIEB0CF8', 'cash', 1000, '2024-05-08', '2024-05-31', 2000, 200, 'inactive', '2024-06-04 17:55:18', '2024-06-05 19:05:24'),
(52, '生日特惠	', 'EOAS5XIZWV', 'cash', 2000, '2024-05-14', '2024-05-31', 2000, 20, 'inactive', '2024-06-04 17:55:06', '2024-06-05 19:56:05'),
(53, '夏日優惠', 'IOA478CDUI', 'cash', 2000, '2024-04-17', '2024-05-01', 2000, 300, 'inactive', '2024-06-04 17:55:04', '2024-06-05 16:32:04'),
(54, '夏日優惠', '8ECGCOREW6', 'percent', 20, '2024-06-09', '2024-07-04', 2000, 200, 'active', '2024-06-04 17:55:03', '2024-06-05 19:56:16'),
(55, '夏日優惠', '24Q4ZQNRHF', 'percent', 50, '2024-04-09', '2024-06-19', 2000, 200, 'active', '2024-06-04 17:54:58', '2024-06-05 19:04:08'),
(56, '夏日優惠', 'WBJTE63MBH', 'cash', 2000, '2024-05-15', '2024-06-03', 2000, 300, 'inactive', '2024-06-03 19:27:46', '2024-06-04 18:36:47'),
(57, '夏日優惠', 'ZZW5HT5JCA', 'percent', 20, '2024-04-10', '2024-06-26', 2000, 200, 'active', '2024-06-04 10:28:38', '2024-06-05 19:18:44'),
(58, '夏日優惠', 'GET22FX1ZU', 'percent', 50, '2024-06-02', '2024-06-28', 2000, 200, 'inactive', '2024-06-04 18:26:03', '2024-06-05 19:44:38'),
(59, '夏日優惠', 'PI7QGD9Y6X', 'percent', 20, '2024-06-04', '2024-07-06', 2000, 200, 'inactive', '2024-06-05 19:45:05', '2024-06-05 19:47:29'),
(60, '夏日優惠', '4C7QT1ZQUQ', 'cash', 3000, '2024-05-26', '2024-06-20', 3000, 400, 'inactive', '2024-06-05 19:47:57', '2024-06-06 13:23:54'),
(61, '夏日優惠', 'L20KQDM88T', 'cash', 4000, '2024-06-02', '2024-07-03', 3000, 200, 'active', '2024-06-05 19:49:08', '2024-06-05 19:52:25'),
(62, '夏日優惠', 'IMR5PTRBNQ', 'percent', 40, '2024-03-11', '2024-06-03', 3000, 300, 'inactive', '2024-06-05 19:50:22', '2024-06-05 20:40:03'),
(63, '冬季優惠', '74UJVYROI4', 'percent', 50, '2024-06-03', '2024-06-28', 3000, 200, 'active', '2024-06-05 19:51:06', '2024-06-05 20:39:55'),
(64, '冬季優惠', 'T41CCLLXQ2', 'percent', 20, '2024-06-03', '2024-07-11', 2000, 200, 'active', '2024-06-05 20:40:30', '2024-06-06 09:18:02'),
(65, '冬季優惠', 'YVM1XWOPLZ', 'percent', 30, '2024-06-11', '2024-06-28', 3000, 200, 'active', '2024-06-06 09:18:33', '0000-00-00 00:00:00'),
(66, '秋季優惠', 'WCUO6R5FRS', 'cash', 2000, '2024-06-19', '2024-08-09', 3000, 300, 'inactive', '2024-06-06 09:21:53', '2024-06-06 13:24:12'),
(67, '冬季優惠', '2QLMBUGL2D', 'cash', 2000, '2024-06-10', '2024-07-25', 3000, 100, 'active', '2024-06-06 09:22:30', '2024-06-06 14:46:44'),
(68, '冬季優惠', 'KY1R1E9IH1', 'percent', 50, '2024-06-12', '2024-07-06', 3000, 300, 'active', '2024-06-06 11:13:46', '2024-06-06 15:31:39'),
(69, '冬季優惠', 'B328VE6WD2', 'cash', 5000, '2024-03-12', '2024-06-19', 2000, 200, 'active', '2024-06-06 15:31:57', '2024-06-07 11:40:21'),
(70, '冬季優惠', 'QF7UK2GA11', 'cash', 3000, '2024-06-21', '2024-09-27', 2000, 300, 'inactive', '2024-06-06 15:58:15', '0000-00-00 00:00:00'),
(71, '夏日', 'EZI6PU57OK', 'percent', 20, '2024-05-14', '2024-06-28', 3000, 200, 'active', '2024-06-07 13:54:35', '2024-06-07 13:55:39');

-- --------------------------------------------------------

--
-- 資料表結構 `course`
--

CREATE TABLE `course` (
  `id` int(5) UNSIGNED NOT NULL,
  `course_name` varchar(50) NOT NULL,
  `course_category_id` int(3) NOT NULL,
  `content` varchar(1000) NOT NULL,
  `price` int(6) UNSIGNED NOT NULL,
  `images` varchar(50) NOT NULL,
  `file` varchar(255) NOT NULL,
  `created_at` datetime NOT NULL,
  `updated_at` datetime NOT NULL,
  `on_datetime` date NOT NULL,
  `off_datetime` date NOT NULL,
  `valid` tinyint(4) NOT NULL DEFAULT 1
) ENGINE=InnoDB DEFAULT CHARSET=utf8mb4 COLLATE=utf8mb4_unicode_ci;

--
-- 傾印資料表的資料 `course`
--

INSERT INTO `course` (`id`, `course_name`, `course_category_id`, `content`, `price`, `images`, `file`, `created_at`, `updated_at`, `on_datetime`, `off_datetime`, `valid`) VALUES
(1, '麻將大師之路：掌握技巧、精通策略', 2, '', 1000, 'mj1.jpg', 'v1.mp4', '2024-05-28 15:09:26', '2024-05-28 15:09:26', '2024-05-05', '2024-06-06', 1),
(2, '麻將魔法學堂：從入門到高手，魔法一步步展開', 2, '', 4000, 'mj2.jpg', 'v2.mp4', '2024-05-28 15:09:26', '2024-05-28 15:09:26', '2024-05-30', '2024-06-08', 1),
(3, '麻將心理戰：揭秘對手心理，勝利在指間', 2, '', 3000, 'mj3.jpg', 'v3.mp4', '2024-05-28 15:09:26', '2024-05-28 15:09:26', '2024-06-01', '2024-06-27', 1),
(4, '麻將策略工坊：戰術、布局，學會讓牌在你手中說話', 2, '', 10000, 'mj4.jpg', 'v4.mp4', '2024-05-28 15:09:26', '2024-05-28 15:09:26', '2024-06-02', '2024-06-21', 1),
(5, '麻將智慧班：腦力激盪、思維拓展，用智慧擊敗對手', 2, '', 10000, 'mj5.jpg', 'v5.mp4', '2024-05-28 15:09:26', '2024-05-28 15:09:26', '2024-06-01', '2024-06-03', 1),
(6, '麻將大師班：從菜鳥到大師，成就你的麻將夢', 2, '', 1100, 'mj6.jpg', 'v6.mp4', '2024-05-28 15:09:26', '2024-05-28 15:09:26', '2024-06-02', '2024-06-19', 1),
(7, '麻將魅力課：深入探索麻將的神奇魅力，迷人不已', 2, '', 800, 'mj7.jpg', 'v7.mp4', '2024-05-28 15:09:26', '2024-05-28 15:09:26', '2024-05-24', '2024-05-30', 1),
(8, '麻將戰略密技：揭開麻將的奧秘，讓你成為贏家', 2, '', 900, 'mj8.jpg', 'v8.mp4', '2024-05-28 15:09:26', '2024-05-28 15:09:26', '2024-05-23', '2024-05-30', 1),
(9, '麻將風雲計：預測風向、把握大勢，制霸麻將桌', 2, '', 400, 'mj9.jpg', 'v9.mp4', '2024-05-28 15:09:26', '2024-05-28 15:09:26', '2024-05-22', '2024-05-30', 1),
(10, '麻將之道：修煉心境、融入文化，探索麻將的深層魅力', 2, '', 3000, 'mj10.jpg', 'v10.mp4', '2024-05-28 15:09:26', '2024-05-28 15:09:26', '2024-05-05', '2024-06-06', 1),
(11, '圍棋教室：征服圍棋世界的旅程', 3, '', 5555, 'go1.jpg', 'go1.mp4', '2024-06-06 10:40:40', '0000-00-00 00:00:00', '2024-05-26', '2024-10-31', 1),
(12, '圍棋教室：發掘棋藝之道，與棋友共成長', 3, '', 5566, 'go2.jpg', 'go2.mp4', '2024-06-06 11:08:29', '0000-00-00 00:00:00', '2024-06-03', '2024-06-27', 1),
(13, '圍棋教室：追尋棋路，探索智慧之門', 3, '', 77775, 'go3.jpg', 'go3.mp4', '2024-06-06 11:10:24', '0000-00-00 00:00:00', '2024-05-26', '2024-10-09', 1),
(14, '從零開始學五子棋：從初學者到高手的進化之路', 1, '', 3000, 'mj10.jpg', 'v10.mp4', '2024-05-28 15:09:26', '2024-05-28 15:09:26', '2024-06-01', '2025-05-04', 1),
(15, '從零開始學五子棋：挑戰極限，一步一步成為五子棋大師', 1, '', 3000, 'mj10.jpg', 'v10.mp4', '2024-05-28 15:09:26', '2024-05-28 15:09:26', '2024-06-01', '2025-05-04', 1),
(16, '從零開始學五子棋：掌握技巧、展現智慧', 1, '', 3000, 'mj10.jpg', 'v10.mp4', '2024-05-28 15:09:26', '2024-05-28 15:09:26', '2024-06-01', '2025-05-04', 1),
(17, '從零開始學五子棋：從棋盤的那一端開始，成就五子棋的巔峰', 1, '', 3000, 'mj10.jpg', 'v10.mp4', '2024-05-28 15:09:26', '2024-05-28 15:09:26', '2024-06-01', '2025-05-04', 1),
(18, '從零開始學五子棋：策略、佈局，讓你成為五子棋的王者', 1, '', 3000, 'mj10.jpg', 'v10.mp4', '2024-05-28 15:09:26', '2024-05-28 15:09:26', '2024-06-01', '2025-05-04', 1),
(19, '從零開始學五子棋：磨練技能，勝利在眼前', 1, '', 3000, 'mj10.jpg', 'v10.mp4', '2024-05-28 15:09:26', '2024-05-28 15:09:26', '2024-06-01', '2025-05-04', 1),
(20, '從零開始學五子棋：挑戰自我極限，突破五子棋的困難', 1, '', 3000, 'mj10.jpg', 'v10.mp4', '2024-05-28 15:09:26', '2024-05-28 15:09:26', '2024-06-01', '2025-05-04', 1),
(21, '從零開始學五子棋：揭開五子棋的奧秘，贏在棋局中', 1, '', 3000, 'mj10.jpg', 'v10.mp4', '2024-05-28 15:09:26', '2024-05-28 15:09:26', '2024-06-01', '2025-05-04', 1),
(22, '從零開始學五子棋：戰勝對手，成為五子棋的王者', 1, '', 3000, 'mj10.jpg', 'v10.mp4', '2024-05-28 15:09:26', '2024-05-28 15:09:26', '2024-06-01', '2025-05-04', 1),
(23, '從零開始學五子棋', 1, '', 3000, 'mj10.jpg', 'v10.mp4', '2024-05-28 15:09:26', '2024-05-28 15:09:26', '2024-06-01', '2025-05-04', 1),
(24, '麻將課：戰術、策略，成就你的麻將夢', 2, '', 3000, 'mj10.jpg', 'v10.mp4', '2024-05-28 15:09:26', '2024-05-28 15:09:26', '2024-06-01', '2025-05-04', 1),
(25, '麻將課：從菜鳥到大師，體驗麻將的魅力', 2, '', 3000, 'mj10.jpg', 'v10.mp4', '2024-05-28 15:09:26', '2024-05-28 15:09:26', '2024-06-01', '2025-05-04', 1),
(26, '麻將課：發揮智慧，挑戰對手的極限', 2, '', 3000, 'mj10.jpg', 'v10.mp4', '2024-05-28 15:09:26', '2024-05-28 15:09:26', '2024-06-01', '2025-05-04', 1),
(27, '麻將課：從麻將桌上的每一局開始，提升你的技能', 2, '', 3000, 'mj10.jpg', 'v10.mp4', '2024-05-28 15:09:26', '2024-05-28 15:09:26', '2024-06-01', '2025-05-04', 1),
(28, '麻將課：掌握牌局節奏，探索麻將的精髓', 2, '', 3000, 'mj10.jpg', 'v10.mp4', '2024-05-28 15:09:26', '2024-05-28 15:09:26', '2024-06-01', '2025-05-04', 1),
(29, '麻將課：從零開始，追尋麻將之道', 2, '', 3000, 'mj10.jpg', 'v10.mp4', '2024-05-28 15:09:26', '2024-05-28 15:09:26', '2024-06-01', '2025-05-04', 1),
(30, '麻將課：揭開麻將的奧秘，成就你的麻將之夢', 2, '', 3000, 'mj10.jpg', 'v10.mp4', '2024-05-28 15:09:26', '2024-05-28 15:09:26', '2024-06-01', '2025-05-04', 1),
(31, '麻將課：挑戰對手，成為麻將大師', 2, '', 3000, 'mj10.jpg', 'v10.mp4', '2024-05-28 15:09:26', '2024-05-28 15:09:26', '2024-06-01', '2025-05-04', 1),
(32, '麻將課：探索麻將的深層魅力', 2, '', 3000, 'mj10.jpg', 'v10.mp4', '2024-05-28 15:09:26', '2024-05-28 15:09:26', '2024-06-01', '2025-05-04', 1),
(33, '麻將課麻將課：從入門到高手，掌握麻將的奧秘', 2, '', 3000, 'mj10.jpg', 'v10.mp4', '2024-05-28 15:09:26', '2024-05-28 15:09:26', '2024-06-01', '2025-05-04', 1),
(34, '圍棋教室：向圍棋的大師學習，成為棋藝的高手', 3, '', 3000, 'mj10.jpg', 'v10.mp4', '2024-05-28 15:09:26', '2024-05-28 15:09:26', '2024-06-01', '2025-05-04', 1),
(35, '圍棋教室：從入門到進階，掌握圍棋的技巧', 3, '', 3000, 'mj10.jpg', 'v10.mp4', '2024-05-28 15:09:26', '2024-05-28 15:09:26', '2024-06-01', '2025-05-04', 1),
(36, '圍棋教室：挑戰棋局，突破圍棋的困難', 3, '', 3000, 'mj10.jpg', 'v10.mp4', '2024-05-28 15:09:26', '2024-05-28 15:09:26', '2024-06-01', '2025-05-04', 1),
(37, '圍棋教室：追尋圍棋的智慧之光', 3, '', 3000, 'mj10.jpg', 'v10.mp4', '2024-05-28 15:09:26', '2024-05-28 15:09:26', '2024-06-01', '2025-05-04', 1),
(38, '圍棋教室：在棋盤上追尋智慧，開啟圍棋之路', 3, '', 3000, 'mj10.jpg', 'v10.mp4', '2024-05-28 15:09:26', '2024-05-28 15:09:26', '2024-06-01', '2025-05-04', 1),
(39, '圍棋教室：從初學者到高手，掌握圍棋的精髓', 3, '', 3000, 'mj10.jpg', 'v10.mp4', '2024-05-28 15:09:26', '2024-05-28 15:09:26', '2024-06-01', '2025-05-04', 1),
(40, '圍棋教室：尋找棋路，探索棋藝', 3, '', 3000, 'mj10.jpg', 'v10.mp4', '2024-05-28 15:09:26', '2024-05-28 15:09:26', '2024-06-01', '2025-05-04', 1),
(41, '圍棋教室：挑戰自我極限，成為圍棋的王者', 3, '', 3000, 'mj10.jpg', 'v10.mp4', '2024-05-28 15:09:26', '2024-05-28 15:09:26', '2024-06-01', '2025-05-04', 1),
(42, '圍棋教室：與好友一同奮戰，體驗圍棋的樂趣', 3, '', 3000, 'mj10.jpg', 'v10.mp4', '2024-05-28 15:09:26', '2024-05-28 15:09:26', '2024-06-01', '2025-05-04', 1),
(43, '圍棋教室：征服棋盤，成為圍棋大師', 3, '', 3000, 'mj10.jpg', 'v10.mp4', '2024-05-28 15:09:26', '2024-05-28 15:09:26', '2024-06-01', '2025-05-04', 1),
(44, '圍棋教室：追尋智慧之光，成就棋藝', 3, '', 3000, 'mj10.jpg', 'v10.mp4', '2024-05-28 15:09:26', '2024-05-28 15:09:26', '2024-06-01', '2025-05-04', 1),
(45, '圍棋教室：掌握棋局節奏，挑戰棋友', 3, '', 3000, 'mj10.jpg', 'v10.mp4', '2024-05-28 15:09:26', '2024-05-28 15:09:26', '2024-06-01', '2025-05-04', 1),
(46, '圍棋教室：從初學者到高手，追尋圍棋之路', 3, '', 3000, 'mj10.jpg', 'v10.mp4', '2024-05-28 15:09:26', '2024-05-28 15:09:26', '2024-06-01', '2025-05-04', 1),
(47, '圍棋教室：挑戰自我極限，征服圍棋的頂峰', 3, '', 3000, 'mj10.jpg', 'v10.mp4', '2024-05-28 15:09:26', '2024-05-28 15:09:26', '2024-06-01', '2025-05-04', 1),
(48, '圍棋教室：探索圍棋的奧秘，成就棋技', 3, '', 3000, 'mj10.jpg', 'v10.mp4', '2024-05-28 15:09:26', '2024-05-28 15:09:26', '2024-06-01', '2025-05-04', 1),
(49, '西洋棋進階班：提升棋力，成為西洋棋高手', 4, '', 3000, 'mj10.jpg', 'v10.mp4', '2024-05-28 15:09:26', '2024-05-28 15:09:26', '2024-06-01', '2025-05-04', 1),
(50, '西洋棋進階班：從初學者到大師，掌握西洋棋的技巧', 4, '', 3000, 'mj10.jpg', 'v10.mp4', '2024-05-28 15:09:26', '2024-05-28 15:09:26', '2024-06-01', '2025-05-04', 1),
(51, '西洋棋進階班：挑戰對手，成就西洋棋的巔峰', 4, '', 3000, 'mj10.jpg', 'v10.mp4', '2024-05-28 15:09:26', '2024-05-28 15:09:26', '2024-06-01', '2025-05-04', 1),
(52, '西洋棋進階班：發揮智慧，戰勝對手的每一步', 4, '', 3000, 'mj10.jpg', 'v10.mp4', '2024-05-28 15:09:26', '2024-05-28 15:09:26', '2024-06-01', '2025-05-04', 1),
(53, '西洋棋進階班：從入門到進階，追尋西洋棋的奧秘', 4, '', 3000, 'mj10.jpg', 'v10.mp4', '2024-05-28 15:09:26', '2024-05-28 15:09:26', '2024-06-01', '2025-05-04', 1),
(54, '西洋棋進階班：突破自我極限，提升西洋棋的水準', 4, '', 3000, 'mj10.jpg', 'v10.mp4', '2024-05-28 15:09:26', '2024-05-28 15:09:26', '2024-06-01', '2025-05-04', 1),
(55, '西洋棋進階班：與好友一同挑戰，體驗西洋棋的樂趣', 4, '', 3000, 'mj10.jpg', 'v10.mp4', '2024-05-28 15:09:26', '2024-05-28 15:09:26', '2024-06-01', '2025-05-04', 1),
(56, '西洋棋進階班：從零開始，揭開西洋棋的神秘', 4, '', 3000, 'mj10.jpg', 'v10.mp4', '2024-05-28 15:09:26', '2024-05-28 15:09:26', '2024-06-01', '2025-05-04', 1),
(57, '西洋棋進階班：挑戰自我極限，成為西洋棋的王者', 4, '', 3000, 'mj10.jpg', 'v10.mp4', '2024-05-28 15:09:26', '2024-05-28 15:09:26', '2024-06-01', '2025-05-04', 1),
(58, '西洋棋進階班：從初學者到高手，掌握西洋棋的精髓', 4, '', 3000, 'mj10.jpg', 'v10.mp4', '2024-05-28 15:09:26', '2024-05-28 15:09:26', '2024-06-01', '2025-05-04', 1),
(59, '西洋棋進階班：在棋盤上追尋智慧，體驗西洋棋的樂趣', 4, '', 3000, 'mj10.jpg', 'v10.mp4', '2024-05-28 15:09:26', '2024-05-28 15:09:26', '2024-06-01', '2025-05-04', 1),
(60, '西洋棋進階班：提升棋力，突破西洋棋的極限', 4, '', 3000, 'mj10.jpg', 'v10.mp4', '2024-05-28 15:09:26', '2024-05-28 15:09:26', '2024-06-01', '2025-05-04', 1),
(61, '西洋棋進階班：從入門到進階，追尋西洋棋的智慧', 4, '', 3000, 'mj10.jpg', 'v10.mp4', '2024-05-28 15:09:26', '2024-05-28 15:09:26', '2024-06-01', '2025-05-04', 1),
(62, '西洋棋進階班：挑戰對手，成為西洋棋的王者', 4, '', 3000, 'mj10.jpg', 'v10.mp4', '2024-05-28 15:09:26', '2024-05-28 15:09:26', '2024-06-01', '2025-05-04', 1),
(63, '西洋棋進階班：發揮智慧，征服西洋棋的世界', 4, '', 3000, 'mj10.jpg', 'v10.mp4', '2024-05-28 15:09:26', '2024-05-28 15:09:26', '2024-06-01', '2025-05-04', 1),
(64, '象棋學堂：學習古老遊戲，掌握象棋的精髓', 5, '', 3000, 'mj10.jpg', 'v10.mp4', '2024-05-28 15:09:26', '2024-05-28 15:09:26', '2024-06-01', '2025-05-04', 1),
(65, '象棋學堂：從入門到進階，挑戰象棋的極限', 5, '', 3000, 'mj10.jpg', 'v10.mp4', '2024-05-28 15:09:26', '2024-05-28 15:09:26', '2024-06-01', '2025-05-04', 1),
(66, '象棋學堂：追尋智慧之光，征服象棋的頂峰', 5, '', 3000, 'mj10.jpg', 'v10.mp4', '2024-05-28 15:09:26', '2024-05-28 15:09:26', '2024-06-01', '2025-05-04', 1),
(67, '象棋學堂：探索象棋的奧秘，成就象棋的王者', 5, '', 3000, 'mj10.jpg', 'v10.mp4', '2024-05-28 15:09:26', '2024-05-28 15:09:26', '2024-06-01', '2025-05-04', 1),
(68, '象棋學堂：從棋盤上追尋智慧，成為象棋大師', 5, '', 3000, 'mj10.jpg', 'v10.mp4', '2024-05-28 15:09:26', '2024-05-28 15:09:26', '2024-06-01', '2025-05-04', 1),
(69, '象棋學堂：突破自我極限，掌握象棋的技巧', 5, '', 3000, 'mj10.jpg', 'v10.mp4', '2024-05-28 15:09:26', '2024-05-28 15:09:26', '2024-06-01', '2025-05-04', 1),
(70, '象棋學堂：智慧之門的啟航者', 5, '', 3000, 'mj10.jpg', 'v10.mp4', '2024-05-28 15:09:26', '2024-05-28 15:09:26', '2024-06-01', '2025-05-04', 1),
(71, '象棋學堂：智慧戰局的掌握者', 5, '', 3000, 'mj10.jpg', 'v10.mp4', '2024-05-28 15:09:26', '2024-05-28 15:09:26', '2024-06-01', '2025-05-04', 1),
(72, '象棋學堂：古老棋藝的傳承者', 5, '', 3000, 'mj10.jpg', 'v10.mp4', '2024-05-28 15:09:26', '2024-05-28 15:09:26', '2024-06-01', '2025-05-04', 1),
(73, '象棋學堂：智慧對弈的智者', 5, '', 3000, 'mj10.jpg', 'v10.mp4', '2024-05-28 15:09:26', '2024-05-28 15:09:26', '2024-06-01', '2025-05-04', 1),
(74, '象棋學堂：策略佈局的大師', 5, '', 3000, 'mj10.jpg', 'v10.mp4', '2024-05-28 15:09:26', '2024-05-28 15:09:26', '2024-06-01', '2025-05-04', 1),
(75, '象棋學堂：智慧對局的冠軍', 5, '', 3000, 'mj10.jpg', 'v10.mp4', '2024-05-28 15:09:26', '2024-05-28 15:09:26', '2024-06-01', '2025-05-04', 1),
(76, '象棋學堂：智慧之路的追隨者', 5, '', 3000, 'mj10.jpg', 'v10.mp4', '2024-05-28 15:09:26', '2024-05-28 15:09:26', '2024-06-01', '2025-05-04', 1),
(77, '象棋學堂：智慧棋藝的探索者', 5, '', 3000, 'mj10.jpg', 'v10.mp4', '2024-05-28 15:09:26', '2024-05-28 15:09:26', '2024-06-01', '2025-05-04', 1),
(78, '象棋學堂：智慧之光的引導者', 5, '', 3000, 'mj10.jpg', 'v10.mp4', '2024-05-28 15:09:26', '2024-05-28 15:09:26', '2024-06-01', '2025-05-04', 1),
(79, '象棋學堂：智慧象棋的學者', 5, '', 3000, 'mj10.jpg', 'v10.mp4', '2024-05-28 15:09:26', '2024-05-28 15:09:26', '2024-06-01', '2025-05-04', 1),
(80, '象棋學堂：智慧決策的掌握者', 5, '', 3000, 'mj10.jpg', 'v10.mp4', '2024-05-28 15:09:26', '2024-05-28 15:09:26', '2024-06-01', '2025-05-04', 1),
(81, '象棋學堂：古老棋藝的後繼者', 5, '', 3000, 'mj10.jpg', 'v10.mp4', '2024-05-28 15:09:26', '2024-05-28 15:09:26', '2024-06-01', '2025-05-04', 1),
(82, '象棋學堂：智慧棋路的開拓者', 5, '', 3000, 'mj10.jpg', 'v10.mp4', '2024-05-28 15:09:26', '2024-05-28 15:09:26', '2024-06-01', '2025-05-04', 1),
(83, '象棋學堂：策略布局的藝術家', 5, '', 3000, 'mj10.jpg', 'v10.mp4', '2024-05-28 15:09:26', '2024-05-28 15:09:26', '2024-06-01', '2025-05-04', 1),
(84, '象棋學堂：智慧對弈的高手', 5, '', 3000, 'mj10.jpg', 'v10.mp4', '2024-05-28 15:09:26', '2024-05-28 15:09:26', '2024-06-01', '2025-05-04', 1),
(85, '象棋學堂：古老智慧的體現者', 5, '', 3000, 'mj10.jpg', 'v10.mp4', '2024-05-28 15:09:26', '2024-05-28 15:09:26', '2024-06-01', '2025-05-04', 1),
(86, '象棋學堂：智慧之路的遊子', 5, '', 3000, 'mj10.jpg', 'v10.mp4', '2024-05-28 15:09:26', '2024-05-28 15:09:26', '2024-06-01', '2025-05-04', 1),
(87, '象棋學堂：智慧棋道的探索者', 5, '', 3000, 'mj10.jpg', 'v10.mp4', '2024-05-28 15:09:26', '2024-05-28 15:09:26', '2024-06-01', '2025-05-04', 1),
(88, '象棋學堂：智慧象棋的鑑賞者', 5, '', 3000, 'mj10.jpg', 'v10.mp4', '2024-05-28 15:09:26', '2024-05-28 15:09:26', '2024-06-01', '2025-05-04', 1),
(89, '好課程', 4, '', 2211, 'go10.jpg', 'go10.mp4', '2024-06-07 11:05:27', '0000-00-00 00:00:00', '2024-05-26', '2024-06-27', 0),
(90, '課程優', 4, '', 4433, 'go8.jpg', 'go8.mp4', '2024-06-07 11:07:24', '0000-00-00 00:00:00', '2024-05-28', '2024-06-28', 0),
(91, '圍棋課', 3, '', 1320, '000001_1678342976.webp', '【課程資訊】手氣是可以藉由牌技去做改變的！｜20201012 吳老師麻將心法.mp4', '2024-06-07 12:26:08', '0000-00-00 00:00:00', '2024-05-26', '2024-06-08', 0),
(92, 'as12', 3, '', 2233, '002.webp', '【課程資訊】有緣牌與無緣牌｜吳老師心法試聽章2｜20211103 吳老師麻將心法.mp4', '2024-06-07 13:36:32', '0000-00-00 00:00:00', '2024-06-03', '2024-07-11', 0),
(93, 'dvdv', 3, '', 3334, '600x400精選_圖騰師.jpg', '【課程資訊】有緣牌與無緣牌｜吳老師心法試聽章2｜20211103 吳老師麻將心法.mp4', '2024-06-07 13:45:57', '0000-00-00 00:00:00', '2024-05-27', '2024-07-03', 0);

-- --------------------------------------------------------

--
-- 資料表結構 `course_category`
--

CREATE TABLE `course_category` (
  `id` int(11) NOT NULL,
  `name` varchar(50) NOT NULL
) ENGINE=InnoDB DEFAULT CHARSET=utf8mb4 COLLATE=utf8mb4_unicode_ci;

--
-- 傾印資料表的資料 `course_category`
--

INSERT INTO `course_category` (`id`, `name`) VALUES
(1, 'gomoku'),
(2, 'mahjong'),
(3, 'go'),
(4, 'chess'),
(5, 'shogi');

-- --------------------------------------------------------

--
-- 資料表結構 `course_chapter`
--

CREATE TABLE `course_chapter` (
  `id` int(3) NOT NULL,
  `course_id` int(11) NOT NULL,
  `chapter_name` varchar(50) NOT NULL,
  `content` varchar(400) NOT NULL,
  `images` varchar(255) NOT NULL,
  `created_at` datetime NOT NULL,
  `updated_at` datetime NOT NULL,
  `video_url` varchar(255) NOT NULL,
  `on-datetime` datetime NOT NULL,
  `off-datetime` datetime NOT NULL
) ENGINE=InnoDB DEFAULT CHARSET=utf8mb4 COLLATE=utf8mb4_unicode_ci;

-- --------------------------------------------------------

--
-- 資料表結構 `course_order`
--

CREATE TABLE `course_order` (
  `id` int(3) UNSIGNED NOT NULL,
  `user_id` int(11) NOT NULL,
  `course_id` int(11) NOT NULL,
  `status` int(11) NOT NULL,
  `order_date` datetime NOT NULL,
  `created_at` datetime NOT NULL,
  `updated_at` datetime NOT NULL
) ENGINE=InnoDB DEFAULT CHARSET=utf8mb4 COLLATE=utf8mb4_unicode_ci;

--
-- 傾印資料表的資料 `course_order`
--

INSERT INTO `course_order` (`id`, `user_id`, `course_id`, `status`, `order_date`, `created_at`, `updated_at`) VALUES
(1, 2, 3, 0, '2024-05-28 15:21:47', '2024-05-28 00:00:00', '2024-05-28 00:00:00'),
(2, 4, 5, 0, '2024-05-28 15:21:47', '2024-05-28 00:00:00', '2024-05-28 00:00:00'),
(3, 4, 6, 0, '2024-05-28 15:21:47', '2024-05-28 00:00:00', '2024-05-28 00:00:00'),
(4, 7, 2, 0, '2024-05-28 15:21:47', '2024-05-28 00:00:00', '2024-05-28 00:00:00'),
(5, 1, 9, 0, '2024-05-28 15:21:47', '2024-05-28 00:00:00', '2024-05-28 00:00:00'),
(6, 9, 9, 0, '2024-05-30 14:52:31', '2024-05-30 14:52:31', '2024-05-30 14:52:31'),
(7, 7, 8, 0, '2024-05-30 14:52:31', '2024-05-30 14:52:31', '2024-05-30 14:52:31'),
(8, 4, 5, 0, '2024-05-30 14:52:31', '2024-05-30 14:52:31', '2024-05-30 14:52:31'),
(9, 3, 2, 0, '2024-05-30 14:52:31', '2024-05-30 14:52:31', '2024-05-30 14:52:31'),
(10, 1, 9, 0, '2024-05-30 14:52:31', '2024-05-30 14:52:31', '2024-05-30 14:52:31'),
(11, 2, 8, 0, '2024-05-30 14:52:31', '2024-05-30 14:52:31', '2024-05-30 14:52:31'),
(12, 6, 4, 0, '2024-05-30 14:53:28', '2024-05-30 14:53:28', '2024-05-30 14:53:28');

-- --------------------------------------------------------

--
-- 資料表結構 `history`
--

CREATE TABLE `history` (
  `id` int(11) NOT NULL,
  `table_id` int(11) NOT NULL,
  `user_id` int(11) NOT NULL,
  `start_datetime` datetime NOT NULL,
  `end_datetime` datetime NOT NULL,
  `update_at` datetime NOT NULL DEFAULT current_timestamp()
) ENGINE=InnoDB DEFAULT CHARSET=utf8mb4 COLLATE=utf8mb4_unicode_ci;

-- --------------------------------------------------------

--
-- 資料表結構 `mahjong_room`
--

CREATE TABLE `mahjong_room` (
  `room_id` int(11) NOT NULL,
  `name` varchar(10) NOT NULL,
  `tele` varchar(10) NOT NULL,
  `tax_number` varchar(8) NOT NULL,
  `address` varchar(100) NOT NULL,
  `open_time` time DEFAULT NULL,
  `close_time` time DEFAULT NULL,
  `create_at` datetime NOT NULL DEFAULT current_timestamp(),
  `update_at` datetime DEFAULT current_timestamp(),
  `owner_id` int(11) DEFAULT NULL,
  `is_deleted` tinyint(4) NOT NULL
) ENGINE=InnoDB DEFAULT CHARSET=utf8mb4 COLLATE=utf8mb4_unicode_ci;

--
-- 傾印資料表的資料 `mahjong_room`
--

INSERT INTO `mahjong_room` (`room_id`, `name`, `tele`, `tax_number`, `address`, `open_time`, `close_time`, `create_at`, `update_at`, `owner_id`, `is_deleted`) VALUES
(1, '麻將大師中壢店', '0911111111', '12345678', '桃園市中壢區中華路120號10樓', '04:49:00', '10:50:00', '2024-05-30 10:35:32', '2024-05-30 16:35:32', 1, 1),
(2, '麻將大師中壢店', '0920746555', '12345678', '桃園市中壢區中華路120號10樓', '08:03:00', '10:50:00', '2024-05-31 04:14:46', '2024-05-31 10:14:46', 1, 0),
(3, '麻將大師鶯歌店', '0938261067', '28041666', '新北市鶯歌區建國路99號9樓', '08:00:00', '22:00:00', '2024-06-03 15:41:43', '2024-06-03 15:43:34', 1, 0),
(4, '麻將大師土城店', '0938261067', '28041666', '新北市土城區建國路99號9樓', '08:00:00', '22:00:00', '2024-06-03 15:41:43', '2024-06-03 15:43:34', 1, 0),
(5, '麻將大師萬華一店', '0938261067', '28041666', '新北市萬華區建國路99號9樓', '08:00:00', '22:00:00', '2024-06-03 15:41:43', '2024-06-03 15:43:34', 1, 0),
(6, '麻將大師萬華二店', '0938261067', '28041666', '新北市萬華區建國路88號8樓', '08:00:00', '22:00:00', '2024-06-03 15:41:43', '2024-06-03 15:43:34', 1, 0),
(7, '麻將大師萬華三店', '0938261067', '28041666', '新北市萬華區建國路88號10樓', '08:00:00', '22:00:00', '2024-06-03 15:41:43', '2024-06-03 15:43:34', 1, 0),
(8, '麻將大師中壢一店', '0920746555', '12345678', '桃園區中壢市中園路10號', '14:05:00', '15:05:00', '2024-06-05 08:14:17', '2024-06-05 14:14:17', 1, 0),
(9, '麻將大師中壢一店', '0920746555', '12345678', '桃園區中壢市中園路10號', '14:05:00', '15:05:00', '2024-06-05 08:14:21', '2024-06-05 14:14:21', 1, 0),
(10, '麻將大師中壢一店', '0920746555', '12345678', '桃園區中壢市中園路10號', '14:05:00', '15:05:00', '2024-06-05 08:14:39', '2024-06-05 14:14:39', 1, 0),
(11, '麻將大師中壢一店', '0920746555', '12345678', '桃園區中壢市中園路10號', '14:05:00', '15:05:00', '2024-06-05 08:16:23', '2024-06-05 14:16:23', 1, 0),
(12, '麻將大師中壢一店', '0920746555', '12345678', '桃園區中壢市中園路10號', '14:05:00', '15:05:00', '2024-06-05 08:17:15', '2024-06-05 14:17:15', 1, 0),
(13, 'Jack', '0911111111', '12345678', 'asdfasdf', '10:30:00', '09:00:00', '2024-06-05 15:47:18', '2024-06-05 15:47:18', 8, 1),
(14, 'Jack111', '0911111111', '12345678', 'asdfasdf', '10:30:00', '09:00:00', '2024-06-05 15:48:38', '2024-06-05 15:48:38', 4, 0),
(15, '大三元基隆一店', '0966888666', '88806688', '202 基隆市中正區和二路6號', '08:00:00', '22:00:00', '2022-03-05 00:00:00', NULL, 2, 0),
(16, '大三元基隆二店', '0966888667', '88806688', '202 基隆市中正區和二路6號', '08:00:00', '22:00:00', '2023-02-13 00:00:00', NULL, 2, 0),
(17, '大三元台北文山店', '0966888668', '88806688', '116 臺北市文山區忠順街3號', '08:00:00', '22:00:00', '2020-06-05 00:00:00', NULL, 2, 0),
(18, '大三元台北市民店', '0966888669', '88806688', '103 臺北市大同區市民大道14號', '08:00:00', '22:00:00', '2019-04-01 00:00:00', NULL, 2, 0),
(19, '大三元台北北投店', '0966888670', '88806688', '112 臺北市北投區竹子湖路16號', '08:00:00', '22:00:00', '2023-06-07 00:00:00', NULL, 2, 0),
(20, '大三元台北大安店', '0966888671', '88806688', '106 臺北市大安區敦南街24號', '08:00:00', '22:00:00', '2021-03-08 00:00:00', NULL, 2, 0),
(21, '大三元萬華店', '0966888672', '88806688', '111 臺北市士林區愛富二街32號', '08:00:00', '22:00:00', '2021-12-09 00:00:00', NULL, 2, 0),
(22, '大三元士林店', '0966888673', '88806688', '111 臺北市士林區愛富二街32號', '08:00:00', '22:00:00', '2020-10-10 00:00:00', NULL, 2, 0),
(23, '大三元士林二店', '0966888674', '88806688', '111 臺北市士林區承德路2號', '08:00:00', '22:00:00', '2018-01-11 00:00:00', NULL, 2, 0),
(24, '運再來松山店', '0966888675', '32334456', '105 臺北市松山區復興北路31號', '08:00:00', '22:00:00', '2018-01-12 00:00:00', NULL, 3, 0),
(25, '運再來台北旗艦店', '0966888676', '32334456', '100 臺北市中正區開封街8號', '08:00:00', '22:00:00', '2018-01-13 00:00:00', NULL, 3, 0),
(26, '運再來文山店', '0966888677', '32334456', '116 臺北市文山區和興路28號', '08:00:00', '22:00:00', '2018-01-14 00:00:00', NULL, 3, 0),
(27, '運再來北投店', '0966888678', '32334456', '112 臺北市北投區建國街13號', '08:00:00', '22:00:00', '2018-01-15 00:00:00', NULL, 3, 0),
(28, '紅不讓台北車站店', '0966888679', '32334456', '103 臺北市大同區忠孝西路29號', '08:00:00', '22:00:00', '2018-01-16 00:00:00', NULL, 4, 0),
(29, '紅不讓北投店', '0966888680', '32334456', '112 臺北市北投區石牌路17號', '08:00:00', '22:00:00', '2018-01-17 00:00:00', NULL, 4, 0),
(30, '紅不讓松山店', '0966888681', '32334456', '105 臺北市松山區八德路13號', '08:00:00', '22:00:00', '2018-01-18 00:00:00', NULL, 4, 0),
(31, '喜年來文山基地', '0966888682', '32334456', '116 臺北市文山區光輝路8號', '08:00:00', '22:00:00', '2018-01-19 00:00:00', NULL, 5, 0),
(32, '喜年來文山二號基地', '0966888683', '32334456', '116 臺北市文山區光輝路9號', '08:00:00', '22:00:00', '2018-01-19 00:00:00', NULL, 5, 0),
(33, '強強滾萬華店', '0966888684', '32334456', '108 臺北市萬華區西園路32號', '08:00:00', '22:00:00', '2008-05-21 00:00:00', NULL, 6, 0),
(34, '強強滾士林店', '0966888685', '32334456', '111 臺北市士林區小西街1號', '08:00:00', '22:00:00', '2010-07-20 00:00:00', NULL, 6, 0),
(35, '強強滾保安店', '0966888686', '32334456', '103 臺北市大同區保安街15號', '08:00:00', '22:00:00', '2023-06-23 00:00:00', NULL, 6, 0),
(36, '東風不敗樂群店', '0930111222', '66622233', '104 臺北市中山區樂群三路1號', '06:00:00', '22:00:00', '2020-02-24 00:00:00', NULL, 7, 0),
(37, '東風不敗萬華旗艦店', '0930111223', '66622233', '108 臺北市萬華區雙和街27號', '06:00:00', '22:00:00', '2012-05-25 00:00:00', NULL, 7, 0),
(38, '東風不敗北投店', '0930111224', '66622233', '112 臺北市北投區自強街15號', '06:00:00', '22:00:00', '2013-05-26 00:00:00', NULL, 7, 0),
(39, '東風不敗士林店', '0930111225', '66622233', '111 臺北市士林區華興街1號', '06:00:00', '22:00:00', '2023-04-27 00:00:00', NULL, 7, 0),
(40, '東風不敗北車店', '0930111226', '66622233', '103 臺北市大同區忠孝西路21號', '06:00:00', '22:00:00', '2024-08-28 00:00:00', NULL, 7, 0),
(41, '東風不敗敬業店', '0930111227', '66622233', '104 臺北市中山區敬業四路11號', '06:00:00', '22:00:00', '2020-06-29 00:00:00', NULL, 7, 0),
(42, '東風不敗天津店', '0930111228', '66622233', '100 臺北市中正區天津街23號', '06:00:00', '22:00:00', '2018-01-30 00:00:00', NULL, 7, 0),
(43, '東風不敗內湖店', '0930111229', '66622233', '114 臺北市內湖區新豐街4號', '06:00:00', '22:00:00', '2024-05-31 00:00:00', NULL, 7, 0),
(44, '東風不敗中山店', '0930111230', '66622233', '104 臺北市中山區基湖路19號', '06:00:00', '22:00:00', '2016-11-01 00:00:00', NULL, 7, 0),
(45, '東風不敗台中旗艦店', '0930111231', '66622233', '429 臺中市神岡區崇德路10號', '06:00:00', '22:00:00', '2023-09-02 00:00:00', NULL, 7, 0),
(46, '東風不敗三重店', '0930111232', '66622233', '241 新北市三重區文化北路11號', '06:00:00', '22:00:00', '0000-00-00 00:00:00', NULL, 7, 0),
(47, '麻將帝國平鎮店', '0922557446', '87632114', '324 桃園市平鎮區民族路35號', '06:00:00', '22:00:00', '2023-05-04 00:00:00', NULL, 8, 0),
(48, '麻將帝國蘆竹店', '0922557447', '87632114', '338 桃園市蘆竹區後面坑路1號', '06:00:00', '22:00:00', '2011-12-05 00:00:00', NULL, 8, 0),
(49, '麻將帝國後站店', '0922557448', '87632114', '330 桃園市桃園區峨眉三街28號', '06:00:00', '22:00:00', '2013-09-06 00:00:00', NULL, 8, 0),
(50, '麻將帝國中壢店', '0922557449', '87632114', '320 桃園市中壢區榮安五街8號', '06:00:00', '22:00:00', '2015-06-07 00:00:00', NULL, 8, 0),
(51, '麻將帝國中壢二店', '0922557450', '87632114', '320 桃園市中壢區民治二街21號', '06:00:00', '22:00:00', '2015-10-08 00:00:00', NULL, 8, 0),
(52, '圍城之戰', '0989056332', '56645664', '221 新北市汐止區湖東街1號', '06:00:00', '22:00:00', '2018-05-09 00:00:00', NULL, 9, 0),
(53, '圍城之戰', '0989056333', '56645664', '239 新北市鶯歌區龍三路34號', '06:00:00', '22:00:00', '2019-09-10 00:00:00', NULL, 9, 0),
(54, '圍城之戰', '0989056334', '56645664', '242 新北市新莊區富國路23號', '06:00:00', '22:00:00', '2021-08-11 00:00:00', NULL, 9, 0),
(55, '圍城之戰', '0989056335', '56645664', '221 新北市汐止區南勢街16號', '06:00:00', '22:00:00', '2022-10-12 00:00:00', NULL, 9, 0),
(56, '虛竹', '0954332145', '87889989', '244 新北市林口區工二區工二路28號', '06:00:00', '22:00:00', '1995-10-13 00:00:00', NULL, 10, 0),
(57, '放馬過來', '0980705743', '99980078', '220 新北市板橋區文華街30號', '06:00:00', '22:00:00', '2018-02-14 00:00:00', NULL, 11, 0),
(58, '放馬過來', '0980705744', '99980078', '249 新北市八里區忠二街7號', '06:00:00', '22:00:00', '2024-02-15 00:00:00', NULL, 11, 0),
(59, '斷掛', '0916734256', '90998263', '411 臺中市太平區山田路25號', '06:00:00', '22:00:00', '2019-05-16 00:00:00', NULL, 12, 0),
(60, '斷掛', '0916734257', '90998263', '404 臺中市北區民族路26號', '06:00:00', '22:00:00', '2019-11-10 00:00:00', NULL, 12, 0),
(61, '斷掛', '0916734258', '90998263', '439 臺中市大安區松九街3號', '06:00:00', '22:00:00', '2019-07-18 00:00:00', NULL, 12, 0),
(62, '八方戰神', '0988882112', '88773846', '831 高雄市大寮區會結一路23號', '06:00:00', '22:00:00', '2016-02-22 00:00:00', NULL, 13, 0),
(63, '八方戰神', '0988882113', '88773846', '821 高雄市路竹區莊敬街24號', '06:00:00', '22:00:00', '2022-05-20 00:00:00', NULL, 13, 0),
(64, '八方戰神', '0988882114', '88773846', '802 高雄市苓雅區仁義街27號', '06:00:00', '22:00:00', '0000-00-00 00:00:00', NULL, 13, 0),
(65, '南風昆陽店', '0990304487', '588689', '高雄市昆陽街5號', '08:00:00', '23:00:00', '2015-10-30 00:00:00', NULL, 14, 0),
(66, '北風景美店', '0939835657', '355053', '台南市景美街8號', '08:00:00', '23:00:00', '2015-06-11 00:00:00', NULL, 15, 0),
(67, '發財新生店', '0932291058', '146727', '台南市新生巷7號', '08:00:00', '23:00:00', '2016-02-04 00:00:00', NULL, 16, 0),
(68, '發財西門店', '0948902804', '710217', '台北市西門路61號', '08:00:00', '23:00:00', '2022-10-26 00:00:00', NULL, 16, 0),
(69, '發財博愛店', '0966525351', '577060', '台中市博愛路4段6號', '08:00:00', '23:00:00', '2024-02-08 00:00:00', NULL, 17, 0),
(70, '春夏秋冬育英店', '0948590844', '266347', '高雄市育英街2號', '08:00:00', '23:00:00', '2014-08-01 00:00:00', NULL, 18, 0),
(71, '春夏秋冬古亭店', '0980949698', '467903', '高雄市古亭巷41號', '08:00:00', '23:00:00', '2019-10-07 00:00:00', NULL, 18, 0),
(72, '春夏秋冬建國店', '0923025673', '860804', '台中市建國街277號', '08:00:00', '23:00:00', '2019-12-30 00:00:00', NULL, 18, 0),
(73, '發財西門店', '0967213789', '725118', '高雄市西門街998號', '08:00:00', '23:00:00', '2022-11-27 00:00:00', NULL, 19, 0),
(74, '北風和店', '0964899967', '676689', '台中市和街街22號', '08:00:00', '23:00:00', '2021-10-17 00:00:00', NULL, 20, 0),
(75, '北風萬隆店', '0950579579', '920100', '高雄市萬隆巷89號', '08:00:00', '23:00:00', '2016-12-14 00:00:00', NULL, 20, 0),
(76, '北風長春店', '0922585871', '208355', '台中市長春巷82號', '08:00:00', '23:00:00', '2016-04-05 00:00:00', NULL, 20, 0),
(77, '西風中正店', '0917048248', '519590', '台中市中正巷3段58號', '08:00:00', '23:00:00', '2013-11-28 00:00:00', NULL, 21, 0),
(78, '西風光華店', '0916881705', '752137', '台中市光華路40號', '08:00:00', '23:00:00', '2017-04-03 00:00:00', NULL, 21, 0),
(79, '春夏秋冬文昌店', '0997366993', '995351', '台中市文昌街138號', '08:00:00', '23:00:00', '2022-04-04 00:00:00', NULL, 22, 0),
(80, '春夏秋冬忠義店', '0966289913', '689267', '高雄市忠義街7號', '08:00:00', '23:00:00', '2013-09-10 00:00:00', NULL, 22, 0),
(81, '春夏秋冬芝山店', '0924410856', '888599', '台南市芝山街2號', '08:00:00', '23:00:00', '2016-08-06 00:00:00', NULL, 22, 0),
(82, '發財蘆洲店', '0991481869', '430139', '高雄市蘆洲街43號', '08:00:00', '23:00:00', '2015-09-27 00:00:00', NULL, 23, 0),
(83, '發財劍南店', '0980603802', '630445', '台北市劍南巷48號', '08:00:00', '23:00:00', '2014-06-03 00:00:00', NULL, 23, 0),
(84, '花牌芝山店', '0944080927', '959879', '台中市芝山巷2段353號', '08:00:00', '23:00:00', '2023-04-25 00:00:00', NULL, 24, 0),
(85, '花牌大勇店', '0985905720', '472729', '台南市大勇路783號', '08:00:00', '23:00:00', '2016-07-28 00:00:00', NULL, 24, 0),
(86, '麻雀石牌店', '0930962780', '360180', '高雄市石牌街54號', '08:00:00', '23:00:00', '2013-10-24 00:00:00', NULL, 25, 0),
(87, '麻雀中正店', '0988122036', '343285', '台南市中正巷914號', '08:00:00', '23:00:00', '2020-02-21 00:00:00', NULL, 25, 0),
(88, '麻雀中央店', '0960665031', '355136', '台北市中央巷42號', '08:00:00', '23:00:00', '2018-11-09 00:00:00', NULL, 25, 0),
(89, '東風迴龍店', '0982764101', '929422', '台中市迴龍路1號', '08:00:00', '23:00:00', '2015-12-22 00:00:00', NULL, 26, 0),
(90, '東風大勇店', '0931369787', '466130', '台南市大勇巷349號', '08:00:00', '23:00:00', '2023-03-16 00:00:00', NULL, 26, 0),
(91, '春夏秋冬劍南店', '0992610187', '829076', '高雄市劍南街5號', '08:00:00', '23:00:00', '2017-06-09 00:00:00', NULL, 27, 0),
(92, '南風文昌店', '0992573770', '709439', '台北市文昌路142號', '08:00:00', '23:00:00', '2023-06-19 00:00:00', NULL, 28, 0),
(93, '南風新店店', '0980259075', '563599', '高雄市新店街841號', '08:00:00', '23:00:00', '2017-10-13 00:00:00', NULL, 28, 0),
(94, '麻雀中正店', '0979129843', '698055', '高雄市中正路656號', '08:00:00', '23:00:00', '2022-09-08 00:00:00', NULL, 29, 0),
(95, '麻雀象山店', '0926557286', '998507', '台南市象山巷81號', '08:00:00', '23:00:00', '2019-02-04 00:00:00', NULL, 29, 0),
(96, '西風萬隆店', '0974592487', '884325', '台中市萬隆巷492號', '08:00:00', '23:00:00', '2021-10-29 00:00:00', NULL, 30, 0),
(97, '西風永寧店', '0942239446', '930710', '台中市永寧巷357號', '08:00:00', '23:00:00', '2019-10-01 00:00:00', NULL, 30, 0),
(98, '白板士林店', '0926249545', '901311', '高雄市士林路1號', '08:00:00', '23:00:00', '2018-09-22 00:00:00', NULL, 31, 0),
(99, '白板劍南店', '0916267299', '407514', '台南市劍南巷17號', '08:00:00', '23:00:00', '2021-10-09 00:00:00', NULL, 31, 0),
(100, '麻雀育英店', '0915794038', '621377', '台北市育英街7段61號', '08:00:00', '23:00:00', '2016-07-15 00:00:00', NULL, 32, 0),
(101, '春夏秋冬忠義店', '0926559227', '382525', '高雄市忠義街32號', '08:00:00', '23:00:00', '2021-09-13 00:00:00', NULL, 33, 0),
(102, '春夏秋冬文昌店', '0957691105', '167247', '高雄市文昌巷9段648號', '08:00:00', '23:00:00', '2014-01-24 00:00:00', NULL, 33, 0),
(103, '北風淡水店', '0924252646', '892665', '高雄市淡水街4號', '08:00:00', '23:00:00', '2023-02-10 00:00:00', NULL, 34, 0),
(104, '北風光復店', '0913160053', '372466', '台北市光復巷4段9號', '08:00:00', '23:00:00', '2015-04-06 00:00:00', NULL, 35, 0),
(105, '北風水源店', '0941562454', '665898', '台北市水源街885號', '08:00:00', '23:00:00', '2020-08-20 00:00:00', NULL, 35, 0),
(106, '西風光華店', '0996251799', '808944', '高雄市光華巷70號', '08:00:00', '23:00:00', '2020-10-23 00:00:00', NULL, 36, 0),
(107, '西風新北投店', '0943949435', '361471', '高雄市新北投街5段727號', '08:00:00', '23:00:00', '2021-11-08 00:00:00', NULL, 36, 0),
(108, '西風奇岩店', '0954267151', '486250', '台北市奇岩路1段4號', '08:00:00', '23:00:00', '2015-07-13 00:00:00', NULL, 36, 0),
(109, '麻雀公園店', '0963594467', '568270', '台中市公園街866號', '08:00:00', '23:00:00', '2019-01-11 00:00:00', NULL, 37, 0),
(110, '白板民治店', '0935900799', '403971', '台中市民治路29號', '08:00:00', '23:00:00', '2016-06-09 00:00:00', NULL, 38, 0),
(111, '白板國凱八德店', '0978554443', '530965', '台南市國凱八德巷2號', '08:00:00', '23:00:00', '2020-10-25 00:00:00', NULL, 38, 0),
(112, '白板中興店', '0928245770', '732635', '台南市中興路4號', '08:00:00', '23:00:00', '2014-04-16 00:00:00', NULL, 38, 0),
(113, '東風淡水店', '0953221085', '598677', '高雄市淡水街418號', '08:00:00', '23:00:00', '2019-11-17 00:00:00', NULL, 39, 0),
(114, '東風德店', '0936354462', '114296', '高雄市德巷8段5號', '08:00:00', '23:00:00', '2015-01-19 00:00:00', NULL, 39, 0),
(115, '東風中和店', '0979855480', '531117', '台南市中和路3段4號', '08:00:00', '23:00:00', '2019-05-20 00:00:00', NULL, 39, 0),
(116, '西風松山店', '0967359425', '672527', '台中市松山街30號', '08:00:00', '23:00:00', '2013-02-03 00:00:00', NULL, 40, 0),
(117, '西風光復店', '0917791151', '832111', '台中市光復路1段6號', '08:00:00', '23:00:00', '2016-05-09 00:00:00', NULL, 40, 0),
(118, '麻雀關渡店', '0923178499', '541523', '台南市關渡巷67號', '08:00:00', '23:00:00', '2022-05-16 00:00:00', NULL, 41, 0),
(119, '麻雀中和店', '0993500513', '836697', '高雄市中和路862號', '08:00:00', '23:00:00', '2012-06-21 00:00:00', NULL, 41, 0),
(120, '麻雀水源店', '0948349975', '527880', '台北市水源路5號', '08:00:00', '23:00:00', '2021-07-19 00:00:00', NULL, 41, 0),
(121, '春夏秋冬新店店', '0925492928', '684674', '台中市新店街3號', '08:00:00', '23:00:00', '2023-05-24 00:00:00', NULL, 42, 0),
(122, '南風永安店', '0912602902', '772108', '台南市永安巷2號', '08:00:00', '23:00:00', '2013-08-26 00:00:00', NULL, 43, 0),
(123, '南風松山店', '0915946603', '173481', '台中市松山路2段57號', '08:00:00', '23:00:00', '2023-06-23 00:00:00', NULL, 43, 0),
(124, '南風小碧潭店', '0955714967', '938103', '台北市小碧潭街818號', '08:00:00', '23:00:00', '2014-05-31 00:00:00', NULL, 43, 0),
(125, '麻雀文昌店', '0982273540', '955919', '台北市文昌街1段89號', '08:00:00', '23:00:00', '2022-12-22 00:00:00', NULL, 44, 0),
(126, '麻雀西門店', '0972030109', '100306', '台南市西門路338號', '08:00:00', '23:00:00', '2021-11-30 00:00:00', NULL, 44, 0),
(127, '麻雀大同店', '0943703246', '132902', '台中市大同路31號', '08:00:00', '23:00:00', '2024-04-29 00:00:00', NULL, 44, 0),
(128, '南風新埔店', '0940715950', '755298', '台南市新埔路69號', '08:00:00', '23:00:00', '2024-04-12 00:00:00', NULL, 45, 0),
(129, '南風光明店', '0978441761', '143767', '台中市光明巷2號', '08:00:00', '23:00:00', '2019-11-28 00:00:00', NULL, 45, 0),
(130, '南風民富店', '0957706986', '335006', '台北市民富路62號', '08:00:00', '23:00:00', '2022-01-05 00:00:00', NULL, 45, 0),
(131, '春夏秋冬自由店', '0992973057', '126335', '高雄市自由巷9號', '08:00:00', '23:00:00', '2012-10-28 00:00:00', NULL, 46, 0),
(132, '紅中和平店', '0927752710', '863612', '台北市和平巷59號', '08:00:00', '23:00:00', '2019-01-14 00:00:00', NULL, 47, 0),
(133, '南風四維店', '0968223254', '140343', '台北市四維街842號', '08:00:00', '23:00:00', '2019-10-28 00:00:00', NULL, 48, 0),
(134, '南風德店', '0957058538', '898094', '高雄市德路5號', '08:00:00', '23:00:00', '2021-02-06 00:00:00', NULL, 48, 0),
(135, '花牌國凱八德店', '0928324843', '189767', '台北市國凱八德路784號', '08:00:00', '23:00:00', '2012-07-04 00:00:00', NULL, 49, 0),
(136, '花牌平和店', '0965608367', '338556', '台中市平和路908號', '08:00:00', '23:00:00', '2013-07-09 00:00:00', NULL, 49, 0),
(137, '花牌自由店', '0938839400', '833962', '台中市自由街13號', '08:00:00', '23:00:00', '2016-11-14 00:00:00', NULL, 49, 0),
(138, '東風和店', '0982872355', '951929', '台南市和街街82號', '08:00:00', '23:00:00', '2018-08-07 00:00:00', NULL, 50, 0),
(139, '東風華興店', '0919908537', '634070', '台北市華興路6號', '08:00:00', '23:00:00', '2018-07-27 00:00:00', NULL, 50, 0);

-- --------------------------------------------------------

--
-- 資料表結構 `mahjong_table`
--

CREATE TABLE `mahjong_table` (
  `table_id` int(11) NOT NULL,
  `room_id` int(11) NOT NULL,
  `name` varchar(20) NOT NULL,
  `status` varchar(10) NOT NULL,
  `table_type` tinyint(4) NOT NULL,
  `price` varchar(10) NOT NULL,
  `create_at` datetime NOT NULL,
  `update_at` datetime DEFAULT NULL,
  `is_deleted` int(11) NOT NULL DEFAULT 0
) ENGINE=InnoDB DEFAULT CHARSET=utf8mb4 COLLATE=utf8mb4_unicode_ci;

--
-- 傾印資料表的資料 `mahjong_table`
--

INSERT INTO `mahjong_table` (`table_id`, `room_id`, `name`, `status`, `table_type`, `price`, `create_at`, `update_at`, `is_deleted`) VALUES
(1, 2, '玄武桌', '0', 1, '1000', '2024-05-31 10:22:22', NULL, 0),
(4, 2, '神龍桌', '0', 1, '1000', '2024-06-03 03:59:05', NULL, 0),
(5, 1, '', '0', 0, '', '2024-06-03 11:30:52', NULL, 0),
(6, 2, '拉密', '0', 2, '500', '2024-06-07 13:56:35', NULL, 0);

-- --------------------------------------------------------

--
-- 資料表結構 `owner`
--

CREATE TABLE `owner` (
  `id` int(11) NOT NULL,
  `member_type` text NOT NULL DEFAULT '企業會員',
  `account` varchar(50) NOT NULL,
  `password` varchar(255) NOT NULL DEFAULT '12345',
  `company_name` varchar(100) NOT NULL,
  `company_phone` varchar(20) NOT NULL,
  `fax_phone` varchar(20) DEFAULT NULL,
  `company_email` varchar(100) NOT NULL,
  `company_address` varchar(255) NOT NULL,
  `responsible_person` varchar(50) NOT NULL,
  `tax_ID_number` text NOT NULL,
  `created_at` timestamp NOT NULL DEFAULT current_timestamp(),
  `valid` text NOT NULL DEFAULT '1'
) ENGINE=InnoDB DEFAULT CHARSET=utf8mb4 COLLATE=utf8mb4_general_ci;

--
-- 傾印資料表的資料 `owner`
--

INSERT INTO `owner` (`id`, `member_type`, `account`, `password`, `company_name`, `company_phone`, `fax_phone`, `company_email`, `company_address`, `responsible_person`, `tax_ID_number`, `created_at`, `valid`) VALUES
(1, '企業會員', 'woos', '12345', '麻將大師z', '02-88885555', '02-8888-8123', 'woo@test.com', '105台北市松山區興安街159號', '陳小王', '87654321', '2024-05-31 07:57:48', '1'),
(2, '企業會員', 'sam', '12345', '帥帥', '02-88885555', '02-88885555', 'sam@test.com', '105台北市松山區興安街159號', '姍姍', '99999999', '2024-06-04 01:52:22', '1'),
(3, '企業會員', 'sun', '12345', '西風', '02-88885555', '02-88885555', 'sun@test.com', '105台北市松山區興安街15號', '吳曉', '12345678', '2024-06-04 02:19:13', '1'),
(4, '企業會員', 'sam', '12345', '帥帥', '02-88996555', NULL, 'boo@test.com', '105台北市松山區興安街9號', '陳小小', '87654321', '2024-06-04 03:22:50', '1'),
(5, '企業會員', 'dltbEutRP', '12345', '麻將妙手', '', NULL, '', '112 臺北市北投區公舘路6號', '金琳秀', '', '2024-06-04 06:35:15', '1'),
(6, '企業會員', 'fRJ7GV0KbNQ', '12345', '麻將之魂', '', NULL, '', '100 臺北市中正區師大路5號', '範亮毅', '', '2024-06-04 06:35:15', '1'),
(7, '企業會員', 'bvmpTgxm4L', '12345', '麻將明珠', '', NULL, '', '106 臺北市大安區師大路27號', '彭琴婷', '', '2024-06-04 06:35:15', '1'),
(8, '企業會員', 'AANwy', '12345', '麻將樂園', '', NULL, '', '116 臺北市文山區久康街29號', '許寧飛', '', '2024-06-04 06:35:15', '1'),
(9, '企業會員', 'BPtqx', '12345', '麻將巧手', '', NULL, '', '112 臺北市北投區大興街28號', '柏琳紅', '', '2024-06-04 06:35:15', '1'),
(10, '企業會員', 'CweZC', '12345', '麻將精靈', '', NULL, '', '115 臺北市南港區三重路18號', '蘇娜秀', '', '2024-06-04 06:35:15', '1'),
(11, '企業會員', 'DEdhm', '12345', '麻將魔法', '', NULL, '', '114 臺北市內湖區永保街3號', '曹琳傑', '', '2024-06-04 06:35:15', '1'),
(12, '企業會員', 'EdgXG', '12345', '麻將絕技', '', NULL, '', '110 臺北市信義區中坡南路23號', '施宇欣', '', '2024-06-04 06:35:15', '1'),
(13, '企業會員', 'FbDhF', '12345', '麻將韻味', '', NULL, '', '106 臺北市大安區敦化南路28號', '週寧露', '', '2024-06-04 06:35:15', '1'),
(14, '企業會員', 'GfREB', '12345', '麻將天地', '', NULL, '', '103 臺北市大同區西寧北路9號', '謝衛明', '', '2024-06-04 06:35:15', '1'),
(15, '企業會員', 'Hctpw', '12345', '麻將之舞', '', NULL, '', '105 臺北市松山區寶清街14號', '陶莉飛', '', '2024-06-04 06:35:15', '1'),
(16, '企業會員', 'IWzew', '12345', '麻將奇蹟', '', NULL, '', '108 臺北市萬華區洛陽街8號', '楊輝敏', '', '2024-06-04 06:35:15', '1'),
(17, '企業會員', 'JIdfo', '12345', '麻將尋寶', '', NULL, '', '105 臺北市松山區塔悠路22號', '華強宇', '', '2024-06-04 06:35:15', '1'),
(18, '企業會員', 'KnYXD', '12345', '麻將樂意', '', NULL, '', '111 臺北市士林區劍南路21號', '馮娜鵬', '', '2024-06-04 06:35:15', '1'),
(19, '企業會員', 'LJMBK', '12345', '麻將巧思', '', NULL, '', '110 臺北市信義區瑞雲街23號', '範鵬華', '', '2024-06-04 06:35:15', '1'),
(20, '企業會員', 'NAxZt', '12345', '麻將心法', '', NULL, '', '110 臺北市信義區瑞雲街23號', '鄒華霞', '', '2024-06-04 06:35:15', '1'),
(21, '企業會員', 'ONgql', '12345', '麻將之音', '', NULL, '', '100 臺北市中正區潮州街7號', '趙婷秀', '', '2024-06-04 06:35:15', '1'),
(22, '企業會員', 'PHmaF', '12345', '麻將格局', '', NULL, '', '104 臺北市中山區南京西路32號', '韋衛鵬', '', '2024-06-04 06:35:15', '1'),
(23, '企業會員', 'Qoins', '12345', '麻將經典', '', NULL, '', '112 臺北市北投區幽雅路17號', '鄒新超', '', '2024-06-04 06:35:15', '1'),
(24, '企業會員', 'RyqEw', '12345', '麻將風華', '', NULL, '', '105 臺北市松山區敦化北路6號', '章宇宇', '', '2024-06-04 06:35:15', '1'),
(25, '企業會員', 'SDftP', '12345', '麻將靈感', '', NULL, '', '108 臺北市萬華區西藏路5號', '秦麗華', '', '2024-06-04 06:35:15', '1'),
(26, '企業會員', 'TRBgW', '12345', '麻將奇趣', '', NULL, '', '106 臺北市大安區臨江街13號', '魯婷紅', '', '2024-06-04 06:35:15', '1'),
(27, '企業會員', 'ULTFx', '12345', '麻將台灣', '', NULL, '', '116 臺北市文山區老泉街3號', '奚鵬剛', '', '2024-06-04 06:35:15', '1'),
(28, '企業會員', 'EpNRDZM', '12345', '麻將點金', '', NULL, '', '104 臺北市中山區基湖路9號', '葛亮傑', '', '2024-06-04 06:35:15', '1'),
(29, '企業會員', 'FWwuSBi', '12345', '麻將盛宴', '', NULL, '', '106 臺北市大安區信義路26號', '王飛華', '', '2024-06-04 06:35:15', '1'),
(30, '企業會員', 'GWhiOcq', '12345', '王牌麻將', '', NULL, '', '108 臺北市萬華區開封街18號', '奚玲明', '', '2024-06-04 06:35:15', '1'),
(31, '企業會員', 'HdKfYsT', '12345', '麻將樂園', '', NULL, '', '100 臺北市中正區師大路26號', '薑軍鵬', '', '2024-06-04 06:35:15', '1'),
(32, '企業會員', 'IewYCZC', '12345', '精彩麻將', '', NULL, '', '112 臺北市北投區公舘路6號', '何明丹', '', '2024-06-04 06:35:15', '1'),
(33, '企業會員', 'JnLQUpA', '12345', '麻將大亨', '', NULL, '', '100 臺北市中正區師大路5號', '魯浩寧', '', '2024-06-04 06:35:15', '1'),
(34, '企業會員', 'KfaXSAe', '12345', '麻將之王', '', NULL, '', '106 臺北市大安區師大路27號', '王莉偉', '', '2024-06-04 06:35:15', '1'),
(35, '企業會員', 'LiNbkKY', '12345', '麻將絕活', '', NULL, '', '116 臺北市文山區久康街29號', '魯凱鑫', '', '2024-06-04 06:35:15', '1'),
(36, '企業會員', 'NvXBuSl', '12345', '享樂麻將', '', NULL, '', '112 臺北市北投區大興街28號', '雲勇毅', '', '2024-06-04 06:35:15', '1'),
(37, '企業會員', 'OHORQqQ', '12345', '麻將狂熱', '', NULL, '', '115 臺北市南港區三重路18號', '陶凱婷', '', '2024-06-04 06:35:15', '1'),
(38, '企業會員', 'Prycyun', '12345', '烏金麻將', '', NULL, '', '114 臺北市內湖區永保街3號', '朱俊新', '', '2024-06-04 06:35:15', '1'),
(39, '企業會員', 'QHjeXnO', '12345', '麻將營業', '', NULL, '', '110 臺北市信義區中坡南路23號', '謝亮衛', '', '2024-06-04 06:35:15', '1'),
(40, '企業會員', 'RUCVrIi', '12345', '麻將魔術', '', NULL, '', '106 臺北市大安區敦化南路28號', '張鵬博', '', '2024-06-04 06:35:15', '1'),
(41, '企業會員', 'SuucEpg', '12345', '麻將勝利者', '', NULL, '', '103 臺北市大同區西寧北路9號', '錢剛霞', '', '2024-06-04 06:35:15', '1'),
(42, '企業會員', 'TkEYMAX', '12345', '麻將狂歡', '', NULL, '', '105 臺北市松山區寶清街14號', '奚芳強', '', '2024-06-04 06:35:15', '1'),
(43, '企業會員', 'UtDtdag', '12345', '麻將娛樂城', '', NULL, '', '108 臺北市萬華區洛陽街8號', '曹偉露', '', '2024-06-04 06:35:15', '1'),
(44, '企業會員', 'VbCEoCw', '12345', '麻將高手', '', NULL, '', '105 臺北市松山區塔悠路22號', '週俊明', '', '2024-06-04 06:35:15', '1'),
(45, '企業會員', 'WBGybFD', '12345', '麻將王者', '', NULL, '', '111 臺北市士林區劍南路21號', '彭麗露', '', '2024-06-04 06:35:15', '1'),
(46, '企業會員', 'XfXEjnq', '12345', '麻將鑽石', '', NULL, '', '110 臺北市信義區瑞雲街23號', '褚琴麗', '', '2024-06-04 06:35:15', '1'),
(47, '企業會員', 'YaYuWhZ', '12345', '麻將快樂時光', '', NULL, '', '110 臺北市信義區瑞雲街23號', '魯凱強', '', '2024-06-04 06:35:15', '1'),
(48, '企業會員', 'ZmbgOkN', '12345', '金盞麻將', '', NULL, '', '100 臺北市中正區潮州街7號', '楊毅麗', '', '2024-06-04 06:35:15', '1'),
(49, '企業會員', 'aMmozpv', '12345', '麻將風雲人物', '', NULL, '', '104 臺北市中山區南京西路32號', '華玲亮', '', '2024-06-04 06:35:15', '1'),
(50, '企業會員', 'bYzFjcd', '12345', '王牌麻將家', '', NULL, '', '112 臺北市北投區幽雅路17號', '陶寧亮', '', '2024-06-04 06:35:15', '1'),
(51, '企業會員', 'cBkJHCp', '12345', '麻將王', '', NULL, '', '105 臺北市松山區敦化北路6號', '金敏輝', '', '2024-06-04 06:35:15', '1'),
(52, '企業會員', 'dqhuzyd', '12345', '雙雙麻將', '', NULL, '', '108 臺北市萬華區西藏路5號', '華新欣', '', '2024-06-04 06:35:15', '1'),
(53, '企業會員', 'eBakBCj', '12345', '爽爽', '', NULL, '', '106 臺北市大安區臨江街13號', '孫娜鵬', '', '2024-06-04 06:35:15', '1'),
(54, '企業會員', 'ftPOfEd', '12345', '北風', '', NULL, '', '116 臺北市文山區老泉街3號', '水博琳', '', '2024-06-04 06:35:15', '1'),
(101, '企業會員', '', '12345', ' 麻將樂趣', '0226131726', NULL, 'george8860@gmail.com', '', '', ' 36732710', '2024-06-04 06:37:19', '1'),
(102, '企業會員', '', '12345', ' 麻將幻想', '0240322680', NULL, 'keyser6162@icloud.com', '', '', ' 38563682', '2024-06-04 06:37:19', '1'),
(103, '企業會員', '', '12345', ' 麻將王', '0258133927', NULL, 'walton7053@gmail.com', '', '', ' 40015328', '2024-06-04 06:37:19', '1'),
(104, '企業會員', '', '12345', ' 雙雙麻將', '0205730753', NULL, 'scarlett2557@gmail.com', '', '', ' 42053182', '2024-06-04 06:37:19', '1'),
(105, '企業會員', 'asdf123', 'asdf123', 'AAA', '0955555555', '', 'asdf@gmail.com', '新北市三峽區文化路59號', 'bob', '14524444', '2024-06-04 08:04:36', '1'),
(106, '企業會員', 'sara', '12345', 'AAA', '0955555555', NULL, 'asdf@gmail.com', '新北市三峽區文化路59號', '陳小王', '55555555', '2024-06-06 11:45:11', '1');

-- --------------------------------------------------------

--
-- 資料表結構 `product`
--

CREATE TABLE `product` (
  `id` int(5) UNSIGNED NOT NULL,
  `name` varchar(50) NOT NULL,
  `content` varchar(2000) NOT NULL,
  `brand_id` varchar(3) NOT NULL,
  `category_id` int(3) NOT NULL,
  `quantity` int(11) NOT NULL,
  `price` int(6) UNSIGNED NOT NULL,
  `on_time` date NOT NULL,
  `off_time` date DEFAULT NULL,
  `create_at` date NOT NULL,
  `update_at` date DEFAULT NULL,
  `img` varchar(100) NOT NULL
) ENGINE=InnoDB DEFAULT CHARSET=utf8mb4 COLLATE=utf8mb4_unicode_ci;

--
-- 傾印資料表的資料 `product`
--

INSERT INTO `product` (`id`, `name`, `content`, `brand_id`, `category_id`, `quantity`, `price`, `on_time`, `off_time`, `create_at`, `update_at`, `img`) VALUES
(1, '麻將組 633精選系列 綠色竹皮 33m', '編 號 : 633\r\n顏 色 : 綠\r\n規 格 : 33mm\r\n材 質 : 尿素\r\n\r\n【鑑賞期規範】 \r\n本商城購物享有15天鑑賞期，若商品因消費者個人不當使用拆卸產生人為因素造成故障、損毀、磨損、擦傷、刮傷、髒污、包裝破損不完整者，或是附配件不齊者，恕不接受退貨\r\n\r\n*店家保留訂單接受與否權力，不便之處敬請見諒。            ', '1', 1, 20, 990, '2024-06-03', NULL, '2024-06-03', '2024-06-06', '001.jpg'),
(2, '麻將組 634精選系列 綠色竹皮 34m', '編 號 : 634\r\n顏 色 : 綠規\r\n規 格: 34mm\r\n材 質 : 尿素\r\n\r\n【鑑賞期規範】 \r\n本商城購物享有15天鑑賞期，若商品因消費者個人不當使用拆卸產生人為因素造成故障、損毀、磨損、擦傷、刮傷、髒污、包裝破損不完整者，或是附配件不齊者，恕不接受退貨\r\n\r\n*店家保留訂單接受與否權力，不便之處敬請見諒。', '1', 1, 20, 1190, '2024-06-03', NULL, '2024-06-03', NULL, '002.webp'),
(3, '麻將組 833精選系列 33mm 尿素材質', '編 號 : 833\r\n顏 色 : 綠\r\n規 格 : 33mm\r\n材 質 : 尿素\r\n\r\n【鑑賞期規範】 \r\n本商城購物享有15天鑑賞期，若商品因消費者個人不當使用拆卸產生人為因素造成故障、損毀、磨損、擦傷、刮傷、髒污、包裝破損不完整者，或是附配件不齊者，恕不接受退貨\r\n\r\n*店家保留訂單接受與否權力，不便之處敬請見諒。。', '1', 1, 0, 1290, '2024-06-03', '2024-06-06', '2024-06-03', NULL, '003.jpg'),
(4, '麻將組 834精選系列34mm 尿素材質', '編 號 : 833\r\n顏 色 : 綠\r\n規 格 : 33mm\r\n材 質 : 尿素\r\n\r\n【鑑賞期規範】 \r\n本商城購物享有15天鑑賞期，若商品因消費者個人不當使用拆卸產生人為因素造成故障、損毀、磨損、擦傷、刮傷、髒污、包裝破損不完整者，或是附配件不齊者，恕不接受退貨\r\n\r\n*店家保留訂單接受與否權力，不便之處敬請見諒。。', '1', 1, 0, 1490, '2024-06-03', '2024-06-07', '2024-06-03', NULL, '004.webp'),
(5, '手打麻將 636東方巨無霸-36mm（竹皮綠）', '編 號 : 636\r\n顏 色 : 竹皮綠\r\n規 格 : 36mm\r\n材 質 : 尿素\r\n\r\n【鑑賞期規範】 \r\n本商城購物享有15天鑑賞期，若商品因消費者個人不當使用拆卸產生人為因素造成故障、損毀、磨損、擦傷、刮傷、髒污、包裝破損不完整者，或是附配件不齊者，恕不接受退貨\r\n\r\n*店家保留訂單接受與否權力，不便之處敬請見諒。。', '1', 1, 21, 1390, '2024-06-03', NULL, '2024-06-03', NULL, '005.webp'),
(6, '麻將 126東方竹花絲-33mm加重版 (綠)', '編 號 : 126\r\n顏 色 : 竹花絲加重版 (綠)\r\n規 格 : 36mm\r\n材 質 : 尿素\r\n\r\n【鑑賞期規範】 \r\n本商城購物享有15天鑑賞期，若商品因消費者個人不當使用拆卸產生人為因素造成故障、損毀、磨損、擦傷、刮傷、髒污、包裝破損不完整者，或是附配件不齊者，恕不接受退貨\r\n\r\n*店家保留訂單接受與否權力，不便之處敬請見諒。。 ', '1', 1, 0, 1490, '2024-06-03', '2024-06-06', '2024-06-03', '2024-06-06', '006.webp'),
(7, '麻將  267方玉竹絲 34mm（牙）', '東方不敗麻將 方玉竹絲(手打) 34mm 牙白色 附搬風+骰子\r\n\r\n商品名稱：方玉竹絲(手打)\r\n顏色：牙白\r\n大小：34mm\r\n材質 : 尿素\r\n單顆重量：27G左右\r\n\r\n注意事項：\r\n1.由於麻將是由人工排列放進盒內的，收到貨之後請立即檢查是否有短缺情形，並向我們連繫反應，如因此造成財務、物品上的損失，本公司不負擔任何責任。', '1', 1, 26, 1690, '2024-06-03', NULL, '2024-06-03', NULL, '007.jpg'),
(8, '麻將 334精選系列-34mm(綠)', '334精選系列(竹絲) \r\n\r\n編 號 :334\r\n顏 色 : 綠\r\n規 格 : 34mm\r\n材 質 : 尿素\r\n\r\n\r\n\r\n注意事項：\r\n\r\n1.由於麻將/象棋/筒子，是由人工排列放進盒內，收到貨之後請立即檢查麻將牌列是否正確，以及是否有短缺情形，輕微污漬可先嘗試使用酒精或是去漬油稍作清潔，若有發現多、少顆或配件短缺破損，請立即連繫賣家，若造成任何財物損失，本司皆無責任~\r\n\r\n2.247是電動桌專用的麻將，當然也可以手打，不過就沒有附贈方向環(搬風)跟骰子，有需要的可以購~\r\n\r\n\r\n\r\n【鑑賞期規範】 \r\n\r\n本商城購物享有15天鑑賞期，若商品因消費者個人不當使用拆卸產生人為因素造成故障、損毀、磨損、擦傷、刮傷、髒污、包裝破損不完整者，或是附配件不齊者，恕不接受退貨', '1', 1, 22, 1490, '2024-06-03', NULL, '2024-06-03', NULL, '008.jpg'),
(9, '麻將組 272巨石竹絲 34MM 竹絲加重', '東方不敗麻將 巨石竹絲 東方不敗出品 34MM/綠色/竹絲加重\r\n\r\n圓角牌、高CP值平價34MM加重麻將。\r\n\r\n尿素材質的麻將，打起來的手感比較好、洗牌時也不容易翻牌，是專業級玩家的最愛。\r\n\r\n\r\n\r\n• 贈品：牌尺一副\r\n• 標準台灣字體加深\r\n• 銷售單位: 每副\r\n• 產品材質 : 尿素\r\n• 產品顏色 : 深綠色\r\n• 產品規格 : 34mm\r\n• 單顆重量：約32g\r\n\r\n• 型號：巨石竹紋272\r\n\r\n\r\n\r\n注意事項：\r\n\r\n1.由於麻將是由人工排列放進盒內的，收到貨之後請立即檢查是否有短缺情形，並向我們連繫反應，如因此造成財務、物品上的損失，本公司不負擔任何責任。\r\n\r\n\r\n\r\n【鑑賞期規範】 \r\n\r\n本商城購物享有15天鑑賞期，若商品因消費者個人不當使用拆卸產生人為因素造成故障、損毀、磨損、擦傷、刮傷、髒污、包裝破損不完整者，或是附配件不齊者，恕不接受退貨\r\n\r\n*店家保留訂單接受與否權力，不便之處敬請見諒。', '1', 1, 19, 1890, '2024-06-03', NULL, '2024-06-03', NULL, '009.jpg'),
(10, '麻將 132東方無聲派 33mm (綠)', '• 標準台灣字體加深\r\n• 銷售單位: 每副\r\n• 產品材質 : 無聲材質\r\n• 產品顏色 : 綠色\r\n• 產品規格 : 33m/m\r\n• 型號：東方無聲派132\r\n• 單顆重量：17g\r\n• 整副重量：2.5Kg\r\n\r\n\r\n\r\n注意事項：\r\n\r\n1.由於麻將/象棋/筒子，是由人工排列放進盒內，收到貨之後請立即檢查麻將牌列是否正確，以及是否有短缺情形，輕微污漬可先嘗試使用酒精或是去漬油稍作清潔，若有發現多、少顆或配件短缺破損，請立即連繫賣家，若造成任何財物損失，本司皆無責任~\r\n\r\n2.247是電動桌專用的麻將，當然也可以手打，不過就沒有附贈方向環(搬風)跟骰子，有需要的可以購~\r\n\r\n【鑑賞期規範】 \r\n\r\n本商城購物享有15天鑑賞期，若商品因消費者個人不當使用拆卸產生人為因素造成故障、損毀、磨損、擦傷、刮傷、髒污、包裝破損不完整者，或是附配件不齊者，恕不接受退貨', '1', 1, 0, 2290, '2024-06-03', '2024-06-06', '2024-06-03', NULL, '010.jpg'),
(11, '麻將組 283尊品竹絲麻將-34mm（黑）', '編 號 : 283\r\n顏 色 : 黑\r\n規 格 : 34mm\r\n材 質 : 尿素\r\n\r\n【鑑賞期規範】 \r\n本商城購物享有15天鑑賞期，若商品因消費者個人不當使用拆卸產生人為因素造成故障、損毀、磨損、擦傷、刮傷、髒污、包裝破損不完整者，或是附配件不齊者，恕不接受退貨\r\n\r\n*店家保留訂單接受與否權力，不便之處敬請見諒。', '1', 1, 25, 1890, '2024-06-03', NULL, '2024-06-03', NULL, '011.webp'),
(12, '麻將組 34mm至尊竹紋 尿素材質 192', '東方不敗麻將 34mm至尊竹紋 尿素材質 192\r\n\r\n編 號 : 192\r\n顏 色 : 綠\r\n規 格 : 34mm\r\n材 質 : 尿素\r\n\r\n注意事項：\r\n1.由於麻將是由人工排列放進盒內的，收到貨之後請立即檢查是否有短缺情形，並向我們連繫反應，如因此造成財務、物品上的損失，本公司不負擔任何責任。\r\n\r\n\r\n【鑑賞期規範】 \r\n本商城購物享有15天鑑賞期，若商品因消費者個人不當使用拆卸產生人為因素造成故障、損毀、磨損、擦傷、刮傷、髒污、包裝破損不完整者，或是附配件不齊者，恕不接受退貨', '1', 1, 0, 1790, '2024-06-03', '2024-06-06', '2024-06-03', NULL, '012.jpg'),
(13, '麻將 181盤石竹紋-加重版 34mm', '東方不敗麻將 34mm加重 181磐石竹絲\r\n\r\n特性：\r\n1.加大34mm。\r\n2.加重手感好(但洗牌比較累)。\r\n3.直角牌/重心穩/好拿好打不易翻。\r\n4.尿素材質、耐打。\r\n\r\n\r\n品 牌：東方不敗\r\n編 號 : 181\r\n顏 色 : 綠\r\n格 : 34mm\r\n材 質 : 尿素\r\n\r\n\r\n\r\n【鑑賞期規範】 \r\n\r\n本商城購物享有15天鑑賞期，若商品因消費者個人不當使用拆卸產生人為因素造成故障、損毀、磨損、擦傷、刮傷、髒污、包裝破損不完整者，或是附配件不齊者，恕不接受退貨', '1', 1, 18, 2090, '2024-06-03', NULL, '2024-06-03', NULL, '013.jpg'),
(14, '麻將 尊品竹絲麻將 36mm(手打) 綠色 284', '東方不敗麻將 尊品竹絲麻將 36mm(手打) 綠色 284\r\n\r\n***白色部分為乳白色，材質較佳\r\n\r\n\r\n\r\n商品名稱：尊品竹絲麻將\r\n顏色：綠\r\n大小：36mm\r\n材質 : 尿素\r\n\r\n\r\n注意事項：\r\n\r\n1.由於麻將/象棋/筒子，是由人工排列放進盒內，收到貨之後請立即檢查麻將牌列是否正確，以及是否有短缺情形，輕微污漬可先嘗試使用酒精或是去漬油稍作清潔，若有發現多、少顆或配件短缺破損，請立即連繫賣家，若造成任何財物損失，本司皆無責任~\r\n\r\n【鑑賞期規範】 \r\n\r\n本商城購物享有15天鑑賞期，若商品因消費者個人不當使用拆卸產生人為因素造成故障、損毀、磨損、擦傷、刮傷、髒污、包裝破損不完整者，或是附配件不齊者，恕不接受退貨', '1', 1, 17, 1990, '2024-06-03', NULL, '2024-06-03', NULL, '014.jpg'),
(15, '麻將 143 東方大竹紋 34mm', '東方不敗麻將 143東方大竹紋 過年必備 玩家PRO級 直角牌 34mm\r\n\r\n\r\n34mm比標準的麻將稍為大一些，是近年專業級麻將玩家的新寵兒~\r\n\r\n\r\n143東方大竹紋\r\n編 號 : 143\r\n顏 色 : 綠、蘋果綠、灰\r\n規 格 : 34mm材 \r\n質 : 尿素\r\n單顆重量：27G左右\r\n\r\n\r\n\r\n【鑑賞期規範】 \r\n\r\n本商城購物享有15天鑑賞期，若商品因消費者個人不當使用拆卸產生人為因素造成故障、損毀、磨損、擦傷、刮傷、髒污、包裝破損不完整者，或是附配件不齊者，恕不接受退貨', '1', 1, 0, 1790, '2024-06-03', '2024-06-06', '2024-06-03', NULL, '015.jpg'),
(16, '麻將 214岩石竹紋-加重版 34mm', '方不敗麻將 214岩石竹紋-加重版 玩家級34mm 尿素-加鉛加重\r\n\r\n很多人問214跟228有什麼差別?\r\n就是PRO專家級跟AM業餘級的差別！\r\n兩者雖然都是34MM加重款，但214是直角牌，228是圓角牌，直角牌可以站得更穩，不會因為撞到桌角、或是太激動而不小心翻牌；正所謂麻將方方照四方、如果放槍不能紅著眼，那自摸是否能夠紅著臉?\r\n以箇中高手、實力在伯仲之間麻將團來說，倒牌的一瞬間可是相當致命的！輸錢是小事、掉漆丟面子是大事，所以東方不敗的214是很多麻將老手的指定款。\r\n\r\n214岩石竹紋-加重版\r\n編 號 : 214\r\n顏 色 : 綠、蘋果綠、灰\r\n規 格 : 34mm\r\n材 質 : 尿素-加鉛加重\r\n\r\n注意事項：\r\n1.由於麻將是由人工排列放進盒內的，收到貨之後請立即檢查是否有短缺情形，並向我們連繫反應，如因此造成財務、物品上的損失，本公司不負擔任何責任。\r\n\r\n\r\n【鑑賞期規範】 \r\n本商城購物享有15天鑑賞期，若商品因消費者個人不當使用拆卸產生人為因素造成故障、損毀、磨損、擦傷、刮傷、髒污、包裝破損不完整者，或是附配件不齊者，恕不接受退貨', '1', 1, 15, 2090, '2024-06-03', NULL, '2024-06-03', NULL, '016.jpg'),
(17, '麻將 136東方巨無霸 36mm', '東方不敗麻將 東方巨無霸 36mm大尺碼 加大手感更好\r\n\r\n\r\n品名：麻將(手打)\r\n編 號 : 136\r\n顏 色 : 牙色、藍色、橘黃色、綠色\r\n規 格 : 36mm\r\n材 質 : 尿素\r\n單顆大小：寬2.75 高3.6 深2 CM\r\n\r\n\r\n\r\n注意事項：\r\n\r\n由於麻將/象棋/筒子，是由人工排列放進盒內，收到貨之後請立即檢查麻將牌列是否正確，以及是否有短缺情形，輕微污漬可先嘗試使用酒精或是去漬油稍作清潔，若有發現多、少顆或配件短缺破損，請立即連繫賣家，若造成任何財物損失，本司皆無責任~\r\n\r\n\r\n【鑑賞期規範】 \r\n\r\n本商城購物享有15天鑑賞期，若商品因消費者個人不當使用拆卸產生人為因素造成故障、損毀、磨損、擦傷、刮傷、髒污、包裝破損不完整者，或是附配件不齊者，恕不接受退貨', '1', 1, 12, 1890, '2024-06-03', NULL, '2024-06-03', NULL, '017.jpg'),
(18, '麻將組 尊品竹絲34mm 164', '東方不敗麻將組 尊品竹絲34mm\r\n\r\n編 號 :164\r\n顏 色 : 青\r\n規 格 : 34mm\r\n材 質 : 尿素\r\n\r\n注意事項：\r\n\r\n1.由於麻將是由人工排列放進盒內的，收到貨之後請立即檢查是否有短缺情形，並向我們連繫反應，如因此造成財務、物品上的損失，本公司不負擔任何責任。\r\n\r\n【鑑賞期規範】 \r\n\r\n本商城購物享有15天鑑賞期，若商品因消費者個人不當使用拆卸產生人為因素造成故障、損毀、磨損、擦傷、刮傷、髒污、包裝破損不完整者，或是附配件不齊者，恕不接受退貨', '1', 1, 0, 1690, '2024-06-03', '2024-06-06', '2024-06-03', NULL, '018.jpg'),
(19, '麻將組 尊品竹絲 34mm 牙白色 275', '東方不敗麻將組 尊品竹絲 34mm 牙白色 275\r\n\r\n\r\n商品名稱：尊品竹絲麻將\r\n顏色：牙白色\r\n大小：34mm\r\n材質 : 尿素\r\n附贈：搬風、骰子\r\n編號：275\r\n\r\n\r\n\r\n注意事項：\r\n\r\n1.由於麻將/象棋/筒子，是由人工排列放進盒內，收到貨之後請立即檢查麻將牌列是否正確，以及是否有短缺情形，輕微污漬可先嘗試使用酒精或是去漬油稍作清潔，若有發現多、少顆或配件短缺破損，請立即連繫賣家，若造成任何財物損失，本司皆無責任~\r\n\r\n\r\n【鑑賞期規範】 \r\n\r\n本商城購物享有15天鑑賞期，若商品因消費者個人不當使用拆卸產生人為因素造成故障、損毀、磨損、擦傷、刮傷、髒污、包裝破損不完整者，或是附配件不齊者，恕不接受退貨', '1', 1, 24, 1790, '2024-06-03', NULL, '2024-06-03', NULL, '019.jpg'),
(20, '麻將組 276方玉竹皮-34mm(透白)', '編 號 : 276\r\n顏 色 : 透白\r\n規 格: 34mm\r\n材 質 : 尿素\r\n\r\n【鑑賞期規範】 \r\n本商城購物享有15天鑑賞期，若商品因消費者個人不當使用拆卸產生人為因素造成故障、損毀、磨損、擦傷、刮傷、髒污、包裝破損不完整者，或是附配件不齊者，恕不接受退貨\r\n\r\n*店家保留訂單接受與否權力，不便之處敬請見諒。', '1', 1, 28, 1590, '2024-06-03', NULL, '2024-06-03', NULL, '020.webp'),
(21, '麻將 33MM麻將組 333', '東方不敗麻將 33MM麻將組 竹絲綠色 尿素材質/附贈搬風與骰子\r\n\r\n\r\n編 號 :333\r\n顏 色 : 綠\r\n規 格 : 33mm\r\n材 質 : 尿素\r\n\r\n\r\n注意事項：\r\n\r\n1.由於麻將是由人工排列放進盒內的，收到貨之後請立即檢查是否有短缺情形，並向我們連繫反應，如因此造成財務、物品上的損失，本公司不負擔任何責任。\r\n\r\n\r\n【鑑賞期規範】 \r\n\r\n本商城購物享有15天鑑賞期，若商品因消費者個人不當使用拆卸產生人為因素造成故障、損毀、磨損、擦傷、刮傷、髒污、包裝破損不完整者，或是附配件不齊者，恕不接受退貨', '1', 1, 30, 1290, '2024-06-03', NULL, '2024-06-03', NULL, '021.jpg'),
(22, '麻將組 999精選系列 竹絲麻將-34MM', '編 號 : 999\r\n顏 色 : 綠規\r\n規 格: 34mm\r\n材 質 : 尿素\r\n\r\n\r\n【鑑賞期規範】 \r\n本商城購物享有15天鑑賞期，若商品因消費者個人不當使用拆卸產生人為因素造成故障、損毀、磨損、擦傷、刮傷、髒污、包裝破損不完整者，或是附配件不齊者，恕不接受退貨\r\n\r\n*店家保留訂單接受與否權力，不便之處敬請見諒。', '1', 1, 20, 999, '2024-06-03', NULL, '2024-06-03', NULL, '022.webp'),
(23, '凱蒂貓 旅行麻將 迷你麻將 ', '品牌：東方不敗\r\n品名：凱蒂貓旅行麻將組\r\n內容物：手提收納盒x1、迷你麻將一副、專用牌尺x4、空白麻將x2、骰子x1、搬風x1\r\n麻將大小：約寬1.4、深1.1、高2 公分\r\n重量：單顆約4g、整副含盒裝約942g\r\n\r\n\r\n\r\n注意事項：\r\n\r\n1.由於麻將是由人工排列放進盒內的，收到貨之後請立即檢查是否有短缺情形，並向我們連繫反應，如因此造成財務、\r\n\r\n   物品上的損失，本公司不負擔任何責任。\r\n\r\n\r\n\r\n【統一發票】\r\n\r\n由蝦皮代開發票，若有發票問題請致電客服專線02-6636-6559\r\n\r\n\r\n\r\n【鑑賞期規範】 \r\n\r\n本商城購物享有15天鑑賞期，若商品因消費者個人不當使用拆卸產生人為因素造成故障、損毀、磨損、擦傷、刮傷、髒污、包裝破損不完整者，或是附配件不齊者，恕不接受退貨', '1', 1, 13, 699, '2024-06-03', NULL, '2024-06-03', NULL, '023.webp'),
(24, '2023-Hello Kitty極簡主義', '✦東方不敗 x Hello Kitty2023年最新款授權麻將✦\r\n灰款極簡主義手打麻將！\r\n適合外出打麻將旅行組、麻將送禮\r\n凱蒂貓麻將讓人愛不釋手！\r\n\r\n\r\n\r\n注意事項：\r\n\r\n1.由於麻將/象棋/筒子，是由人工排列放進盒內，收到貨之後請立即檢查麻將牌列是否正確，以及是否有短缺情形，輕微污漬可先嘗試使用酒精或是去漬油稍作清潔，若有發現多、少顆或配件短缺破損，請立即連繫賣家，若造成任何財物損失，本司皆無責任~\r\n\r\n2.247是電動桌專用的麻將，當然也可以手打，不過就沒有附贈方向環(搬風)跟骰子，有需要的可以購~\r\n\r\n\r\n\r\n【統一發票】\r\n\r\n由蝦皮代開發票，若有發票問題請致電客服專線02-6636-6559\r\n\r\n\r\n\r\n【鑑賞期規範】 \r\n\r\n本商城購物享有15天鑑賞期，若商品因消費者個人不當使用拆卸產生人為因素造成故障、損毀、磨損、擦傷、刮傷、髒污、包裝破損不完整者，或是附配件不齊者，恕不接受退貨\r\n\r\n商品評價', '1', 1, 15, 1500, '2024-06-03', NULL, '2024-06-03', NULL, '024.webp'),
(25, '蛋黃哥懶得打麻將組', '✦東方不敗 x 蛋黃哥懶得打麻將組麻將✦\r\n超可愛蛋黃哥麻將\r\n卡通風格麻將，麻將送禮超體面\r\n\r\n內容物：手提收納盒x1、迷你麻將一副、專用牌尺x4、空白麻將x2、骰子x1、搬風x1\r\n\r\n注意事項：\r\n\r\n1.由於麻將是由人工排列放進盒內的，收到貨之後請立即檢查是否有短缺情形，並向我們連繫反應，如因此造成財務、\r\n\r\n   物品上的損失，本公司不負擔任何責任。\r\n\r\n\r\n\r\n【統一發票】\r\n\r\n由蝦皮代開發票，若有發票問題請致電客服專線02-6636-6559\r\n\r\n\r\n\r\n【鑑賞期規範】 \r\n\r\n本商城購物享有15天鑑賞期，若商品因消費者個人不當使用拆卸產生人為因素造成故障、損毀、磨損、擦傷、刮傷、髒污、包裝破損不完整者，或是附配件不齊者，恕不接受退貨', '1', 1, 21, 2200, '2024-06-03', NULL, '2024-06-03', NULL, '025.webp'),
(26, '2020 Hello Kitty繁花似雨麻將組', '品牌：東方不敗\r\n\r\n品名：2020 Hello Kitty繁花似雨麻將組\r\n\r\n內容物：手提收納盒x1、迷你麻將一副、專用牌尺x4、空白麻將x2、骰子x1、搬風x1\r\n\r\n麻將大小：約寬1.4、深1.1、高2 公分\r\n\r\n重量：單顆約4g、整副含盒裝約942g\r\n\r\n\r\n\r\n注意事項：\r\n\r\n1.由於麻將是由人工排列放進盒內的，收到貨之後請立即檢查是否有短缺情形，並向我們連繫反應，如因此造成財務、物品上的損失，本公司不負擔任何責任。\r\n\r\n\r\n\r\n【鑑賞期規範】 \r\n\r\n本商城購物享有15天鑑賞期，若商品因消費者個人不當使用拆卸產生人為因素造成故障、損毀、磨損、擦傷、刮傷、髒污、包裝破損不完整者，或是附配件不齊者，恕不接受退貨', '1', 1, 9, 2800, '2024-06-03', NULL, '2024-06-03', NULL, '026.webp'),
(27, 'Duncan麻將套裝組-34mm', '✦東方不敗 x Duncan麻將套裝組麻將✦\r\n34mm麻將\r\n風格麻將，麻將送禮超體面\r\n\r\n內容物：手提收納盒x1、迷你麻將一副、專用牌尺x4、空白麻將x2、骰子x3、搬風x1、籌碼一盒', '1', 1, 2, 2980, '2024-06-03', NULL, '2024-06-03', NULL, '027.webp'),
(28, 'Duncan麻將套裝組-電動桌兩用款36mm', '✦東方不敗 x Duncan麻將套裝組麻將✦\r\n電動桌兩用款36mm麻將\r\n風格麻將，麻將送禮超體面\r\n\r\n內容物：手提收納盒x1、迷你麻將一副、專用牌尺x4、空白麻將x2、骰子x3、搬風x1、籌碼一盒', '1', 1, 2, 3080, '2024-06-03', NULL, '2024-06-03', NULL, '028.webp'),
(29, '好想兔麻將組34mm', '✦東方不敗 x 好想兔麻將組授權麻將✦\r\n34mm麻將\r\n粉色風格麻將，超可愛麻將組\r\n麻將送禮超體面\r\n\r\n內容物：手提收納盒x1、迷你麻將一副、專用牌尺x4、空白麻將x2、骰子x3、搬風x1', '1', 1, 0, 3480, '2024-06-03', '2024-06-06', '2024-06-03', NULL, '029.jpg'),
(30, 'Hello Kitty 36mm 粉/紫 電動麻將桌專用', '各就各位🤟🤟電動版的Hello Kitty終於啦~~~🤣\r\n\r\n看得到又買得到，100%現貨供應中！\r\n\r\n手動再升級！👏\r\n\r\n這一款「電動麻將桌」/「手打麻將桌」都適用\r\n\r\n趕快下訂讓我們加速將Kitty送到你面前~\r\n\r\n\r\n\r\n顏 色 : 粉、紫\r\n\r\n規 格 : 36mm\r\n\r\n材 質 : 尿素\r\n\r\n大小：寬2.5 高3.6 深1.9 CM\r\n\r\n單顆重量：約29G\r\n\r\n總重量(不含包裝)：約4.2公斤\r\n\r\n內容物：凱蒂貓麻將一副、專用收納袋一個\r\n\r\n\r\n\r\n注意事項：\r\n\r\n1.由於麻將/象棋/筒子，是由人工排列放進盒內，收到貨之後請立即檢查麻將牌列是否正確，以及是否有短缺情形，輕微污漬可先嘗試使用酒精或是去漬油稍作清潔，若有發現多、少顆或配件短缺破損，請立即連繫賣家，若造成任何財物損失，本司皆無責任~\r\n\r\n\r\n\r\n【鑑賞期規範】 \r\n\r\n本商城購物享有15天鑑賞期，若商品因消費者個人不當使用拆卸產生人為因素造成故障、損毀、磨損、擦傷、刮傷、髒污、包裝破損不完整者，或是附配件不齊者，恕不接受退貨', '1', 1, 20, 2800, '2024-06-03', NULL, '2024-06-03', NULL, '030.jpg'),
(31, '麻將 電動麻將桌專用 (竹絲版) 36mm', 'NO:247 台灣竹絲版 手打/電動兩用麻將(附專用收納袋)\r\n\r\n雖然是電動麻將桌專用牌，但拿來一般手打也相當不賴，可當作34mm的來用，因為寬度是一樣、247只有高度比較高一點點，所以打起來手感是差不多的；不同的是247有獨家模具加厚不倒設計、精工拋光，好打又美觀，讓大家打牌都保持好心情~\r\n\r\n\r\n\r\n顏 色 : 綠、蘋、藍、紫、紅、粉、青、黃、灰、牙、奶茶、黑\r\n\r\n規 格 : 36mm\r\n\r\n材 質 : 尿素-竹絲\r\n\r\n贈品：收納袋\r\n\r\n(因為是電動桌專用的，所以除了蘋果綠以外的沒有附收納盒。)\r\n\r\n\r\n\r\n電動麻將桌專用36mm麻將牌(正磁)\r\n\r\n• 標準台灣字體加深\r\n\r\n• 獨家模具加厚不倒設計\r\n\r\n• 銷售單位: 每副\r\n\r\n• 單顆重量：約30g +-2\r\n\r\n• 整副重量：約4240g\r\n\r\n• 單顆大小：寬2.5 高3.6 深1.9 CM\r\n\r\n\r\n\r\n注意事項：\r\n\r\n1.由於麻將/象棋/筒子，是由人工排列放進盒內，收到貨之後請立即檢查麻將牌列是否正確，以及是否有短缺情形，輕微污漬可先嘗試使用酒精或是去漬油稍作清潔，若有發現多、少顆或配件短缺破損，請立即連繫賣家，若造成任何財物損失，本司皆無責任~\r\n\r\n2.247是電動桌專用的麻將，當然也可以手打，不過就沒有附贈方向環(搬風)跟骰子，有需要的可以購~\r\n\r\n\r\n\r\n【統一發票】\r\n\r\n由蝦皮代開發票，若有發票問題請致電客服專線02-6636-6559\r\n\r\n\r\n\r\n【鑑賞期規範】 \r\n\r\n本商城購物享有15天鑑賞期，若商品因消費者個人不當使用拆卸產生人為因素造成故障、損毀、磨損、擦傷、刮傷、髒污、包裝破損不完整者，或是附配件不齊者，恕不接受退貨。\r\n\r\n', '1', 1, 0, 2200, '2024-06-03', '2024-06-06', '2024-06-03', NULL, '031.jpg'),
(32, '電動麻將桌專用牌-美式版 36MM 274', '東方不敗 電動麻將桌專用牌-美式版 36MM\r\n\r\n顏 色 : 青、綠\r\n規 格 : 36mm\r\n\r\n【鑑賞期規範】 \r\n\r\n本商城購物享有15天鑑賞期，若商品因消費者個人不當使用拆卸產生人為因素造成故障、損毀、磨損、擦傷、刮傷、髒污、包裝破損不完整者，或是附配件不齊者，恕不接受退貨', '1', 1, 20, 2200, '2024-06-03', NULL, '2024-06-03', NULL, '032.webp'),
(33, '電動麻將桌專用牌 (文青版)', '電動麻將桌專用牌 (文青版) 無收納盒/送收納袋\r\n\r\n電動麻將桌專用配件\r\n\r\n\r\n\r\n• 電動麻將桌專用36mm麻將牌(正磁)\r\n\r\n• 獨家模具加厚不倒設計\r\n\r\n• 銷售單位： 每副\r\n\r\n• 單顆重量：約30g +-2\r\n\r\n• 整副重量：約4240g\r\n\r\n• 單顆大小：寬2.5 高3.6 深1.9 CM\r\n\r\n• 顏 色 : 青、灰\r\n\r\n• 運 送 : 免運費\r\n\r\n\r\n\r\n\r\n\r\n注意事項：\r\n\r\n1.由於麻將是由人工排列放進盒內的，收到貨之後請立即檢查是否有短缺情形，並向我們連繫反應，如因此造成財務、\r\n\r\n   物品上的損失，本公司不負擔任何責任。\r\n\r\n\r\n\r\n【統一發票】\r\n\r\n由蝦皮代開發票，若有發票問題請致電客服專線02-6636-6559\r\n\r\n\r\n\r\n【鑑賞期規範】 \r\n\r\n本商城購物享有15天鑑賞期，若商品因消費者個人不當使用拆卸產生人為因素造成故障、損毀、磨損、擦傷、刮傷、髒污、包裝破損不完整者，或是附配件不齊者，恕不接受退貨', '1', 1, 25, 2500, '2024-06-03', NULL, '2024-06-03', NULL, '033.jpg'),
(34, '電動麻將桌專用牌-東方不敗LOGO版', '電動麻將桌專用牌-東方不敗LOGO版(無收納盒/附收納袋)\r\n\r\n• 電動麻將桌專用36mm麻將牌(正磁)\r\n\r\n• 標準台灣字體加深\r\n\r\n• 獨家模具加厚不倒設計\r\n\r\n• 銷售單位: 每副\r\n\r\n• 單顆重量：約30g +-2\r\n\r\n• 整副重量：約4240g\r\n\r\n• 單顆大小：寬2.5 高3.6 深1.9 CM\r\n\r\n\r\n\r\n注意事項：\r\n\r\n1.由於麻將/象棋/筒子，是由人工排列放進盒內，收到貨之後請立即檢查麻將牌列是否正確，以及是否有短缺情形，輕微污漬可先嘗試使用酒精或是去漬油稍作清潔，若有發現多、少顆或配件短缺破損，請立即連繫賣家，若造成任何財物損失，本司皆無責任~\r\n\r\n\r\n\r\n【統一發票】\r\n\r\n由蝦皮代開發票，若有發票問題請致電客服專線02-6636-6559\r\n\r\n\r\n\r\n【鑑賞期規範】 \r\n\r\n本商城購物享有15天鑑賞期，若商品因消費者個人不當使用拆卸產生人為因素造成故障、損毀、磨損、擦傷、刮傷、髒污、包裝破損不完整者，或是附配件不齊者，恕不接受退貨\r\n\r\n', '1', 1, 24, 2200, '2024-06-03', NULL, '2024-06-03', NULL, '034.jpg'),
(35, '電動麻將桌專用牌-日本版', '東方不敗電動麻將桌專用牌-日本版\r\n\r\n顏 色 : 藍、黃\r\n\r\n【鑑賞期規範】 \r\n\r\n本商城購物享有15天鑑賞期，若商品因消費者個人不當使用拆卸產生人為因素造成故障、損毀、磨損、擦傷、刮傷、髒污、包裝破損不完整者，或是附配件不齊者，恕不接受退貨', '1', 1, 20, 3000, '2024-06-03', NULL, '2024-06-03', NULL, '035.webp'),
(36, '極光牌尺系列 34mm 1黑3銀', '極光牌尺系列 34mm\r\n\r\n顏 色 :1黑3銀\r\n\r\n規 格 : 46.5CM\r\n\r\n材 質 : 塑膠\r\n\r\nNT$220\r\n\r\n\r\n\r\n\r\n\r\n【統一發票】\r\n\r\n由蝦皮代開發票，若有發票問題請致電客服專線02-6636-6559\r\n\r\n\r\n\r\n【鑑賞期規範】 \r\n\r\n本商城購物享有15天鑑賞期，若商品因消費者個人不當使用拆卸產生人為因素造成故障、損毀、磨損、擦傷、刮傷、髒污、包裝破損不完整者，或是附配件不齊者，恕不接受退貨', '1', 2, 29, 220, '2024-06-03', NULL, '2024-06-03', NULL, '036.jpg'),
(37, '極光牌尺系列 34mm 1黑3白', '極光牌尺系列 34mm\r\n\r\n顏 色 :1黑3白\r\n\r\n規 格 : 46.5CM\r\n\r\n材 質 : 塑膠\r\n\r\nNT$220\r\n\r\n\r\n\r\n\r\n【鑑賞期規範】 \r\n\r\n本商城購物享有15天鑑賞期，若商品因消費者個人不當使用拆卸產生人為因素造成故障、損毀、磨損、擦傷、刮傷、髒污、包裝破損不完整者，或是附配件不齊者，恕不接受退貨', '1', 2, 17, 220, '2024-06-03', NULL, '2024-06-03', NULL, '037.jpg'),
(38, '極光牌尺系列 34mm 1銀3黑', '極光牌尺系列 34mm\r\n\r\n顏 色 : 1銀3黑\r\n\r\n規 格 : 46.5CM\r\n\r\n材 質 : 塑膠\r\n\r\n\r\n\r\n注意：\r\n\r\n1.因為是壓克力/塑膠材質，在包裝或是運送中難免表面產生細微刮痕，但不影響使用喔~\r\n\r\n2.側邊會有細微痕跡，也不影響使用。\r\n\r\n\r\n\r\n【配送須知】\r\n\r\n如需配送外島或特殊地區，請先聊聊詢問\r\n\r\n\r\n【鑑賞期規範】 \r\n\r\n本商城購物享有15天鑑賞期，若商品因消費者個人不當使用拆卸產生人為因素造成故障、損毀、磨損、擦傷、刮傷、髒污、包裝破損不完整者，或是附配件不齊者，恕不接受退貨\r\n\r\n\r\n\r\n*店家保留訂單接受與否權力，不便之處敬請見諒。', '1', 2, 14, 220, '2024-06-03', NULL, '2024-06-03', NULL, '038.jpg'),
(39, '極光牌尺系列 34mm 1銀3白', '顏 色 : 1銀3白\r\n\r\n規 格 : 46.5CM\r\n\r\n材 質 : 塑膠\r\n\r\nNT$220\r\n\r\n\r\n【鑑賞期規範】 \r\n\r\n本商城購物享有15天鑑賞期，若商品因消費者個人不當使用拆卸產生人為因素造成故障、損毀、磨損、擦傷、刮傷、髒污、包裝破損不完整者，或是附配件不齊者，恕不接受退貨', '1', 2, 16, 220, '2024-06-03', NULL, '2024-06-03', NULL, '039.jpg'),
(40, '極光牌尺系列 34mm 1白3黑', '極光牌尺系列 34mm\r\n\r\n顏 色 :1白3黑\r\n\r\n規 格 : 46.5CM\r\n\r\n材 質 : 塑膠\r\n\r\nNT$220\r\n\r\n\r\n\r\n【鑑賞期規範】 \r\n\r\n本商城購物享有15天鑑賞期，若商品因消費者個人不當使用拆卸產生人為因素造成故障、損毀、磨損、擦傷、刮傷、髒污、包裝破損不完整者，或是附配件不齊者，恕不接受退貨', '1', 2, 10, 220, '2024-06-03', NULL, '2024-06-03', NULL, '040.jpg'),
(41, '踏雪尋梅壓克力牌尺', '踏雪尋梅壓克力牌尺\r\n\r\n顏 色 : 一白三黑\r\n\r\n規 格 : 46.5CM\r\n\r\n材 質 : 壓克力\r\n\r\n\r\n\r\n本產品為水轉印工藝 , 表面紋路每一支都不一樣 , 圖片僅供參考\r\n\r\n\r\n\r\n\r\n【鑑賞期規範】 \r\n\r\n本商城購物享有15天鑑賞期，若商品因消費者個人不當使用拆卸產生人為因素造成故障、損毀、磨損、擦傷、刮傷、髒污、包裝破損不完整者，或是附配件不齊者，恕不接受退貨\r\n\r\n\r\n\r\n【鑑賞期規範】 \r\n\r\n本商城購物享有15天鑑賞期，若商品因消費者個人不當使用拆卸產生人為因素造成故障、損毀、磨損、擦傷、刮傷、髒污、包裝破損不完整者，或是附配件不齊者，恕不接受退貨', '1', 2, 10, 750, '2024-06-03', NULL, '2024-06-03', NULL, '041.jpg'),
(42, '潑墨山水壓克力牌尺', '潑墨山水壓克力牌尺\r\n\r\n顏 色 : 一黑三白\r\n\r\n規 格 : 46.5CM\r\n\r\n材 質 : 壓克力\r\n\r\n\r\n\r\n注意：\r\n\r\n本產品為水轉印工藝 , 表面紋路每一支都不一樣 , 圖片僅供參考。\r\n\r\n因為是材質關係，在包裝或是運送中難免表面產生細微刮痕，但不影響使用喔~\r\n\r\n', '1', 2, 0, 750, '2024-06-03', '2024-06-06', '2024-06-03', NULL, '042.jpg'),
(43, '南美花梨木壓克力牌尺', '✦東方不敗x南美花梨木壓克力麻將牌尺✦\r\n\r\n牌尺顏色一深三淺\r\n\r\n採水轉印工藝，牌尺紋路獨一無二\r\n\r\n顏 色 : 一深三淺\r\n\r\n規 格 : 46.5CM\r\n\r\n材 質 : 壓克力\r\n\r\n牌尺售價750\r\n\r\n\r\n\r\n注意：\r\n\r\n本產品為水轉印工藝 , 表面紋路每一支都不一樣 , 圖片僅供參考。\r\n\r\n因為是材質關係，在包裝或是運送中難免表面產生細微刮痕，但不影響使用喔~\r\n\r\n\r\n\r\n【鑑賞期規範】 \r\n\r\n本商城購物享有15天鑑賞期，若商品因消費者個人不當使用拆卸產生人為因素造成故障、損毀、磨損、擦傷、刮傷、髒污、包裝破損不完整者，或是附配件不齊者，恕不接受退貨', '1', 2, 13, 750, '2024-06-03', NULL, '2024-06-03', NULL, '043.jpg'),
(44, 'Xctrl聯名牌尺_金運加身不倒翁', '東方不敗 × Xctrl聯名牌尺_金運加身不倒翁\r\n\r\n顏色：一黑三白\r\n\r\n規格：46.5x3x0.5 \r\n\r\n材質：耐衝擊材質\r\n\r\n\r\n\r\n【統一發票】\r\n\r\n由蝦皮代開發票，若有發票問題請致電客服專線02-6636-6559\r\n\r\n\r\n\r\n【鑑賞期規範】 \r\n\r\n本商城購物享有15天鑑賞期，若商品因消費者個人不當使用拆卸產生人為因素造成故障、損毀、磨損、擦傷、刮傷、髒污、包裝破損不完整者，或是附配件不齊者，恕不接受退貨', '1', 2, 39, 250, '2024-06-03', NULL, '2024-06-03', NULL, '044.jpg'),
(45, '34mm輸不起牌尺 ', '輸不起牌尺『明星代言聯名款』\r\n\r\n材質：塑膠耐衝擊材質\r\n\r\n尺寸：34mm / 長46.5 寬3 厚0.5 公分\r\n\r\n每組數量：4支一組\r\n\r\n\r\n\r\n注意：\r\n\r\n1.因為是壓克力/塑膠材質，在包裝或是運送中難免表面產生細微刮痕，但不影響使用喔~\r\n\r\n2.側邊會有細微痕跡，也不影響使用。\r\n\r\n\r\n\r\n【配送須知】\r\n\r\n如需配送外島或特殊地區，請先聊聊詢問\r\n\r\n\r\n\r\n【統一發票】\r\n\r\n由蝦皮代開發票，若有發票問題請致電客服專線02-6636-6559\r\n\r\n\r\n\r\n【鑑賞期規範】 \r\n\r\n本商城購物享有15天鑑賞期，若商品因消費者個人不當使用拆卸產生人為因素造成故障、損毀、磨損、擦傷、刮傷、髒污、包裝破損不完整者，或是附配件不齊者，恕不接受退貨\r\n\r\n\r\n\r\n*店家保留訂單接受與否權力，不便之處敬請見諒。', '1', 2, 82, 250, '2024-06-03', NULL, '2024-06-03', NULL, '045.jpg'),
(46, 'Xctrl聯名牌尺_染井吉野櫻花粉 34mm/46.5公分', '東方不敗 × Xctrl聯名牌尺_染井吉野櫻花粉\r\n\r\n顏 色 : 一白三粉 \r\n\r\n規 格 : 46.5x3x0.5\r\n\r\n材 質 : 耐衝擊材質\r\n\r\n適用：34mm手打麻將、東方36mm電動桌專用麻將\r\n\r\n注意：因為是塑膠耐衝擊材質，在包裝或是運送中難免表面產生細微刮痕，但不影響使用喔~\r\n\r\n\r\n\r\n\r\n【鑑賞期規範】 \r\n\r\n本商城購物享有15天鑑賞期，若商品因消費者個人不當使用拆卸產生人為因素造成故障、損毀、磨損、擦傷、刮傷、髒污、包裝破損不完整者，或是附配件不齊者，恕不接受退貨', '1', 2, 19, 250, '2024-06-03', NULL, '2024-06-03', NULL, '046.jpg'),
(47, '極致黑金Kitty牌尺', '東方不敗麻將牌尺推薦\r\nHelloKitty凱蒂貓黑金牌尺\r\n最愛凱蒂貓的質感麻將尺\r\n\r\n規格 : 46.5x3x0.5\r\n材質：耐衝擊材質', '1', 2, 20, 300, '2024-06-03', NULL, '2024-06-03', NULL, '047.webp'),
(48, '壓克力牌尺 34 mm-logo版', '東方不敗 手工雙色排尺 34mm 46.5cm 紅色/黃色\r\n\r\n\r\n\r\n品牌：東方不敗\r\n\r\n品名：手工雙色排尺\r\n\r\n尺寸：34mm(46.5cm)\r\n\r\n顏色: 顏色: 黃、紅、藍\r\n\r\n\r\n注意：\r\n\r\n因為是壓克力材質，在包裝或是運送中難免表面產生細微刮痕，但不影響使用喔~\r\n\r\n\r\n\r\n【鑑賞期規範】 \r\n\r\n本商城購物享有15天鑑賞期，若商品因消費者個人不當使用拆卸產生人為因素造成故障、損毀、磨損、擦傷、刮傷、髒污、包裝破損不完整者，或是附配件不齊者，恕不接受退貨', '1', 2, 8, 250, '2024-06-03', NULL, '2024-06-03', NULL, '048.jpg'),
(49, '壓克力牌尺 34 mm', '顏色: 宇宙星、紅蘋果、藍太楊、黃太楊\r\n規 格 :  34 mm\r\n材 質 : 壓克力', '1', 2, 20, 260, '2024-06-03', NULL, '2024-06-03', NULL, '049.webp'),
(50, '湖水綠牌尺', '顏 色 : 一綠三灰\r\n規 格 : 45CM、46.5CM、50CM\r\n材 質 : 壓克力', '1', 2, 18, 200, '2024-06-03', NULL, '2024-06-03', NULL, '050.webp'),
(51, '檸檬黃/櫻花粉/實用塑膠牌尺', '壓克力牌尺\r\n壓克力材質、經久耐用不龜裂、不缺角、不反光\r\n顏 色 : 檸檬黃/櫻花粉/塑膠\r\n規 格 : 46.5CM(34mm)\r\n材 質 : 壓克力\r\n\r\n注意：\r\n因為是壓克力材質，在包裝或是運送中難免表面產生細微刮痕，但不影響使用喔~\r\n\r\n\r\n【鑑賞期規範】 \r\n本商城購物享有15天鑑賞期，若商品因消費者個人不當使用拆卸產生人為因素造成故障、損毀、磨損、擦傷、刮傷、髒污、包裝破損不完整者，或是附配件不齊者，恕不接受退貨', '1', 2, 34, 210, '2024-06-03', NULL, '2024-06-03', NULL, '051.jpg'),
(52, 'Xctrl聯名必勝牌尺 34m麻將專用', '東方不敗 x Xctrl聯名牌尺_必勝版 一黑三白 34m麻將專用/總長46.4CM 塑膠材質\r\n\r\n編 號 : QT-188\r\n\r\n顏 色 : 一黑三白\r\n\r\n規 格 : 46.5CM\r\n\r\n材 質 : 塑膠\r\n\r\n\r\n\r\n注意：\r\n\r\n因為是塑膠材質，在包裝或是運送中難免表面產生細微刮痕，但不影響使用喔~\r\n\r\n\r\n\r\n\r\n\r\n\r\n【鑑賞期規範】 \r\n\r\n本商城購物享有15天鑑賞期，若商品因消費者個人不當使用拆卸產生人為因素造成故障、損毀、磨損、擦傷、刮傷、髒污、包裝破損不完整者，或是附配件不齊者，恕不接受退貨', '1', 2, 82, 250, '2024-06-03', NULL, '2024-06-03', NULL, '052.jpg'),
(53, 'Xctrl聯名牌尺_諸葛亮與臭皮匠 34mm', '東方不敗 × Xctrl聯名牌尺_諸葛亮與臭皮匠\r\n\r\n顏 色 : 一黑三黃\r\n\r\n規 格 : 46.5x3x0.5\r\n\r\n材 質 : 耐衝擊材質\r\n\r\n適用：34mm手打麻將、東方36mm電動桌專用麻將\r\n\r\n\r\n\r\n注意：因為是塑膠耐衝擊材質，在包裝或是運送中難免表面產生細微刮痕，但不影響使用喔~\r\n\r\n\r\n\r\n\r\n【鑑賞期規範】 \r\n\r\n本商城購物享有15天鑑賞期，若商品因消費者個人不當使用拆卸產生人為因素造成故障、損毀、磨損、擦傷、刮傷、髒污、包裝破損不完整者，或是附配件不齊者，恕不接受退貨', '1', 2, 79, 200, '0000-00-00', NULL, '2024-06-03', NULL, '053.jpg'),
(54, '金鑽壓克力牌尺 ', '東方不敗 34MM壓克力牌尺 耐打好看 莊家金其他銀 電動桌36MM也可用\r\n\r\n\r\n\r\n品牌：東方不敗\r\n\r\n品名：34MM金鑽壓克力牌尺\r\n\r\n產地：中國大陸\r\n\r\n尺寸：手打34MM、電動36MM\r\n\r\n材質：壓克力\r\n\r\n長度：46.5公分\r\n\r\n寬：3公分\r\n\r\n厚度：0.5公分\r\n\r\n注意事項：包裝運送途中難免產生細微刮痕、不影響使用，如要換貨依賣家判定為主，請斟酌自身接受度購買。\r\n\r\n\r\n\r\n\r\n【鑑賞期規範】 \r\n\r\n本商城購物享有15天鑑賞期，若商品因消費者個人不當使用拆卸產生人為因素造成故障、損毀、磨損、擦傷、刮傷、髒污、包裝破損不完整者，或是附配件不齊者，恕不接受退貨', '1', 2, 0, 250, '2024-06-03', '2024-06-06', '2024-06-03', NULL, '054.jpg'),
(55, '筒仔專用牌尺（二入）60 cm', '筒仔專用牌尺（二入）60 cm', '1', 2, 20, 160, '2024-06-03', NULL, '2024-06-03', NULL, '055.webp'),
(56, '塑膠牌尺(顏色隨機)', '34M塑膠排尺\r\n\r\n\r\n\r\n顏 色 : 透明\r\n\r\n規 格 : 45cm\r\n\r\n材 質 : 塑膠\r\n\r\n\r\n\r\n注意：\r\n\r\n因為是塑膠材質，在包裝或是運送中難免表面產生細微刮痕，但不影響使用喔~\r\n\r\n\r\n\r\n【統一發票】\r\n\r\n由蝦皮代開發票，若有發票問題請致電客服專線02-6636-6559\r\n\r\n\r\n\r\n【鑑賞期規範】 \r\n\r\n本商城購物享有15天鑑賞期，若商品因消費者個人不當使用拆卸產生人為因素造成故障、損毀、磨損、擦傷、刮傷、髒污、包裝破損不完整者，或是附配件不齊者，恕不接受退貨', '1', 2, 28, 50, '2024-06-03', NULL, '2024-06-03', NULL, '056.jpg'),
(57, '高品質牌尺', '壓克力牌尺\r\n長度約47.5CM\r\n顏色 : 一橘三白、一綠三白、一粉三白、一黃三白、一紫三白、純白(LOGO)、霧面(LOGO)', '1', 2, 80, 380, '2024-06-03', NULL, '2024-06-03', NULL, '057.webp'),
(58, '36牌專用壓克力高光牌尺', '壓克力牌尺\r\n\r\n耐用不易缺角龜裂、正反雙面材質(亮面、磨砂)\r\n\r\n顏 色 : 櫻花粉/海洋藍/螢光綠/4白\r\n\r\n規 格 : 465mm/30mm/5mm\r\n\r\n材 質 : 壓克力\r\n\r\n\r\n\r\n＊因壓克力材質，在包裝或運送中難免產生表面細微刮痕，此為正常情況，不影響使用。', '1', 2, 48, 300, '2024-06-03', NULL, '2024-06-03', NULL, '058.jpg'),
(60, ' Xctrl聯名牌尺 千萬兩黃金在手', '東方不敗 × Xctrl聯名牌尺_千萬兩黃金在手\r\n\r\n顏 色 : 一黑三黃\r\n\r\n規 格 : 46.5x3x0.5\r\n\r\n材 質 : 耐衝擊材質\r\n\r\n適用：34mm手打麻將、東方36mm電動桌專用麻將\r\n\r\n\r\n\r\n注意：因為是塑膠耐衝擊材質，在包裝或是運送中難免表面產生細微刮痕，但不影響使用喔~', '1', 2, 0, 200, '2024-06-03', '2024-06-06', '2024-06-03', NULL, '060.jpg'),
(66, '磁浮列車二代-超薄餐桌-MODO-S系列', '磁浮列車二代-超薄折疊-MODO-S系列【奶茶色桌布】  ✦(二代骰盤升級)LED燈靜音液晶四模式設定 ✦大桌面小機身設計，遊戲空間大，又不佔居家空間 ✦USB快速充電(須手機本身配置快充功能) ✦熱風烘乾除濕 ✦磁浮列車式出牌設計，升牌不卡物 ✦最新無聲機設計洗牌、上牌靜悄悄 ✦超薄機身設計腿部空間更舒適 ✦雙層隔音罩 ✦紫外線殺菌', '1', 3, 20, 31800, '2024-06-03', NULL, '2024-06-03', NULL, '066.webp'),
(67, '雲霄飛車四代-餐桌款-MODO-X系列', '雲霄飛車四代-餐桌款-MODO-X系列\r\n\r\n顏色: 中式木紋、松木紋、安格拉灰\r\n\r\n✦大桌面小機身設計，遊戲空間大，又不佔居家空間\r\n✦LED燈壓框，觸碰開關三段亮度調整\r\n✦快速充電,充電效能快4倍(須手機本身配置快充功能)\r\n✦升牌位置集中向前，完美斜度免推牌\r\n✦雲霄飛車式出牌設計，升牌不卡物\r\n✦最新無聲機設計洗牌、上牌靜悄悄\r\n✦計圈雙模式設定，免用方向環\r\n✦超薄機身設計腿部空間更舒適\r\n✦雙層隔音罩落牌超靜音\r\n✦骰盤防潑水設計 \r\n✦熱風除濕烘乾\r\n✦紫外線殺菌\r\n\r\n獨家四液晶螢幕設計，圈數、風位、連莊次數一目了然\r\n計圈雙模式設定，免用方向環\r\n大桌面小機身設計，遊戲空間大，又不佔居家空間\r\n\r\n\r\n\r\n產品資料\r\n產品名稱 磁浮列車二代-超薄餐桌款\r\n商品主機 50公斤\r\n整機組裝 68公斤\r\n商品尺寸 長97cm 寬97cm 高78cm\r\n材質成分 鐵/塑料\r\n電壓/頻率 110V/60HZ\r\n消耗功率 約180W\r\n\r\n產品隨機附贈\r\n產品贈品配件之款式顏色佔片會有些色差，以公司實際出貨為主\r\n台灣字版36MM電動麻將桌專用麻將牌二副\r\n耐摔壓克力系列排尺(不挑款)\r\n東方不敗電動麻將桌專用籌碼80P\r\n摔不壞方向環\r\n專用桌面清潔刷\r\n杯架(不挑色/一組4個)或銘緩茶几(美拉德/一組一配贈]\r\n\r\n', '1', 3, 10, 41800, '2024-06-03', NULL, '2024-06-03', NULL, '067.webp'),
(68, '樂雀台 LQ-300-T6-超薄餐桌款', '東方不敗電動麻將桌LQ-300-T6-樂雀台-超薄餐桌款\r\n\r\n✦紫外線殺菌 \r\n✦機底一體沖壓鋼板\r\n✦大桌面小機身，取牌不費力\r\n✦熱風除濕烘乾洗牌自動開啟\r\n✦無輸送帶設計，免除皮帶損耗\r\n✦二階段上牌設計，順滑不倒牌\r\n✦骰盤檔位&電源按鍵設計更便利\r\n✦ 桌腳隱藏電源線，美觀舒適不絆腳\r\n✦大桌面小機身設計，遊戲空間大，又不佔居家空間\r\n\r\n產品資料\r\n產品名稱 LQ-300-T6-餐桌款\r\n商品主機 44公斤\r\n整機組裝 62.5公斤\r\n商品尺寸 展開 長96.5cm 寬96.5cm 高78cm \r\n材質成分 鐵/塑料\r\n電壓/頻率 110V/60HZ\r\n消耗功率 約180W\r\n\r\n產品隨機附贈\r\n產品贈品配件之款式顏色佔片會有些色差，以公司實際出貨為主\r\n台灣字版36MM電動麻將桌專用麻將牌二副\r\n耐摔壓克力系列排尺(不挑款)\r\n東方不敗電動麻將桌專用籌碼80P\r\n塑料方向環\r\n專用桌面清潔刷\r\n銘緩茶几(美拉德/一組2張)', '1', 3, 30, 26800, '2024-06-03', NULL, '2024-06-03', NULL, '068.webp'),
(69, '斜行高手三代-餐桌款-智慧家PLUS系列', '東方不敗電動麻將桌推薦\r\n斜行高手三代-餐桌款-智慧家PLUS系列\r\n\r\n\\✦PLUS功能-LED燈壓框，觸碰開關三段亮度調整✦/\r\n✦雙模式設定，保留傳統模式，並增加計圈模式，免用方向環 ✦\r\n✦業界獨家四液晶螢幕設計，無論圈數、風位、連莊次數都可一目了然 ✦\r\n✦獨家20度大斜口，升牌位置集中向前✦\r\n✦快速充電、充電效能快4倍(須手機本身配置快充功能)✦\r\n✦無線充電隨放隨充超便利(須手機本身配置無線充功能)✦\r\n✦雙層隔音罩落牌超靜音✦\r\n✦骰盤防水設計✦\r\n✦紫外線殺菌✦\r\n✦熱風烘乾除溼✦\r\n\r\n產品資料\r\n產品名稱 斜行高手三代-餐桌款-智慧家園點灰PLUS\r\n商品主機 55公斤\r\n整機組裝 70公斤\r\n商品尺寸 展開 長101cm 寬101cm 高78cm \r\n材質成分 鐵/塑料\r\n電壓/頻率 110V/60HZ\r\n消耗功率 約180W\r\n\r\n產品隨機附贈\r\n產品贈品配件之款式顏色佔片會有些色差，以公司實際出貨為主\r\n台灣字版36MM電動麻將桌專用麻將牌二副\r\n耐摔壓克力系列排尺(不挑款)\r\n東方不敗電動麻將桌專用籌碼80P\r\n大方向環\r\n專用桌面清潔刷\r\n杯架(不挑色/一組4個)或銘緩茶几(美拉德/一組一配贈]', '1', 3, 0, 28800, '2024-06-03', '2024-06-06', '2024-06-03', NULL, '069.webp'),
(70, '同花順Ⓡ-餐桌款-P200愛麗絲-藍(安裝保固)', '同花順Ⓡ-P200四口機餐桌款\r\n\r\n✦電動麻將桌-同花順P200愛麗絲藍✦\r\n✦四邊USB孔✦\r\n✦限量機款，現金特價機✦\r\n✦外框不挑款，隨機出貨✦\r\n✦同花順專用骰盤✦\r\n✦液晶螢幕顯示面板✦\r\n\r\n產品資料\r\n產品名稱 同花順Ⓡ-P200四口機餐桌款\r\n商品\r\n整機組裝 77公斤\r\n商品尺寸 展開 長101cm 寬101cm 高78cm \r\n材質成分 鐵/塑料\r\n電壓/頻率 110V/60HZ\r\n消耗功率 約180W\r\n\r\n產品隨機附贈\r\n產品贈品配件之款式顏色佔片會有些色差，以公司實際出貨為主\r\n台灣字版36MM電動麻將桌專用麻將牌二副\r\n耐摔壓克力系列排尺(不挑款)\r\n摔不壞方向環\r\n實用茶几二張', '1', 3, 24, 17900, '2024-06-03', NULL, '2024-06-03', NULL, '070.webp'),
(71, '麻雀旅人', '東方不敗電動麻將桌-麻雀旅人\r\n旅行電動麻將桌，享受快樂不受限\r\n✦露營必備，全場焦點✦\r\n✦迷你機身精巧設計輕鬆拆卸✦\r\n✦旅行箱收納隨走隨玩✦\r\n✦鋁合金材質髮絲紋路質感優✦\r\n✦竹質麻將收納盒一體收納不佔空間✦\r\n\r\n提供喜歡露營的你，最專業的電動麻將桌選擇\r\n提供34MM麻將機專規麻將牌二副\r\n\r\n產品資料\r\n產品名稱 麻雀旅人\r\n整機組裝 56公斤\r\n商品尺寸 \r\n展開 長76cm 寬76cm 高76.5cm\r\n收納 高89cm 寬85cm 厚25cm\r\n材質成分 鐵/塑料/鋁合金\r\n電壓/頻率 110V/60HZ\r\n消耗功率 約180W\r\n\r\n產品隨機附贈\r\n產品贈品配件之款式顏色佔片會有些色差，以公司實際出貨為主\r\n台灣字版36MM電動麻將桌專用麻將牌二副\r\n耐摔壓克力系列排尺(45CM)\r\n東方不敗電動麻將桌專用籌碼80P\r\n摔不壞方向環\r\n專用桌面清潔刷', '1', 3, 10, 40000, '2024-06-03', NULL, '2024-06-03', NULL, '071.webp'),
(72, '瑪他他亥 Maatatahay', '瑪他他亥是一款雙人策略遊戲。你將扮演巴浪Balan或瓦束Wazu的首領，透過計算、謀略與佈局讓你的戰士在詭譎多變的戰場情勢中儘可能地存活。你可以透過地形加成、戰士間的支援、或蒐集力量水晶來強化戰士生存力，同時威脅你的對手；透過包圍敵人來擊敗對手同時保護同伴來獲取分數將是取分的關鍵。', '15', 7, 20, 1360, '2024-06-06', NULL, '2024-06-06', NULL, '11.jpg'),
(73, '搶頭香', '✅【宮廟主題】簡單易學設計概念，在桌上重現經典搶頭香情境\r\n\r\n✅【秘密部署】縝密思考派遣家人，幫助你從混亂局勢脫穎而出\r\n\r\n✅【耐玩多變】角色×香爐，多樣能力互相攻擊每次都是不同結局\r\n\r\n \r\n\r\n不論新手老手，都能帶給你身歷其境的遊戲體驗～\r\n\r\n畫風精美的人物、香爐造型～\r\n\r\n視覺與機制融合，\r\n\r\n讓你在家也能舒舒服服爭奪屬於你的好運！ ', '15', 7, 20, 800, '2024-06-02', NULL, '2024-06-02', '2024-06-06', '22.jpg'),
(74, '台灣夜市 Taiwan Night Market 集資版', '《台灣夜市》於2022年11月在嘖嘖平台集資達標，為了讓集資版有更高的收藏價值，GG工作室與TBD攜手合作，前往Kickstarter進行海外集資，除了順利達標之外，也解鎖了Night Market Booster擴充和貓老闆競標米寶，讓遊戲有更高的策略變化性和收藏價值！\r\n\r\n錯過嘖嘖和Kickstarter集資的朋友，趕快把握最後機會，在遊戲絕版前入手集資版的《台灣夜市》吧！ ', '15', 7, 20, 1500, '2024-06-02', NULL, '2024-06-02', '2024-06-06', 'aa.jpg'),
(75, '小農夫 Vegetable Stock', '熱銷破萬套的《小農夫》以全新面貌再版！精簡的規則、市場波動的巧妙機制，以及面對蔬菜價格崩盤前腎上激素飆升的快感，這款桌遊絕對是你隨身攜帶推坑親友的最佳選擇！ ', '15', 7, 20, 250, '2024-06-02', NULL, '2024-06-02', '2024-06-06', '800x.webp'),
(76, '好樂牌 Touch It ', '規則簡單 X 刺激對決 X 多款主題\r\n2022最簡單、最刺激的觸摸型派對桌遊！\r\n\r\n只需要15秒鐘，大家就可以馬上開始遊玩。\r\n\r\n\r\n遊戲的概念很像華人特別愛的【摸麻將】，\r\n\r\n非常適合在過年、露營、吃飯前、排隊、好友聚會時，\r\n\r\n與長輩、朋友或是小孩迅速地來一場對決～\r\n\r\n  ', '15', 7, 20, 350, '2024-06-02', NULL, '2024-06-02', '2024-06-06', '未命名-1.jpg'),
(77, '翻轉大稻埕', '《翻轉大稻埕》是一款以轉珠為主軸的策略遊戲。遊戲背景為十九世紀末，二十世紀初的大稻埕。玩家扮演當地的洋行商人，藉著移動與翻轉圖版上的貨物轉珠構成相同貨物的三或四連線以獲得貨物，並將這些貨物應用在個人圖板上，不論是運送到世界各地，或是用強化洋行的發展，從而建立具功能性的建築物強化貨物資源的應用。玩家的目標是成為大稻埕最具聲望的商人。 ', '15', 7, 20, 1180, '2024-06-02', NULL, '2024-06-02', '2024-06-06', '84219b_0f09bb2faad7451987f6cac910fabf97~mv2.webp'),
(78, '新台灣花札', '四季更迭，花朵盛開，玩家扮演著上山的遊客，一邊欣賞當令的花卉，一邊感受自然的氣氛，暖和的陽光、或是徐徐微風，都能為這趟旅行增添美好的回憶。 \r\n\r\n**遊戲背景**\r\n\r\n四季更迭，花朵盛開，上山的遊客們，一邊欣賞當令的花卉，一邊感受自然的氣氛，暖和的陽光、或是徐徐微風，都能為這趟旅行增添美好的回憶\r\n\r\n《台灣花札》改編自日本傳統紙牌遊戲《花牌Hanafuda》，玩家透過打出相同月份的花牌，收集湊成牌型所需要的圖示符號，遊戲中計分的時機相當的重要，如何能得到高分，又能搶先在其他玩家離開遊戲前計分，端看玩家的觀察力與運氣。 ', '15', 7, 20, 660, '2024-06-02', NULL, '2024-06-02', '2024-06-06', '502674ca-ef7b-4d99-b0be-ed6efd074882.jpg'),
(79, '平埔傳奇 大肚王國 Kingdom of Middag', '在17世紀中以前，大肚王國存在於台灣的桃園至鹿港一帶，由於其文明尚未學會使用文字，因此難以考究王國的起源與發展狀態。對該文明最早的文字幾路來自於登入台灣的荷蘭東印度公司，其在1645年與大肚王國發生武裝衝突，摧毀了13個反抗的部落，之後雙方簽訂和平協約。\r\n\r\n在此之前，大肚王國曾是島上一個非常和平的跨部族聯盟，部族間獨立共處，國王是形式上的領導人，僅調解部落間的衝突，並不直接統治各族。玩家們將在遊戲中扮演各組的領袖，在獵場中捕獲各種獵物，在聯合村落中發展工具、貿易、以及祭祀祖靈獲得名聲。最重要的，則是在每個獵季結束的慶典上，相眾人誇耀自己部族的成就，讓部族的故事部隊流傳後世。\r\n\r\n  ', '15', 7, 20, 950, '2024-06-02', NULL, '2024-06-02', '2024-06-06', '253a3cb2-8f00-4ce1-8ed8-02271703f26e.jpg'),
(80, '什麼不見啦 Something Is Missing', '《什麼不見啦》是一款記憶與反應融合的桌上遊戲，在遊戲中尋找充滿童趣與美好回憶的畫面，藉著場景卡的特色和提示，連結觀察，連結回憶，輕鬆享受一個愉快的遊戲時光。\r\n\r\n遊戲中，玩家將會先檢視並且記憶場景卡中的物件，接著利用輪流翻牌的方式，回憶覆蓋的場景卡中是否有該物件，以最快反應的玩家開始，依序選擇物件所存在的場景卡，玩家如果不甚記得也能夠跟隨其他玩家的記憶，重返該場景檢查是否屬實，正確的話能夠獲得分數；記錯了的話，呵呵，還是不免有點小懲罰。\r\n\r\n刺激又歡樂的小品透過台灣原創圖像結合遊戲，回到1980年代的台灣場景，關注歷史的畫面，一起反思生活中的什麼不見啦。  ', '15', 7, 20, 880, '2024-06-02', NULL, '2024-06-02', '2024-06-06', '84219b_0f09bb2faad7451987f6cac910fabf97~mv2.webp'),
(81, '地藏小王 JIZO ENMA', '《地藏小王》是一款需要觀察與互相交談、推測對方持有的底牌，抓出誰是本回合分數最高的玩家，搭配角色功能進行攻防的派對遊戲。\r\n\r\n玩家扮演掌管地獄的神，透過執行不同的任務來創造最高的聲望，每個角色都有很強大的能力，玩家們必須妥善應用各自強項，創造優勢獲取勝利。 ', '15', 7, 20, 790, '2024-06-02', NULL, '2024-06-02', '2024-06-06', '22301908886591_978.jpg'),
(82, '四季之森 Harvest Island', '《四季之森》是大玩桌遊2017年夏季主打作品，在這個遊戲中，呈現在玩家面前的台灣果物與特有種動物形象，透過插畫家 Cinyee 筆下鮮明地描述，在故事呈現上，桌遊的體驗將能夠更完整、更深入的讓你沉浸在這個世界。運用不同的地勢與氣候條件，播入適合的種子，培育結實纍纍的果樹，並運用你的預測知識決定採收時機，成為一位出色的栽培者！ ', '15', 7, 15, 690, '2024-06-02', NULL, '2024-06-02', '2024-06-06', '800x.jpg'),
(83, '地鐵Ｘ＋6片台北/吉隆坡地圖擴充 Metro X', '劃叉標記經過的車站！翻牌，在地圖上選條地鐵路線並劃記指定數量的車站。\r\n\r\n「轉乘」讓你獲得額外分數，但若沒有完成路線則會失去分數。\r\n\r\n每位玩家同時進行，因此當你競速完成路線時絕對沒有一刻是無聊的。\r\n\r\n獲取高分成為地鐵之王吧！ ', '15', 7, 15, 760, '2024-06-02', NULL, '2024-06-02', '2024-06-06', 'metrox_expansion1web.jpg'),
(84, '北城百畫帖 Scrolls of A Northern City', '1935年台北，像夢一樣漂亮的地方，即使在夜裡也閃爍著奇異的光采...在北城的一角佇立了一家名為百畫堂的咖啡館，一樓裡，甜蜜的點心、氤氳的香氣，女給（當時侍女的職稱）穿梭其中；而二樓，則是不對外開放的店主書房。在這裡，豐富的藏書、多樣的收藏，還躲著普通人看不到的幽靈...\r\n \r\n\r\n某日，百畫堂的老闆不見蹤影，身為百畫堂的客人，為了協助傷透腦筋的女給，你必須穿梭於台北城的巷弄尋找線索，藉由神秘力量的協助與你的推理，將偷閒的老闆找回來！\r\n\r\n漫畫《北城百畫帖》在歷史事件裡注入奇幻元素，重現令人驚奇又熟悉的台灣。在那裡，被遺忘的幽靈躲在藏書室裡默默讀書，如夢般的台灣博覽會正熱鬧展開，嚮往飛行的少年仰望著飛行表演，化妝遊行的敞蓬車隊則剛剛穿越三線路，進入充滿昭和氣氛的浪漫繪卷... ', '15', 7, 15, 880, '2024-06-02', NULL, '2024-06-02', '2024-06-06', '8df2868ce360662f9bbde2f712dbc5fe.jpg'),
(85, '冥戰錄 The Apocalypse of Darkness Warfare 默娘版', '自 2010 年起即獲獎不斷的火紅漫畫【冥戰錄】，近代台灣漫畫代表作之一。描述兩位擁有兩個靈魂的少年少女：與傳統神祇同名同姓的小妹妹「林默娘」、左手寄宿宋代道士的高中生「陳柏戎」，以及「黑日專案」的成員夥伴們，一同力抗來自冥界的威脅。\r\n主線熱血劇情，搭配有血有肉的眾多角色，最重要的就是作者夠變態(X)默娘超級萌(O)造就了【冥戰錄】在台灣漫畫圈的一定地位，當然圍繞在台灣在地街景、道教傳統文化的特色，也更加豐富了這款 IP 的支線延伸，也是我們做成桌上遊戲的最佳素材喔！ ', '15', 7, 15, 480, '2024-06-02', NULL, '2024-06-02', '2024-06-06', '487fbddfecdaf2f228ce0e1e3518eiw5.jpg'),
(86, '厭世動物園：動物大逃殺 Run Animals, Run!', '「請問是動物園嗎？我們是厭世動物園！」這是我們跟台北市立動物園的真實對話，我們與知名插畫家「厭世動物園」合作，推出此款「求生不得，求死不難」的桌上遊戲。透過遊戲的過程，希望反映台灣動物因為人類開發走向滅絕的無力感。\r\n\r\n  ', '15', 7, 15, 1200, '2024-06-02', NULL, '2024-06-02', '2024-06-06', 'getImage.webp'),
(87, '大鍋炒 Wok on Fire', '好大一鍋美味的食材等著你來料理。拿起鍋鏟，我們都是王牌大廚！\r\n\r\n大口吃肉、健康蔬食，或費點勁兒端出美味的飯麵料理，\r\n\r\n透過炒出的各樣食材，挑出最佳的配對組合，拿取高分！\r\n\r\n熱鍋快炒、美味四溢，挑戰翻炒技巧外更挑逗你的味蕾。\r\n\r\n1炒2挑3組合，體現炒菜的樂趣，顛覆你對桌遊的想像！ ', '15', 7, 15, 490, '2024-06-02', NULL, '2024-06-02', '2024-06-06', '1500167908-3549625778.png'),
(88, '台灣製茶錄  Formosa Tea', '自19世紀起，由於台灣山區環境適合茶葉生長，加上英國蘇格蘭商人杜德引進精緻技術，以「Formosa Tea」為名的烏龍茶開始外銷到歐美市場，從此開始台灣茶葉的發展。\r\n\r\n在《台灣製茶錄》中，玩家扮演茶園主人，經歷台灣百年的製茶歷史，製作茶葉供應給朔溪而上，由洋行派來的貨船，開拓內銷市場，提升各種製茶技術，獲得聲望；擁有最高聲望的玩家獲得勝利。 ', '15', 7, 10, 1750, '2024-06-02', NULL, '2024-06-02', '2024-06-06', 'asset_92146_image_big.jpg.webp'),
(89, '台灣 Taiwan', '二次大戰後,台灣迎來了數十年的經濟奇蹟,並帶來了全島的建設熱潮. 隨著經濟的開放及更多資金的湧入,你能超越對手成為這時代最有影響力的開發承建商嗎? ', '15', 7, 25, 1200, '2024-06-02', NULL, '2024-06-02', '2024-06-06', '000001_1678342976.webp'),
(90, '台北大空襲(Raid on Taihoku)', '1945年5月31日，日治時期的台北遭到盟軍美國第五航空隊超過一百架次的轟炸機空襲，造成許多人傷亡，上萬人流離失所，這是一段二戰期間確實存在，卻鮮為人知的灰暗故事。\r\n ', '15', 7, 25, 1360, '2024-06-02', NULL, '2024-06-02', '2024-06-06', '1497053996-1751116053_n.jpg'),
(91, '臺灣特有種', '《臺灣特有種》是全國第一款介紹臺灣生態環境與原生動物的親子桌遊！\r\n　　遊戲包含經典木製配件、大型臺灣地圖與卡牌，\r\n　　囊括臺灣四大生態棲地：高山、丘陵、濕地與水域，收錄二十四種獨特的臺灣原生動物，一起展開華麗的環島大冒險！ ', '15', 7, 30, 1600, '2024-06-02', NULL, '2024-06-02', '2024-06-06', '416fde48803a4920934ad8fd55966b80.jpg'),
(92, '拉密', '拉密是一款數字組合遊戲，遊戲規則簡單易懂，只有兩種數字排列法，用自己的邏輯來重新規劃排列順序，創造出變幻多端的數字組合；歡迎對數字敏感的你，規則簡單，只需要明白數字排列，能夠分辨紅、橘、藍、黑四種顏色即可暢玩。', '15', 8, 20, 850, '2024-06-02', NULL, '2024-06-02', NULL, '4563.jpg'),
(93, '	Go-stop', '花牌是韓國的傳統遊戲，最早來自於日本，於朝鮮王朝後期傳到朝鮮半島。每副花牌中含有54張牌，其中48張牌分成12組花色，代表著12個月，各月份皆以當月的花草與動物為代表圖案。 花牌常見的玩法為稱為GO&STOP 고스톱 ，由三位玩家進行，類似於台灣撲克牌「釣魚」與「撿紅點」，玩家需吃掉相同月份的牌以賺取分數，最後分數最高者勝利。遊戲玩法相當有趣， 就算不會韓文也沒關係，非常適合在過節期間與家人、朋友一起同樂哦!', '15', 8, 20, 200, '2024-06-02', NULL, '2024-06-02', NULL, 'rent2.webp'),
(94, 'uno', '風靡世界的UNO的紙牌遊戲,是1971發明的經典遊戲,現在由玩具公司美泰兒生產。當玩家打出倒數第二張牌時,必須喊出\"UNO\",遊戲因而得名。趕快加入UNO的行列吧!', '15', 5, 30, 250, '2024-06-02', NULL, '2024-06-02', NULL, 'original.jpg'),
(95, '機密代號', '	\r\n一款分組競賽的派對陣營遊戲。在一組加密情報之中，領袖必須想出絕妙的暗號，如：「一個名詞+數量」，讓隊員們以最少回合找出最多特務，率先找出我方所有特務的隊伍獲得勝利。不過得小心潛伏在情報背後的殺手，找到他的人必死無疑！這款遊戲擁有簡潔的遊戲機制，以及難以重複的題庫組合，讓它百玩不膩。', '15', 5, 20, 880, '2024-06-02', NULL, '2024-06-02', NULL, '機密代號.jpg'),
(96, '妙語說書人', 'Dixit 是一款充滿想像力的桌上遊戲，適合各年齡層的玩家。遊戲由 3 到 6 人參與，遊戲時間大約為 30 分鐘。遊戲中，玩家輪流擔任敘述者，選擇一張手中的圖畫卡牌，並給出一個敘述，這個敘述可以是一個詞、一句話或者一段故事，只要是能夠引導其他玩家聯想到這張卡牌的提示。其他玩家則從自己的手牌中選擇一張他們認為與敘述者提示最匹配的卡牌。選好後，將這些卡牌洗牌，然後一起展示出來。所有人（除了敘述者）都要投票，猜測哪一張是敘述者的原始卡牌。', '15', 5, 15, 1320, '2024-06-02', NULL, '2024-06-02', NULL, 'Dixit.webp'),
(97, '	【哈利波特】超豪華巫師棋套組', '朋友!先別管那麼多了,來場巫師棋吧!《哈利波特》中人氣超高的巫師棋完美還原.巫師棋的遊玩方式和一般西洋棋一樣雙方共有一個國王、一個王后、兩個城堡、兩個主教、兩個騎士和八個小卒,共16枚棋子.此套裝中共有32枚精緻的模型棋,分別裝在兩袋精美的禮品袋中和一枚大棋盤.棋子的尺寸約為5到10CM,棋盤為47*47CM\r', '15', 8, 10, 3580, '2024-06-02', NULL, '2024-06-02', NULL, 'HARRY-POTTER.jpg'),
(98, '山中小屋', '「山中小屋」是個經典的探索類角色扮演遊戲，玩家扮演著受邀來到深山中一座豪宅，然後當所有人進屋之後，卻發現大門被鎖上了，而豪宅中不斷地發生一些詭異的事件，玩家必須尋找逃離的辦法。然而，在不知不覺中，有人成為了背叛者！引出了可怕的怪物，玩家該如何才能齊心協力地打到怪物，平安回家呢？讓我們一起來看看吧！', '15', 10, 10, 1750, '2024-06-02', NULL, '2024-06-02', NULL, 'Betrayal at House on the Hill.jpg'),
(99, '龍與地下城：鴉閣城', '在一個古老的年代，魔力充斥整片大陸， 邪惡在暗影中猖獗，居住地的邊緣也逐漸被怪物入侵。 在這邪龍展翅、地城遍布時代，世間等待著英雄的降臨。 穿著不同的防具，手持長劍、長弓及法杖的英雄們探索著上古遺跡， 進行大膽的任務，並挑戰令人畏懼的怪物。 這些任務都將在陰暗且神祕的地城中進行，而這個地城通稱為拉文羅夫特堡。', '15', 10, 20, 3200, '2024-06-02', NULL, '2024-06-02', NULL, 'D&D.jpg'),
(100, '矮人礦坑\r', '熱愛團體合作型遊戲的可以玩看看「矮人礦坑」！在遊戲中所有玩家會扮演成矮人族，而族內還會再分成掏金矮人跟搗蛋鬼，大家互不知道對方的身份，所以大家必須在隱藏身份的同時幫助到自己的夥伴，看究竟矮人們到底能不能成功掏金？還是會被搗蛋鬼阻饒呢？', '15', 5, 25, 790, '2024-06-02', NULL, '2024-06-02', NULL, '矮人礦坑.jpg'),
(101, '駱駝大賽', '快來見識有史以來最瘋狂的駱駝大賽！ 尤其是駱駝疊在一起而金字塔倒轉時，場面將會一片混亂、瀕臨失控狀態！ 身為埃及上流社會的一員，聚集在沙漠中的目的只有一個：下注在你看好的駱駝身上，以分段賽及整場比賽贏得最多的獎金。 然而在比賽中不是只靠運氣就能壓倒其他玩家，抓住比賽的節奏和精準掌握下注時機也是贏得比賽不可或缺的能力。 一款簡單、快速、極度有趣且最多可讓8名玩家同樂的家庭遊戲。 ', '15', 5, 15, 1320, '2024-06-02', NULL, '2024-06-02', '2024-06-06', '5ab8f249ff9c8b65f4cecd73_Camel_Up_Box_3D-p-800.jpeg'),
(102, '小小寶寶大混亂 Babu Babu Panic', '玩家是小寶寶，還不會說話只能發出咿咿呀呀的聲音來互相交換卡片，你能率先換到一手相同的卡片嗎？', '15', 5, 20, 500, '2024-06-02', NULL, '2024-06-02', NULL, '21.png'),
(103, '搶頭香', '詼諧逗趣卡牌桌遊，讓你在桌上重現搶頭香奔跑推擠的刺激感！', '15', 5, 20, 800, '2024-06-02', NULL, '2024-06-02', NULL, '22.png'),
(104, '維京蹺蹺板 Viking See-Saw', '在維京蹺蹺板這艘船上，一邊上貨一邊在搖擺不停的船隻上尖叫吧！(日文版，可下載中文規則)', '15', 5, 20, 790, '2024-06-02', NULL, '2024-06-02', NULL, '23.png'),
(105, '忍者大師 Ninja Master', '注意骰子擲出的圖樣、迅速抓取忍者標記或是武士刀，成為最強的忍者大師！(日文版，可下載中文規則)', '15', 5, 20, 790, '2024-06-02', NULL, '2024-06-02', NULL, '24.png'),
(106, '淘金熱 Gold Hunting', '在對方的金礦山裡，憑藉你的好眼力和直覺挖出閃亮亮的財富吧！(日文版，可下載中文規則)', '15', 5, 0, 690, '2024-06-02', '2024-06-06', '2024-06-02', NULL, '25.png'),
(107, '篝火派對 Bonfire Party', '在這款考驗默契的遊戲中，和朋友一起合作挑戰點燃最旺盛的篝火吧！(日文版，可下載中文規則)', '15', 5, 20, 690, '2024-06-02', NULL, '2024-06-02', NULL, '26.png'),
(108, '3秒挑戰 3 Second Try', '三秒之內你的極限在哪裡？勇敢地宣告你的挑戰吧！(日文版，可下載中文規則)', '15', 5, 20, 690, '2024-06-02', NULL, '2024-06-02', NULL, '27.png'),
(109, '骨牌判定 Judge Domino', '輪流排列骨牌，設法讓人誤以為骨牌無法全部倒下，你就有機會得分。你有辦法誤導其他人的判斷嗎?(日文版，可下載中文規則)', '15', 5, 20, 690, '2024-06-02', NULL, '2024-06-02', NULL, '28.png'),
(110, '堅果狂熱派 Nuts a Go Go', '蒐集各種形狀的堅果，證明自己是最愛吃堅果的狂熱派！規則簡單充滿歡樂的笑聲～(日文版，可下載中文規則)', '15', 5, 20, 950, '2024-06-02', NULL, '2024-06-02', NULL, '29.png'),
(111, '妖怪百奇八光 Youkai Hyakki Yakou', '收集到八種妖怪卡牌，完成百奇八光的組合，獲得光榮的勝利！', '15', 5, 20, 500, '2024-06-02', NULL, '2024-06-02', NULL, '30.png'),
(112, '搶救甜點公主 Help Me Princess', '貪吃的魔王居然綁架了甜點國的公主！為了搶回大家的甜點，從魔王手中救回公主吧！', '15', 5, 20, 500, '2024-06-02', NULL, '2024-06-02', NULL, '31.png'),
(113, '愛麗絲的瘋狂茶會', '在這場特別的下午茶會，每個人都等著入座，但是要選擇哪個座位，卻是令人糾結的謎題！', '15', 5, 20, 1300, '2024-06-02', NULL, '2024-06-02', NULL, '32.png'),
(114, '熊熊王國保衛戰 Moody Bear Kingdom', '「白雪」與「烈焰」兩個陣營的世紀對決，究竟哪一方能夠率先找到隊友並集滿三個聖物？又或是，黑暗的第三勢力將會凌駕一切？', '15', 5, 20, 850, '2024-06-02', NULL, '2024-06-02', NULL, '33.png'),
(115, '小農夫 Vegetable Stock', '熱銷破萬套的《小農夫》以全新面貌再版！精簡的規則、市場波動的巧妙機制，以及面對蔬菜價格崩盤前腎上激素飆升的快感，這款桌遊絕對是你隨身攜帶推坑親友的最佳選擇！', '15', 5, 20, 250, '2024-06-02', NULL, '2024-06-02', NULL, '34.png'),
(116, '貓的築地 Cat\'s Tsukiji', '《貓的築地》是一款超療癒的反應類遊戲，戴上你最愛的貓咪花紋指套，看準你喜歡的魚，用力給他拍下去！只要沒人跟你搶，就可以開心地把魚帶回家。但是，如果有人跟你看上同一隻魚，你們就得空手而回囉～', '15', 5, 20, 450, '2024-06-02', NULL, '2024-06-02', NULL, '35.png'),
(117, '馬鈴薯海盜3：薯片奇航 ', '《馬鈴薯海盜》系列桌遊第三彈，乘坐海盜船航向更遙遠的世界 -- 也能學會更進階的程式語言喔！', '15', 5, 20, 1590, '2024-06-02', NULL, '2024-06-02', NULL, '36.png'),
(118, '字母接龍 Stack Me', '用卡片玩字母接龍，ABC、DEF、GHI，誰能接最快？', '15', 5, 0, 390, '2024-06-02', '2024-06-06', '2024-06-02', NULL, '37.png'),
(119, 'V型病毒 V-Virus', 'V型病毒入侵，要奮力保護自己為人類留下最後希望，或是放棄治療加入病毒一方呢？超刺激陣營遊戲，不到最後不知誰是帶原者！', '15', 5, 20, 800, '2024-06-02', NULL, '2024-06-02', NULL, '38.png'),
(120, '恐龍拉力賽 Dino Derby', '奔跑吧！恐龍！幫助你支持的恐龍搶下前兩名才能獲勝喔！', '15', 5, 20, 690, '2024-06-02', NULL, '2024-06-02', NULL, '39.png'),
(121, '壽司大手 Sushi Royale', '成為天下第一的壽司師傅，除了要洞察客人的喜好，更要練就一身快手上菜奉茶！', '15', 5, 20, 690, '2024-06-02', NULL, '2024-06-02', NULL, '40.png'),
(122, '漫步普羅旺斯 Walking in Provence', '普羅旺斯是法國東南部的一個地區，境內物產豐饒，陽光明媚。快拿你起手中的照相機，拍下這難以忘懷的時刻！', '15', 6, 20, 550, '2024-06-02', NULL, '2024-06-02', NULL, '41.png'),
(123, '音樂派對 Music Party', '在遊戲的同時也可以了解基本的節拍和音高，培養節奏、反應與記憶能力。', '15', 6, 20, 490, '2024-06-02', NULL, '2024-06-02', NULL, '42.png'),
(124, '厭世動物園：動物大逃殺 Run Animals, Run!', '與知名插畫家「厭世動物園」合作，推出此款「求生不得，求死不難」的桌上遊戲。', '15', 6, 20, 1200, '2024-06-02', NULL, '2024-06-02', NULL, '43.png'),
(125, '地鐵Ｘ＋6片台北/吉隆坡地圖擴充 Metro X', '一款挑戰路線規劃的紙筆遊戲！全球獨家台北和吉隆坡地鐵圖板擴充等你來收藏！', '15', 6, 20, 760, '2024-06-02', NULL, '2024-06-02', NULL, '44.png'),
(126, '救救魔界 Helppp Me', '玩家們在這場戰役中將扮演穿越時空掉入魔界的醫生們，想盡辦法使用手邊有限的急救包拯救這些魔族。', '15', 6, 20, 580, '2024-06-02', NULL, '2024-06-02', NULL, '45.png'),
(127, '洛可莫莫 Loco Momo', '善用動物們獨特的移動方式，蒐集各種顏色和種類的動物，打造最可愛的動物大合照吧！', '15', 6, 20, 780, '2024-06-02', NULL, '2024-06-02', NULL, '46.png'),
(128, '錢豆子 Mamey', '身為在荒蕪豆田上賣力耕耘的農夫，你要挖掘各種豆子，並將豆子以最好的組合賣到市集，成為賺最多豆錢的贏家！', '15', 6, 20, 650, '2024-06-02', NULL, '2024-06-02', NULL, '47.png'),
(129, '瘋狂小蠟筆 My Little Crazyon', '台灣首見第一款結合原創兒歌的兒童桌遊誕生！《My Little Crazyon 瘋狂小蠟筆》DIY桌遊實體版來囉！', '15', 6, 20, 150, '2024-06-02', NULL, '2024-06-02', NULL, '48.png'),
(130, '新台灣花札 Formosa Flowers 2nd Edition', '花札(Hanafuda)是日本傳統的卡片遊戲，台灣花札將傳統規則簡化，搭配簡潔優雅的美術風格來呈現台灣四季的景色與動物。', '15', 6, 20, 660, '2024-06-02', NULL, '2024-06-02', NULL, '49.png'),
(131, '三隻小狼 Three Little Wolves', '三隻小豬的故事經過千年，野狼家族成了建築工人，小豬的後代則變成大地主，壓榨小狼蓋房屋！', '15', 6, 20, 490, '2024-06-02', NULL, '2024-06-02', NULL, '50.png'),
(132, '埃及艷貓 Cleocatra', '《埃及艷貓》是一款小巧的板塊拼放遊戲，讓自己的救援米寶被各種顏色的貓咪板塊包圍，來換取最多的分數！', '15', 6, 20, 390, '2024-06-02', NULL, '2024-06-02', NULL, '51.png'),
(133, '電力管家', '遊戲每回合有3次擲骰機會為家中添購新家電，家電功能不同購買條件也不相同，然而同種類的家電耗電量卻不一樣。', '15', 6, 20, 660, '2024-06-02', NULL, '2024-06-02', NULL, '52.png'),
(134, '北城百畫帖 Scrolls of A Northern City', '某日，百畫堂的老闆不見蹤影，身為百畫堂的客人，為了協助傷透腦筋的店員，你必須穿梭於台北城的巷弄尋找線索，藉由神秘力量的協助與你的推理，將偷閒的老闆找回來！', '15', 6, 20, 880, '2024-06-02', NULL, '2024-06-02', NULL, '53.png'),
(135, '騎遇記 UBike Tours: Taiwan', 'YouBike官方與台灣大玩桌遊合作，推出了在家就能輕鬆旅行的桌上遊戲！', '15', 6, 20, 750, '2024-06-02', NULL, '2024-06-02', NULL, '54.png'),
(136, '貓咪數獨 Cat Sudoku', '《貓咪數獨》是一款結合「擲骰劃記 Roll & Write」與「數獨 Sudoku」的家庭益智遊戲。', '15', 6, 20, 550, '2024-06-02', NULL, '2024-06-02', NULL, '55.png'),
(137, '彩色尋寶 Colorful Treasure', '穿梭在世界十大奇觀，追尋色彩的線索，挖掘出各色寶石。', '15', 6, 20, 580, '2024-06-02', NULL, '2024-06-02', NULL, '56.png'),
(138, '月餅達人 Mooncake Master', '《月餅達人》是一款簡單又有挑戰性的益智桌遊。與同伴一起挑選、分享並且拼湊月餅板塊來做出精緻又能滿足顧客味蕾的月餅吧！', '15', 6, 20, 800, '2024-06-02', NULL, '2024-06-02', NULL, '57.png'),
(139, '翻轉青蛙 Flip Over Frog', '似真若假的佈局、混淆視聽的訊息、加上關鍵時刻的搶攻，讓大朋友和小朋友都能夠愉快地享受花園小動物的歡樂競爭喔～', '15', 6, 20, 450, '2024-06-02', NULL, '2024-06-02', NULL, '58.png'),
(140, '功夫擂台 Kung Fur Fight', '少林汪和甲賀喵兩個陣營都有六位非常可愛的小夥伴，每位都有自己的特殊技能。', '15', 6, 20, 650, '2024-06-02', NULL, '2024-06-02', NULL, '59.png'),
(141, '深水擂台 Fish Fight', '掌握每張牌的特性，在對的時候打出對的牌換取高分，小蝦米也能戰勝大鯨魚！', '15', 6, 20, 500, '2024-06-02', NULL, '2024-06-02', NULL, '60.png'),
(142, '堅果狂熱派 Nuts a Go Go', '蒐集各種形狀的堅果，證明自己是最愛吃堅果的狂熱派！規則簡單充滿歡樂的笑聲～(日文版，可下載中文規則)', '15', 9, 20, 950, '2024-06-02', NULL, '2024-06-02', NULL, '1.png'),
(143, '大鍋炒 Wok on Fire', '握緊鍋鏟，巧手翻炒，讓肉片和青菜一起在熱鍋中快樂地跳舞吧！發揮你用卡片炒菜的手藝，端出一盤色香味十足的好料理吧！', '15', 9, 20, 490, '2024-06-02', NULL, '2024-06-02', NULL, '2.png'),
(144, '好樂牌 Touch It', '最簡單、最刺激的觸摸型派對桌遊！只需要15秒鐘，大家就可以馬上開始遊玩！', '15', 9, 20, 350, '2024-06-02', NULL, '2024-06-02', NULL, '3.png'),
(145, '小小寶寶大混亂 Babu Babu Panic', '玩家是小寶寶，還不會說話只能發出咿咿呀呀的聲音來互相交換卡片，你能率先換到一手相同的卡片嗎？', '15', 9, 20, 500, '2024-06-02', NULL, '2024-06-02', NULL, '4.png'),
(146, '彩色尋寶 Colorful Treasure', '穿梭在世界十大奇觀，追尋色彩的線索，挖掘出各色寶石。以牌背顏色組合作為線索的記憶遊戲，搭配簡單的推理與些許的運氣，你也可以成為世界第一的寶石獵人！', '15', 9, 20, 580, '2024-06-02', NULL, '2024-06-02', NULL, '5.png'),
(147, '彩色烏托邦 Colortopia', '運用一點觀察力、色彩邏輯、加上反應速度，將手上的顏料卡翻轉排列出七彩的圖騰花樣，你也可以成為色彩大師！', '15', 9, 20, 650, '2024-06-02', NULL, '2024-06-02', NULL, '6.png'),
(148, '忍者大師 Ninja Master', '注意骰子擲出的圖樣、迅速抓取忍者標記或是武士刀，成為最強的忍者大師！(日文版，可下載中文規則)', '15', 9, 20, 790, '2024-06-02', NULL, '2024-06-02', NULL, '7.png'),
(149, '恐龍來啦 Jurata', '不論是合作、對戰、單人模式都好玩！完成指定題目就大喊「恐龍來啦」！', '15', 9, 20, 500, '2024-06-02', NULL, '2024-06-02', NULL, '8.png'),
(150, '拔拔蔓朵拉 Mandora Fever', '來自「雷亞遊戲Rayark Inc」的人氣手遊《Mandora》化身桌上遊戲啦！', '15', 9, 20, 290, '2024-06-02', NULL, '2024-06-02', NULL, '9.png'),
(151, '搶救甜點公主 Help Me Princess', '貪吃的魔王居然綁架了甜點國的公主！為了搶回大家的甜點，從魔王手中救回公主吧！', '15', 9, 20, 500, '2024-06-02', NULL, '2024-06-02', NULL, '10.png'),
(152, '汪喵餅乾戰 Woof Meow Biscuits', '剛烤好的餅乾香噴噴！家裡的狗狗跟貓貓也忍不住想偷嘗一口～ 要如何在不被發現的情況下成功拿到剛烤好的餅乾呢？ 『一、二、三...木頭人！』般地緊湊節奏感 決定步伐後偷偷溜進廚房吧！', '15', 9, 20, 580, '2024-06-02', NULL, '2024-06-02', NULL, '11.png'),
(153, '四色彩蝶 Butterfly', '擺放板塊連接相同的顏色，誰能把手中的板塊全部放完就能獲得勝利！(日文版，含中文規則)', '15', 9, 20, 500, '2024-06-02', NULL, '2024-06-02', NULL, '12.png'),
(154, '洛洛普 Rorop', '從最下方一列拿取同顏色的所有方塊，看誰能蒐集最多顏色的方塊獲得最高分！(日文版，含中文規則)', '15', 9, 20, 500, '2024-06-02', NULL, '2024-06-02', NULL, '13.png'),
(155, '淘金熱 Gold Hunting', '在對方的金礦山裡，憑藉你的好眼力和直覺挖出閃亮亮的財富吧！(日文版，可下載中文規則)', '15', 9, 20, 690, '2024-06-02', NULL, '2024-06-02', NULL, '14.png'),
(156, '牛仔猜拳 Gooska Paaska', '在這蠻荒西部，一言不合，就只能用最傳統的方式來對決 --- 猜拳決勝負吧！ 每一拳都有不同效益，在不平等的條件下，你要如何選擇下一拳呢？', '15', 9, 20, 350, '2024-06-02', NULL, '2024-06-02', NULL, '15.png'),
(157, '瘋狂小蠟筆 My Little Crazyon', '台灣首見第一款結合原創兒歌的兒童桌遊誕生！ 《My Little Crazyon 瘋狂小蠟筆》DIY桌遊實體版來囉！', '15', 9, 20, 150, '2024-06-02', NULL, '2024-06-02', NULL, '16.png'),
(158, '維京蹺蹺板 Viking See-Saw', '在維京蹺蹺板這艘船上，一邊上貨一邊在搖擺不停的船隻上尖叫吧！(日文版，可下載中文規則)', '15', 9, 20, 790, '2024-06-02', NULL, '2024-06-02', NULL, '17.png'),
(159, '翻轉青蛙 Flip Over Frog', '似真若假的佈局、混淆視聽的訊息、加上關鍵時刻的搶攻，讓大朋友和小朋友都能夠愉快地享受花園小動物的歡樂競爭喔～', '15', 9, 20, 450, '2024-06-02', NULL, '2024-06-02', NULL, '18.png'),
(160, '草莓大金剛 Ichigorilla', '草莓大金剛是一款輕鬆可愛的記憶遊戲，你要想辦法記住桌面上數量不等的各種物品，但是他們都長得有點像，好容易混亂呀～', '15', 9, 20, 450, '2024-06-02', NULL, '2024-06-02', NULL, '19.png'),
(161, '豬豬巴別塔 Butababel', '誰能完成最高聳的高塔便能成為這場建築大賽的贏家，但是小心蓋得太高可是會觸怒天神的大忌！', '15', 9, 20, 350, '2024-06-02', NULL, '2024-06-02', NULL, '20.png'),
(162, '政客大亂鬥 Political Mess', '贏得最多的選票，便可獲得遊戲的勝利！', '15', 8, 10, 250, '2024-06-02', NULL, '2024-06-02', NULL, '政客大亂鬥.avif'),
(163, '龐氏騙局 Ponzi Scheme', '玩家扮演金融騙徒，經營空殼公司向大眾募資，同時應付高額的利息，當債務像雪球一樣越滾越大，付不出利息的玩家就破產出局！', '15', 8, 0, 1, '2024-06-02', '2024-06-06', '2024-06-02', NULL, '龐氏騙局 Ponzi Scheme .avif'),
(164, '馬鈴薯海盜 Potato Pirates', '跟著馬鈴薯海盜們一起航向偉大航路，玩桌遊還能學習程式語言喔！', '15', 8, 10, 890, '2024-06-02', NULL, '2024-06-02', NULL, '馬鈴薯海盜 Potato Pirates .avif'),
(165, '馬卡龍 Macaron', '身為中世紀的法國甜點師傅，努力爭取國王與皇室的青睞，贏得「法國最佳甜點師傅」的頭銜吧！', '15', 8, 10, 600, '2024-06-02', NULL, '2024-06-02', NULL, '馬卡龍 Macaron .avif'),
(166, '疫途 Pathogen', '一場瘟疫悄悄在人間與冥界擴散！究竟是醫療的力量能夠及時阻斷疾病傳播，還是瘟疫會更快的溢滿世界？創新的移動機制，帶給你截然不同的思考體驗！', '15', 8, 10, 950, '2024-06-02', NULL, '2024-06-02', NULL, '疫途 Pathogen .avif'),
(167, '貓咪數獨 Cat Sudoku', '《貓咪數獨》是一款結合「擲骰劃記 Roll & Write」與「數獨 Sudoku」的家庭益智遊戲。小心規劃每一個數字的位子，避免在同一排出現相同數字！', '15', 8, 10, 550, '2024-06-02', NULL, '2024-06-02', NULL, '貓咪數獨 Cat Sudoku .avif'),
(168, '完美旅歷 My Story', '一款輕鬆又帶有決策樂趣的桌上遊戲，玩家在遊戲中化身為剛出社會的新鮮人，體驗全新的生命旅程。遊戲過程中不止可以轉換職業，每一種職業還有不同的特殊能力！隨著轉職或是完成計畫來累積個人經歷，就是人生下半場獲勝的關鍵喔！', '15', 8, 0, 1, '2024-06-02', '2024-06-06', '2024-06-02', NULL, '貓咪數獨 Cat Sudoku .avif'),
(169, '王牌檢察官 Top Prosecutor', '本遊戲將模擬檢察官偵查辦案流程，必須用各種方式訊問證人，即使你沒有外表看似小孩，但你可以智慧過於常人，抽絲剝繭，找出案件真相。', '15', 8, 0, 1, '2024-06-02', '2024-06-06', '2024-06-02', NULL, '王牌檢察官 Top Prosecutor .avif'),
(170, '怪七八糟 PaiMiahhh!', '傳統的吃墩遊戲搭配可愛的萬聖節鬼怪風格，再加上變化多端的特殊角色卡，還有墊牌也可以得分，透過這遊戲融合出一個全新有趣的機制，一定要體驗看看！', '15', 8, 10, 390, '2024-06-02', NULL, '2024-06-02', NULL, '怪七八糟 PaiMiahhh! .avif'),
(171, '圓啾會議 Songbirds', '四種顏色的鳥兒在森林裡逐漸擴張勢力，太過招搖會被其他鳥兒排擠，太晚表態則是會錯失良機。你能否眼光獨到，看出哪一隻鳥兒才是森林中的美聲之王呢？', '15', 8, 10, 450, '2024-06-02', NULL, '2024-06-02', NULL, '圓啾會議 Songbirds .avif'),
(172, '選汪與喵：選戰風雲', '寵物國即將進行兩次選舉，貓狗兔三黨都摩拳擦掌，凍蒜！凍蒜！\n\n而你，是選舉操盤手。\n\n有著秘密的支持傾向。\n\n在勾心鬥角的激烈選戰中，你該如何規劃策略、奪得名聲和罐罐，名利雙收？', '15', 8, 10, 1000, '2024-06-02', NULL, '2024-06-02', NULL, '選汪與喵.jpeg'),
(173, '圖騰師', '取悅巴魯卡神成為大祭司吧！', '15', 8, 10, 1000, '2024-06-02', NULL, '2024-06-02', NULL, '圖騰師.jpeg'),
(174, 'Emergency on Fire 分秒必爭', '「分秒必爭」是一款奠基於大量傷患應變計劃的桌上演練遊戲，包含兩個劇本及各式傷情的處置內容，並搭配獨有的「限時倒數」機制，模擬急診應對災難的緊張情境。\n以遊戲化的方式進行訓練，使得學員能夠在高昂的學習動機下獲得沉浸感、進入心流，使學習的效果事半功倍。\n歷經3年的開發與研究，證實透過小組間的互相競賽，學員將在遊戲訓練的過程中，提升人流及物資管理、團隊合作溝通、正確進行START檢傷分類以及面對突發狀況的彈性應變等能力，此結果並發表於2022年台灣醫學教育年會。', '15', 8, 10, 1000, '2024-06-02', NULL, '2024-06-02', NULL, 'Emergency on Fire 分秒必爭.webp'),
(175, '七大恨－大明、後金、蒙古於遼東的探戈', '以明末的遼東為主舞台，上演大明、後金與蒙古於遼東一帶領土的爭奪探戈。', '15', 8, 10, 2800, '2024-06-02', NULL, '2024-06-02', NULL, '七大恨.webp'),
(176, 'S88電動麻將桌-折疊款', '● 型   號：S88(BR)\r\n● 電   壓：AC110V/60Hz\r\n● 功   耗：最小9W/最大60W\r\n● 重   量：70kg\r\n● 尺   寸：約長100cm 寬100cm 高78cm\r\n● 保固期 : 1年(核心馬達終身保固)', '2', 3, 20, 18800, '2024-06-02', NULL, '2024-06-02', NULL, '800x (1).webp'),
(177, 'S88電動麻將桌-餐桌款', '● 型   號：S88(BR)\r\n● 電   壓：AC110V/60Hz\r\n● 功   耗：最小9W/最大60W\r\n● 重   量：70kg\r\n● 尺   寸：約長100cm 寬100cm 高78cm\r\n● 保固期 : 1年(核心馬達終身保固)', '2', 3, 20, 18800, '2024-06-02', NULL, '2024-06-02', NULL, '2000x.webp'),
(178, 'TX66大風車電動麻將桌-摺疊款', '● 功 耗：最小9W/最大60W● 型   號：TX66(G)、TX66(BR)\r\n● 電   壓：AC110V/60Hz\r\n● 功   耗：最小9W/最大60W\r\n● 重   量：70kg\r\n● 尺   寸：約長100cm 寬100cm 高78cm\r\n● 保固期 : 1年(核心馬達終身保固)\r\n\r\n📌此商品【彰中】【花蓮】地區不販售', '2', 3, 20, 13800, '2024-06-02', NULL, '2024-06-02', NULL, '2000x (1).webp'),
(179, 'TX66大風車電動麻將桌-餐桌款', '● 型   號：TX66(G)、TX66(BR)\r\n● 電   壓：AC110V/60Hz\r\n● 功   耗：最小9W/最大60W\r\n● 重   量：70kg\r\n● 尺   寸：約長100cm 寬100cm 高78cm\r\n● 保固期 : 1年(核心馬達終身保固)\r\n', '2', 3, 20, 13800, '2024-06-02', NULL, '2024-06-02', NULL, '800x.webp'),
(180, 'X7旋翼式過山車-餐桌款', '型號：X7夢幻灰 / X7星空藍 / X7墨韻白\r\n電壓：AC110V/60Hz\r\n功耗：最小9W / 最大60W\r\n重量：70 Kg\r\n尺寸：約長100cm、寬100cm、高78cm\r\n保固期：1年（核心馬達終身保固）\r\n\r\n📌無皮帶、雙軸出牌設計\r\n📌減少耗材維修\r\n📌熱風除濕功能', '2', 3, 20, 26800, '2024-06-02', NULL, '2024-06-02', NULL, '800x (2).webp'),
(181, 'X7旋翼式過山車-折疊款', '型號：X7夢幻灰 / X7星空藍 / X7墨韻白\r\n電壓：AC110V/60Hz\r\n功耗：最小9W / 最大60W\r\n重量：70 Kg\r\n尺寸：約長100cm、寬100cm、高78cm\r\n保固期：1年（核心馬達終身保固）\r\n\r\n📌無皮帶、雙軸出牌設計\r\n📌減少耗材維修\r\n📌熱風除濕功能', '2', 3, 20, 26800, '2024-06-02', NULL, '2024-06-02', NULL, '800x (3).webp'),
(182, 'X6Pro旋翼式過山車-餐桌款', '型號：X6 Pro星光白 / X6 Pro夢幻紫/ X6 Pro極致灰\r\n電壓：AC110V/60Hz\r\n功耗：最小9W / 最大60W\r\n重量：70 Kg\r\n尺寸：約長96cm、寬96cm、高78cm\r\n保固期：1年（核心馬達終身保固）\r\n\r\n📌免推牌無皮帶設計\r\n📌減少耗材維修\r\n📌熱風除濕', '2', 3, 20, 24800, '2024-06-02', NULL, '2024-06-02', NULL, '800x (4).webp'),
(183, 'X5II旋翼式過山車-折疊款', '電壓：AC110V/60Hz\r\n功耗：最小9W / 最大60W\r\n重量：70 Kg\r\n尺寸：約長98cm、寬98cm、高78cm\r\n保固期：1年（核心馬達終身保固）\r\n\r\n📌免推牌無皮帶設計\r\n📌減少耗材維修\r\n📌熱風除濕', '2', 3, 20, 22800, '2024-06-02', NULL, '2024-06-02', NULL, '800x (5).webp'),
(184, 'X5II旋翼式過山車-餐桌款', '電壓：AC110V/60Hz\r\n功耗：最小9W / 最大60W\r\n重量：70 Kg\r\n尺寸：約長98cm、寬98cm、高78cm\r\n保固期：1年（核心馬達終身保固）\r\n\r\n📌免推牌無皮帶設計\r\n📌減少耗材維修\r\n📌熱風除濕', '2', 3, 20, 22800, '2024-06-02', NULL, '2024-06-02', NULL, '800x (6).webp'),
(185, 'C600旋翼式過山車-餐桌款', '● 型   號：C600(Wd)\r\n● 電   壓：AC110V/60Hz\r\n● 功   耗：最小9W/最大60W\r\n● 尺   寸：約長100cm、寬100cm、高78cm\r\n● 保固期 : 1年(核心馬達終身保固)', '2', 3, 20, 34800, '2024-06-02', NULL, '2024-06-02', NULL, '800x (7).webp'),
(186, 'T620超薄過山車餐桌型電動麻將桌', '● 型   號：T620W & T620G & T620BR\r\n● 電   壓：AC110V/60Hz\r\n● 功   耗：最小9W/最大60W\r\n● 重   量：70kg\r\n● 尺   寸：約長100cm 寬100cm 高78cm\r\n● 保固期 : 1年(核心馬達終身保固)', '2', 3, 20, 37800, '2024-06-02', NULL, '2024-06-02', NULL, '800x (8).webp'),
(187, 'T720超薄過山車折疊型電動麻將桌', '●型   號：T720W/ T720G / T720BＲ\r\n●電   壓：AC110V/60Hz\r\n●功   耗：最小9W/最大60W\r\n●重   量：70kg\r\n●尺   寸：約長100cm 寬100cm 高78cm\r\n● 保固期 : 1年(核心馬達終身保固)', '2', 3, 20, 34800, '2024-06-02', NULL, '2024-06-02', NULL, '800x (9).webp'),
(188, 'T880旋翼式過山車-餐桌款', '型號：T880星空藍/T880/夢幻灰/T880櫻花粉\n電壓：AC110V/60Hz\n功耗：最小9W / 最大60W\n重量：70 Kg\n尺寸：約長100cm、寬100cm、高78cm\n保固期：1年（核心馬達終身保固）\n\n📌一次到位，免推排設計。\n📌360度圓盤旋風式上牌。\n📌13度黃金上牌角度。\n📌改良出牌槽開啟免螺絲。\n📌雙骰模式，極靜音打骰設計。\n📌新增跳莊功能，排除起莊問題。\n📌熱風除濕功能。\n📌全新升級玻璃鏡面桌板。', '2', 3, 20, 16800, '2024-06-02', NULL, '2024-06-02', NULL, '800x (10).webp'),
(189, 'T890旋翼式過山車-餐桌款', '型號：T890奈米拉絲灰/T890奈米拉絲天藍\r\n電壓：AC110V/60Hz\r\n功耗：最小9W / 最大60W\r\n重量：70 Kg\r\n尺寸：約長100cm、寬100cm、高78cm\r\n保固期：1年（核心馬達終身保固）\r\n\r\n📌內縮無烤漆邊框。\r\n📌外掀式上蓋桌板。\r\n📌半自動冷熱風除濕功能。\r\n📌薄型機身全新升級。\r\n📌玻璃鏡面桌板。', '2', 3, 20, 18800, '2024-06-02', NULL, '2024-06-02', NULL, '800x (11).webp'),
(190, 'T650 二代 玻璃鏡面過山麻將機 折疊款 (琉璃黑)', '定位：\r\n\r\n營業旗艦款\r\n\r\n電壓：\r\n\r\n110V/60Hz\r\n\r\n保固：\r\n\r\n整機完整一年\r\n\r\n整機馬達三年\r\n\r\n核心馬達終身\r\n\r\n特色：\r\n\r\n營業用馬達\r\n\r\n業界超薄13cm\r\n\r\n全新升級二代架構鏡面玻璃邊框\r\n\r\n鏡面玻璃邊框美感更升級\r\n\r\n新型理牌免輸送帶設計\r\n\r\n整合紫外線殺菌熱風除濕\r\n\r\n旋碟擲骰增添娛樂性轉出好手氣', '9', 3, 20, 43800, '2024-06-02', NULL, '2024-06-02', NULL, 'E6167229551912.jpg'),
(191, 'T650 二代 玻璃鏡面過山麻將機 餐桌款 （琉璃黑）', '定位：\n\n營業旗艦款\n\n電壓：\n\n110V/60Hz\n\n保固：\n\n整機完整一年\n\n整機馬達三年\n\n核心馬達終身\n\n特色：\n\n營業用馬達\n\n業界超薄13cm\n\n全新升級二代架構鏡面玻璃邊框\n\n鏡面玻璃邊框美感更升級\n\n新型理牌免輸送帶設計\n\n整合紫外線殺菌熱風除濕\n\n旋碟擲骰增添娛樂性轉出好手氣', '9', 3, 20, 46800, '2024-06-02', NULL, '2024-06-02', NULL, 'E1167229562603.jpg'),
(192, 'T650 二代 玻璃鏡面過山麻將機 折疊款 (琉璃白)', '定位：\r\n\r\n營業旗艦款\r\n\r\n電壓：\r\n\r\n110V/60Hz\r\n\r\n保固：\r\n\r\n整機完整一年\r\n\r\n整機馬達三年\r\n\r\n核心馬達終身\r\n\r\n特色：\r\n\r\n營業用馬達\r\n\r\n業界超薄13cm\r\n\r\n全新升級二代架構鏡面玻璃邊框\r\n\r\n鏡面玻璃邊框美感更升級\r\n\r\n新型理牌免輸送帶設計\r\n\r\n整合紫外線殺菌熱風除濕\r\n\r\n旋碟擲骰增添娛樂性轉出好手氣\n旋碟擲骰增添娛樂性轉出好手氣', '9', 3, 20, 43800, '2024-06-02', NULL, '2024-06-02', NULL, 'E2167229573435.jpg');
INSERT INTO `product` (`id`, `name`, `content`, `brand_id`, `category_id`, `quantity`, `price`, `on_time`, `off_time`, `create_at`, `update_at`, `img`) VALUES
(193, 'T650 二代 玻璃鏡面過山麻將機 餐桌款 (琉璃白)', '定位：\n\n營業旗艦款\n\n電壓：\n\n110V/60Hz\n\n保固：\n\n整機完整一年\n\n整機馬達三年\n\n核心馬達終身\n\n特色：\n\n營業用馬達\n\n業界超薄13cm\n\n全新升級二代架構鏡面玻璃邊框\n\n鏡面玻璃邊框美感更升級\n\n新型理牌免輸送帶設計\n\n整合紫外線殺菌熱風除濕\n\n旋碟擲骰增添娛樂性轉出好手氣', '9', 3, 20, 46800, '2024-06-02', NULL, '2024-06-02', NULL, 'E3167229582716.jpg'),
(194, 'T650 二代 絲紋亮面過山麻將機 餐桌款（檀木棕）', '定位：\n\n營業旗艦款\n\n電壓：\n\n110V/60Hz\n\n保固：\n\n整機完整一年\n\n整機馬達三年\n\n核心馬達終身\n\n特色：\n\n營業用馬達\n\n業界超薄13cm\n\n全新升級二代架構 亮面檀木紋\n\n亮面檀木紋邊框 沈穩典雅\n\n新型理牌免輸送帶設計\n\n整合紫外線殺菌熱風除濕\n\n旋碟擲骰增添娛樂性 轉出好手氣', '9', 3, 20, 44880, '2024-06-02', NULL, '2024-06-02', NULL, 'E5167229726704.jpg'),
(195, 'T650 二代 絲紋亮面過山麻將機 折疊款（檀木棕）', '定位：\n\n營業旗艦款\n\n電壓：\n\n110V/60Hz\n\n保固：\n\n整機完整一年\n\n整機馬達三年\n\n核心馬達終身\n\n特色：\n\n營業用馬達\n\n業界超薄13cm\n\n全新升級二代架構 亮面檀木紋\n\n亮面檀木紋邊框 沈穩典雅\n\n新型理牌免輸送帶設計\n\n整合紫外線殺菌熱風除濕\n\n旋碟擲骰增添娛樂性 轉出好手氣', '9', 3, 20, 41800, '2024-06-02', NULL, '2024-06-02', NULL, 'E6167229707813.jpg'),
(196, 'T650 二代 不鏽鋼過山麻將機 折疊款(金屬銀)', ' \n\n定位：\n\n營業旗艦款\n\n電壓：\n\n110V/60Hz\n\n保固：\n\n整機完整一年\n\n整機馬達三年\n\n核心馬達終身\n\n特色：\n\n營業用馬達\n\n業界超薄13cm\n\n全新升級二代架構 不鏽鋼金屬質感\n\n不鏽鋼金屬邊框 科技感十足\n\n新型理牌免輸送帶設計\n\n整合紫外線殺菌熱風除濕\n\n旋碟擲骰增添娛樂性 轉出好手氣\n\n \n\n', '9', 3, 20, 41800, '2024-06-02', NULL, '2024-06-02', NULL, 'E6167229769750.jpg'),
(197, 'T650 二代 不鏽鋼過山麻將機 餐桌款(金屬銀)', '定位：\n\n營業旗艦款\n\n電壓：\n\n110V/60Hz\n\n保固：\n\n整機完整一年\n\n整機馬達三年\n\n核心馬達終身\n\n特色：\n\n營業用馬達\n\n業界超薄13cm\n\n全新升級二代架構 不鏽鋼金屬質感\n\n不鏽鋼金屬邊框 科技感十足\n\n新型理牌免輸送帶設計\n\n整合紫外線殺菌熱風除濕\n\n旋碟擲骰增添娛樂性 轉出好手氣', '9', 3, 20, 44800, '2024-06-02', NULL, '2024-06-02', NULL, 'E5167298703384.jpg'),
(198, 'T650 二代 典雅木紋過山麻將機 餐桌款 (靛藍木)', '定位：\n\n營業旗艦款\n\n電壓：\n\n110V/60Hz\n\n保固：\n\n整機完整一年\n\n整機馬達三年\n\n核心馬達終身\n\n特色：\n\n營業用馬達\n\n業界超薄13cm\n\n全新升級二代架構\n\n典雅木紋邊框美感更升級\n\n新型理牌免輸送帶設計\n\n整合紫外線殺菌熱風除濕\n\n旋碟擲骰增添娛樂性轉出好手氣\n     \n\n旋碟擲骰增添娛樂性轉出好手氣', '9', 3, 20, 46800, '2024-06-02', NULL, '2024-06-02', NULL, 'E2170591118558.jpg'),
(199, 'T650 二代 典雅木紋過山麻將機 餐桌款 (梨花木)', '定位：\n\n營業旗艦款\n\n電壓：\n\n110V/60Hz\n\n保固：\n\n整機完整一年\n\n整機馬達三年\n\n核心馬達終身\n\n特色：\n\n營業用馬達\n\n業界超薄13cm\n\n全新升級二代架構\n\n典雅木紋邊框美感更升級\n\n新型理牌免輸送帶設計\n\n整合紫外線殺菌熱風除濕\n\n旋碟擲骰增添娛樂性轉出好手氣', '9', 3, 20, 46800, '2024-06-02', NULL, '2024-06-02', NULL, 'E5170590476813.jpg'),
(200, '矮人礦坑﻿', '讚讚讚', '15', 8, 15, 1320, '2024-06-07', NULL, '2024-06-07', NULL, '000001_1678342976.webp'),
(201, 'Anna', '123', '13', 3, 12, 560, '2024-06-07', NULL, '2024-06-07', NULL, '001.jpg'),
(202, '電動麻將桌專用籌碼盒裝（80片裝）', '✦電動麻將桌專用籌碼\r\n✦盒裝（80片裝）', '1', 4, 40, 600, '2024-06-09', NULL, '2024-06-09', NULL, '44.webp'),
(203, '輸不起籌碼【明星代言聯名款】', '電動麻將桌專用籌碼的設計可防止因籌碼掉入機器內而導致故障的問題產生!', '1', 4, 40, 800, '2024-06-09', NULL, '2024-06-09', NULL, '55.webp'),
(204, '電動麻將桌專用籌碼盒裝（100片裝）', '✦電動麻將桌專用籌碼\r\n✦盒裝（100片裝）', '1', 4, 50, 1200, '2024-06-09', NULL, '2024-06-09', NULL, '8.webp'),
(205, '花團錦簇Hello Kitty防塵套', '鬆緊帶設計不易脫落\r\n時尚花紋好看不落塵', '1', 4, 20, 690, '2024-06-09', NULL, '2024-06-09', NULL, '800x (12).webp'),
(206, '陶瓷方碼（5萬）', '✦尺寸：78 mm × 49 mm\r\n✦重量：30g\r\n✦數量：10片裝', '1', 4, 80, 1000, '2024-06-09', NULL, '2024-06-09', NULL, '800x (13).webp'),
(207, '單面光頭6入骰子', '✦尺寸：14 mm\r\n✦內容：每副6粒骰子，6粒骰子分別為：1點、2點、3點、4點、5點、6點 \r\n✦包裝：6粒一個專用收納盒，一套六粒只有一面有點數的骰子（點數分別是由一至六），骰子其餘五面空白。', '1', 4, 150, 100, '2024-06-09', NULL, '2024-06-09', NULL, '800x (14).webp'),
(208, '超大骰子', '✦東方不敗骰子✦\r\n麻將用骰子推薦\r\n超大骰子50mm\r\n', '1', 4, 150, 350, '2024-06-09', NULL, '2024-06-09', NULL, '800x (15).webp'),
(209, '摔不壞方向環', '摔不破方向球', '2', 4, 100, 150, '2024-06-09', NULL, '2024-06-09', NULL, '800x (16).webp'),
(210, '無磁CASINO籌碼', '數量：100 片。\r\n面額：10、20、50、100、200、500、1000、5000、10000', '2', 4, 80, 1000, '2024-06-09', NULL, '2024-06-09', NULL, '800x (17).webp'),
(211, '高品質牌尺', '壓克力牌尺\r\n長度約47.5CM', '2', 2, 500, 380, '2024-06-09', NULL, '2024-06-09', NULL, '800x (18).webp'),
(212, '麻將養護噴霧', '品名: 麻將專用養護噴霧\r\n用途: 居家物體表面清潔\r\n特色: 植物萃取、溫和清潔不傷手、不消磁、\r\n不褪色、自然清新、潤滑、安全用法: 請距離\r\n物體表面10-15輕輕噴灑後，再以柔軟乾淨抹布\r\n或不織布擦拭即可\r\n全成分: Aqua、Ethyl Alcohol、zemea\r\nChlorhexidine Gluconate、Cocamidoethyl \r\nbetaine、Tea Tree、Fragrance、Propylparaben', '2', 4, 1200, 250, '2024-06-09', NULL, '2024-06-09', NULL, '800x (19).webp'),
(213, 'T350 二代 櫻花少女心系列 過山麻將機 折疊款 (櫻花湘妃粉)', '定位：\r\n\r\n營業標準款\r\n\r\n電壓：\r\n\r\n110V/60Hz\r\n\r\n保固：\r\n\r\n整機完整一年\r\n\r\n整機馬達一年\r\n\r\n核心馬達終身\r\n\r\n特色：\r\n\r\n全新櫻花少女心系列\r\n\r\n專製質感粉色邊框\r\n\r\n專屬櫻花粉桌布＆控制盤\r\n\r\n新型理牌免輸送帶設計\r\n\r\n整合紫外線殺菌熱風除濕\r\n\r\n粉嫩配色好心情 精緻居家絕美呈現', '9', 3, 40, 30800, '2024-06-09', NULL, '2024-06-09', NULL, 'E6171039131493.jpg'),
(214, '鳳凰斜口機 折疊款 月光藍', '定位：\r\n\r\n家用入門級\r\n\r\n電壓：\r\n\r\n110V/60Hz\r\n\r\n保固：\r\n\r\n整機完整一年\r\n\r\n核心馬達終身\r\n\r\n特色：\r\n\r\n簡易標準款－斜口機\r\n\r\n熱風除濕、UV殺菌光\r\n\r\n支援USB充電', '9', 3, 20, 21800, '2024-06-09', NULL, '2024-06-09', NULL, 'E6167126363147.jpg'),
(215, '鳳凰斜口機 折疊款 玫瑰紅', '定位：\r\n\r\n家用入門級\r\n\r\n電壓：\r\n\r\n110V/60Hz\r\n\r\n保固：\r\n\r\n整機完整一年\r\n\r\n核心馬達終身\r\n\r\n特色：\r\n\r\n簡易標準款－斜口機\r\n\r\n熱風除濕、UV殺菌光\r\n\r\n支援USB充電', '9', 3, 20, 21800, '2024-06-09', NULL, '2024-06-09', NULL, 'E6167126183741.jpg'),
(216, '電動麻將桌 極薄專屬嵌燈', '特色：\r\n\r\n極薄設計不突出 吻合桌邊\r\n\r\n多款桌面容差設計\r\n\r\n無段自由調整亮度\r\n　\r\n\r\n規格：\r\n\r\n長：80CM/82.5CM/85CM\r\n\r\n高（厚）：0.7CM\r\n\r\n電壓：110V/60Hz 12V/25W\r\n　110V/60Hz', '9', 4, 50, 3500, '2024-06-09', NULL, '2024-06-09', NULL, 'E2167055798117.jpg'),
(217, '專用磁性麻將牌 36# 蒼霧灰', '標準台灣刻工模具製作\r\n\r\n３６＃台灣版模具製作', '9', 1, 700, 2200, '2024-06-09', NULL, '2024-06-09', NULL, 'E2167653758534.jpg'),
(218, '專用磁性麻將牌 36# 金桔黃', '標準台灣刻工模具製作\r\n\r\n３６＃台灣版模具製作', '9', 1, 700, 2200, '2024-06-09', NULL, '2024-06-09', NULL, 'E2167653753662.jpg'),
(219, '專用磁性麻將牌 36# 蒂芬尼', '標準台灣刻工模具製作\r\n\r\n３６＃台灣版模具製作', '9', 1, 700, 2200, '2024-06-09', NULL, '2024-06-09', NULL, 'E2167653735014.jpg'),
(220, '石墨黑 高光亮面壓克力牌尺', '長度 46.5cm\r\n選材加厚 5mm', '9', 2, 200, 400, '2024-06-09', NULL, '2024-06-09', NULL, 'E1165097675149.jpg'),
(221, '黃色 高光亮面壓克力牌尺', '長度 46.5cm\r\n選材加厚 5mm', '9', 2, 200, 400, '2024-06-09', NULL, '2024-06-09', NULL, 'E1165097701469.jpg'),
(222, '橘色 高光亮面壓克力牌尺', '長度 46.5cm\r\n選材加厚 5mm', '9', 2, 200, 400, '2024-06-09', NULL, '2024-06-09', NULL, 'E1165097698233.jpg'),
(223, '藍色 高光亮面壓克力牌尺', '長度 46.5cm\r\n選材加厚 5mm', '9', 2, 200, 400, '2024-06-09', NULL, '2024-06-09', NULL, 'E1165097680742.jpg'),
(224, '粉色 高光亮面壓克力牌尺', '長度 46.5cm\r\n選材加厚 5mm', '9', 2, 200, 400, '2024-06-09', NULL, '2024-06-09', NULL, 'E1165097677989.jpg'),
(225, '小面額加重籌碼 100片', '面額：10、20、50、100、200\r\n各面額20片', '9', 4, 300, 800, '2024-06-09', NULL, '2024-06-09', NULL, 'E1165097506068.jpg'),
(226, '大面額加重籌碼 100片', '面額/片數：\r\n100-40片\r\n500-20片\r\n1000-20片\r\n5000-12片\r\n10000-8片', '9', 4, 300, 1000, '2024-06-09', NULL, '2024-06-09', NULL, 'E1165097502433.jpg'),
(227, 'M3ⅡS極薄過山車-折疊款', '商品特色\r\n三年完整保固-給您安心有保障\r\n長勝獨家專利-LED桌框燈-可獨立調控\r\n長勝獨家專利-精密鐘錶齒輪上牌結構-最穩定耐用\r\n雙模骰控制盤-新增電子靜音骰功能\r\n冷熱風雙除濕功能-麻將不濕黏\r\n最新進化-洗牌超靜音-娛樂同時不擾鄰\r\n網友狂推-*極薄*機身設計-空間大大提升\r\n可收式折疊款-使用方便好收納\r\n整機訂製-110V電壓‧台灣專用馬達-穩定度大大提高\r\n整機-外觀環保材質-共同愛地球\r\n國際大廠設計生產-品質嚴格管控\r\n行業中-最低故障率之產品', '10', 3, 40, 34800, '2024-06-09', NULL, '2024-06-09', NULL, '98461483.jpg'),
(228, 'M6ⅡS極薄過山車-餐桌款', '商品特色\r\n三年完整保固-給您安心有保障\r\n長勝獨家專利-LED桌框燈-可獨立調控\r\n長勝獨家專利-精密鐘錶齒輪-上牌結構-最穩定耐用\r\n雙模骰控制盤-新增電子靜音骰功能\r\n冷熱風雙除濕-杜絕手汗.麻將不濕黏\r\n洗牌超靜音-娛樂同時不擾鄰\r\n極薄機身-提升腿部空間不卡腳\r\n附贈專用餐桌蓋板-讓您一桌多用\r\n量身訂製-台灣專用110V電壓馬達-提升機器穩定度\r\n響應環保-整機外觀環保材質-共同愛地球\r\n嚴選廠家-國際大廠設計生產-品質嚴格管控\r\n行業中-最低故障率之產品', '10', 3, 40, 37800, '2024-06-09', NULL, '2024-06-09', NULL, '650985454.jpg'),
(229, 'M5Ⅱ極薄過山車-折疊款', '商品特色\r\n貼心設計-LED桌邊燈-幫您點亮光明燈\r\n內部結構-強化塑鋼鍊條-耐磨耐熱靜音\r\n雙模骰控制盤-新增電子靜音骰功能\r\n冷熱風雙除濕功能-麻將不濕黏\r\n網友狂推-*極薄*機身設計-空間大大提升\r\n邊框加裝吸音降噪海綿-娛樂同時不擾鄰\r\n迷你桌款-桌面含桌框:92X92(cm)\r\n可收式折疊款-使用方便好收納\r\n整機訂製-110V電壓‧台灣專用馬達-穩定度大大提高\r\n整機-外觀環保材質-共同愛地球\r\n國際大廠設計生產-品質嚴格管控\r\n行業中-最低故障率之產品\r\n可加購專用內扣蓋板:1000元\r\n桌布顏色有:綠色.粉色.藍色,三色可自行選擇，下單請務必備註於備註欄，或是加LINE告知，無備註一律為綠色。', '10', 3, 40, 29800, '2024-06-09', NULL, '2024-06-09', NULL, 'DSC00080.jpg'),
(230, 'M5Ⅱ極薄過山車-餐桌款', '商品特色\r\n貼心設計-LED桌邊燈-幫您點亮光明燈\r\n內部結構-強化塑鋼鍊條-耐磨耐熱靜音\r\n雙模骰控制盤-新增電子靜音骰功能\r\n冷熱風雙除濕功能-麻將不濕黏\r\n網友狂推-*極薄*機身設計-空間大大提升\r\n邊框加裝吸音降噪海綿-娛樂同時不擾鄰\r\n附贈專用餐桌蓋板-一桌多用途\r\n迷你桌款-桌面含桌框:92X92(cm)\r\n整機訂製-110V電壓‧台灣專用馬達-穩定度大大提高\r\n整機-外觀環保材質-共同愛地球\r\n國際大廠設計生產-品質嚴格管控\r\n行業中-最低故障率之產品\r\n桌布顏色有:綠色.粉色.藍色,三色可自行選擇，下單請務必備註於備註欄，或是加LINE告知，無備註一律為綠色。\r', '10', 3, 40, 31800, '2024-06-09', NULL, '2024-06-09', NULL, '203626617.jpg'),
(231, 'X2Ⅱ-餐桌款', '商品特色\r\n可收式折疊款-讓您使用及收納上更為方便\r\n配置除濕系統-洗牌自動吹冷風\r\n整機訂製-110V電壓‧台灣專用馬達', '10', 3, 40, 20800, '2024-06-09', NULL, '2024-06-09', NULL, '8.jpg'),
(232, 'H900-餐桌款 ', '商品特色\r\n獨家販售-內崁式桌燈-實用性極高\r\n防潮防濕-配置熱風除濕系統\r\n附贈-H900專用餐桌蓋板-讓您一桌多用\r\n整機訂製-110V電壓‧台灣專用馬達-穩定度大大提高', '10', 3, 40, 29800, '2024-06-09', NULL, '2024-06-09', NULL, 'H900-1-1.png'),
(233, '長勝R8Ⅱ-極薄餐桌款', '商品特色\r\n業界獨家專利-極薄桌款-極薄機身-空間大增\r\n長勝獨家開模-台灣專用款桌面-拿牌不吃力\r\n冷熱風雙除濕功能-麻將不濕黏\r\n最新進化-超靜音洗牌系統-娛樂同時不擾鄰\r\n附贈R8Ⅱ專用餐桌蓋板-讓您一桌多用\r\n整機訂製-110V電壓‧台灣專用馬達-穩定度大大提高\r\n整機-外觀環保材質-共同愛地球\r\n國際大廠設計生產-品質嚴格管控\r\n行業中-最低故障率之產品', '10', 3, 40, 31800, '2024-06-09', NULL, '2024-06-09', NULL, '818402867.jpg'),
(234, '長勝茶韻-奢華餐桌款', '商品特色\r\n三年完整保固-給您安心有保障\r\n長勝獨家採用-最新技術-科技木製造-看似原木質感-卻不變形\r\n業界獨家專利-超薄桌款-超薄機身-空間大增\r\n長勝獨家開模-台灣專用款桌面-拿牌不吃力\r\n冷熱風雙除濕功能-麻將不濕黏\r\n最新進化-超靜音洗牌系統-娛樂同時不擾鄰\r\n附贈-茶韻專用餐桌蓋板-讓您一桌多用\r\n整機訂製-110V電壓‧台灣專用馬達-穩定度大大提高\r\n整機-外觀環保材質-共同愛地球\r\n國際大廠設計生產-品質嚴格管控\r\n行業中-最低故障率之產品', '10', 3, 40, 49800, '2024-06-09', NULL, '2024-06-09', NULL, 't2.jpg'),
(235, '壓克力加厚牌尺', '壓克力加厚牌尺\r\n耐用不易斷裂', '10', 2, 200, 300, '2024-06-09', NULL, '2024-06-09', NULL, '_DSC2910.jpg'),
(236, '長勝-勝字籌碼組', '長勝-勝字籌碼組\r\n獨家訂製款', '10', 4, 1000, 1599, '2024-06-09', NULL, '2024-06-09', NULL, '_DSC2938.jpg'),
(237, '36mm電動麻將加重加厚牌 埃及藍', '• 規 格 : 36mm\r\n\r\n• 數 量 : 144張麻將牌（無收納盒、牌尺、骰子，紙盒包裝出貨）\r\n\r\n• 材 質 : 尿素-竹絲\r\n\r\n• 磁 性 : (正磁)⛔️ 台灣雀友電動麻將桌不適用⛔️\r\n\r\n• 標準台灣字體\r\n\r\n• 銷售單位: 每副\r\n\r\n• 單顆重量：約29g(±2g)\r\n\r\n• 單顆尺寸：寬26mm 高36mm 深19mm (工廠批次不同，±0.5mm屬正常現象，不影響使用)', '11', 1, 350, 2000, '2024-06-09', NULL, '2024-06-09', NULL, '54306125e32949fb23936ee67f0d9f86.jpg'),
(238, '36mm電動麻將加重加厚牌 蘇打綠', '• 規 格 : 36mm\r\n\r\n• 數 量 : 144張麻將牌（無收納盒、牌尺、骰子，紙盒包裝出貨）\r\n\r\n• 材 質 : 尿素-竹絲\r\n\r\n• 磁 性 : (正磁)⛔️ 台灣雀友電動麻將桌不適用⛔️\r\n\r\n• 標準台灣字體\r\n\r\n• 銷售單位: 每副\r\n\r\n• 單顆重量：約29g(±2g)\r\n\r\n• 單顆尺寸：寬26mm 高36mm 深19mm (工廠批次不同，±0.5mm屬正常現象，不影響使用)', '11', 1, 350, 2000, '2024-06-09', NULL, '2024-06-09', NULL, '2b0ce813b447e07f941d77110b35755e.jpg'),
(239, '36牌專用壓克力高光牌尺', '壓克力牌尺\r\n\r\n耐用不易缺角龜裂、正反雙面材質(亮面、磨砂)\r\n\r\n顏 色 : 櫻花粉/海洋藍/螢光綠/4白\r\n\r\n規 格 : 465mm/30mm/5mm\r\n\r\n材 質 : 壓克力', '11', 2, 350, 300, '2024-06-09', NULL, '2024-06-09', NULL, 'sg-11134201-22120-1tn28ob07olv4a.jpg'),
(240, 'Kenrod 5G旋翼梯過山車電動麻將桌 海洋藍【餐桌型】', '材質\r\n金屬, 塑膠\r\n產地\r\n中國\r\n桌子種類\r\n餐桌\r\n長度\r\n96cm\r\n尺寸（長 x 寬 x 高）\r\n96x96x76', '11', 3, 50, 26800, '2024-06-09', NULL, '2024-06-09', NULL, '1039dc1a6e0ba2ff03ddf7549f56d56b.jpg'),
(241, '麻將桌專用清潔刷', '麻將桌專用清潔刷\r\n\r\n可清潔麻將桌布上的毛絮髒污\r\n\r\n輕盈好握 輕刷即可掃除碎屑', '11', 4, 150, 99, '2024-06-09', NULL, '2024-06-09', NULL, 'sg-11134201-22120-gqci7otybplv17.jpg'),
(242, 'Kenrod專用多功能杯架', '[名稱]           Kenrod專用多功能杯架\r\n\r\n[材質]           ABS環保塑膠原料\r\n\r\n[顏色]           黑色\r\n\r\n[特點]           結實耐用/承重穩固/方便使用/適用多種腳形\r\n\r\n[注意事項]     避免長時間陽光直射', '11', 4, 150, 600, '2024-06-09', NULL, '2024-06-09', NULL, 'sg-11134201-22110-15hfp3h5gojvc6.jpg'),
(243, '加重籌碼', '保固種類\r\n無保修\r\n適用年齡\r\n> 14歲\r\n每組數量\r\n20片', '11', 4, 250, 200, '2024-06-09', NULL, '2024-06-09', NULL, '8fee7069072452b8e745f57436f6017b.jpg'),
(244, 'Kenrod 5GPro過山車電動麻將桌/宋瓷白餐桌款', '※時尚超薄機身：讓您腿部空間更自如⟪大長腿不頂腳⟫\r\n\r\n※宋瓷白新東方美學：潔白細膩契合現代家具風格⟪簡約外觀⟫\r\n\r\n※創新獨創專利：業界獨家上升疊牌方式⟪升牌不卡物⟫\r\n\r\n※熱風除濕：有效去除麻將牌水漬汗漬⟪梅雨受潮不黏膩⟫\r\n\r\n※洗牌超靜音：全系列洗牌噪音低⟪娛樂體驗更舒適⟫\r\n\r\n※穩定耐操：妥善率高耐用時間長⟪打牌娛樂好安心⟫\r\n\r\n※一桌多用途：娛樂/用餐/辦公⟪是麻將桌也是餐桌⟫\r\n\r\n※四邊USB：在娛樂同時避免漏接電話⟪方便快捷⟫\r\n\r\n\r\n◆電壓：AC110V/60Hz\r\n\r\n◆重量：76Kg\r\n\r\n◆尺寸：長96CM X 寬96CM X 高76CM', '11', 3, 47, 28800, '2024-06-09', NULL, '2024-06-09', NULL, 'c90ad3a7a9ba555bcaada8beb8e77955.jpg'),
(245, 'Kenrod 5G旋翼梯過山車電動麻將桌 瓷白【摺疊型】', 'Kenrod 5G旋翼梯過山車電動麻將桌【摺疊型】\r\n\r\n※時尚超薄機身：讓您腿部空間更自如⟪大長腿不頂腳⟫\r\n\r\n※鋼琴鏡面烤漆：適合各種裝潢風格⟪極簡鏡面外觀⟫\r\n\r\n※創新獨創專利：業界獨家上升疊牌方式⟪升牌不卡物⟫\r\n\r\n※熱風除濕：有效去除麻將牌水漬汗漬⟪梅雨受潮不黏膩⟫\r\n\r\n※洗牌超靜音：全系列洗牌噪音低⟪娛樂體驗更舒適⟫\r\n\r\n※穩定耐操：妥善率高耐用時間長⟪打牌娛樂好安心⟫\r\n\r\n※手動摺疊：老人女士都輕鬆摺疊⟪輕鬆收納省空間⟫\r\n\r\n※四邊USB：在娛樂同時避免漏接電話⟪方便快捷⟫\r\n\r\n\r\n◆電壓：AC110V/60Hz\r\n\r\n◆重量：76Kg\r\n\r\n◆尺寸：長96CM X 寬96CM X 高79CM', '11', 3, 40, 28800, '2024-06-09', NULL, '2024-06-09', NULL, '87d54a4838f62e9f52b90de01f5fd7b1.jpg'),
(246, 'Kenrod 5GPro過山車電動麻將桌/宋木紋餐桌款', 'Kenrod 5GPro旋翼梯過山車電動麻將桌【宋木紋餐桌型】\n\n※時尚超薄機身：讓您腿部空間更自如⟪大長腿不頂腳⟫\n\n※宋木紋典雅外觀：契合現代家具風格⟪簡約外觀⟫\n\n※創新獨創專利：業界獨家上升疊牌方式⟪升牌不卡物⟫\n\n※熱風除濕：有效去除麻將牌水漬汗漬⟪梅雨受潮不黏膩⟫\n\n※洗牌超靜音：全系列洗牌噪音低⟪娛樂體驗更舒適⟫\n\n※穩定耐操：妥善率高耐用時間長⟪打牌娛樂好安心⟫\n\n※一桌多用途：娛樂/用餐/辦公⟪是麻將桌也是餐桌⟫\n\n※四邊USB：在娛樂同時避免漏接電話⟪方便快捷⟫\n\n◆電壓：AC110V/60Hz\n\n◆重量：76Kg\n\n◆尺寸：長96CM X 寬96CM X 高76CM', '11', 3, 40, 32900, '2024-06-09', NULL, '2024-06-09', NULL, 'e60eccc0aca12bfd6938b256c1700c27.jpg'),
(247, 'Kenrod 5G旋翼梯過山車電動麻將桌 瓷白【餐桌型】', 'Kenrod 5G旋翼梯過山車電動麻將桌【餐桌型】\r\n\r\n※時尚超薄機身：讓您腿部空間更自如⟪大長腿不頂腳⟫\r\n\r\n※鋼琴鏡面烤漆：適合各種裝潢風格⟪極簡鏡面外觀⟫\r\n\r\n※創新獨創專利：業界獨家上升疊牌方式⟪升牌不卡物⟫\r\n\r\n※熱風除濕：有效去除麻將牌水漬汗漬⟪梅雨受潮不黏膩⟫\r\n\r\n※洗牌超靜音：全系列洗牌噪音低⟪娛樂體驗更舒適⟫\r\n\r\n※穩定耐操：妥善率高耐用時間長⟪打牌娛樂好安心⟫\r\n\r\n※一桌多用途：娛樂/用餐/辦公⟪是麻將桌也是餐桌⟫\r\n\r\n※四邊USB：在娛樂同時避免漏接電話⟪方便快捷⟫\r\n\r\n◆電壓：AC110V/60Hz\r\n\r\n◆重量：76Kg\r\n\r\n◆尺寸：長96CM X 寬96CM X 高76CM', '11', 3, 40, 28800, '2024-06-09', NULL, '2024-06-09', NULL, '90c59b0f8828314d6ef732242b74e8ed.jpg'),
(248, '摔不破方向環 32mm / 方向庄', '摔不破方向環\r\n\r\n耐用不易摔壞\r\n\r\n\r\n\r\n尺寸：外殼直徑6公分x高3.5 公分', '11', 4, 100, 100, '2024-06-09', NULL, '2024-06-09', NULL, 'sg-11134201-22120-7fnxqfsiwdlv85.jpg'),
(249, 'T180-手動折疊款(雅韻珍珠白)', '1.自動加熱除濕，免按鈕自動化熱風除濕(可關閉)\r\n2.USB手機充電孔 四邊皆有不斷電\r\n3.雙段升牌板 首墩牌不易傾倒\r\n4.一鍵開關機及自動關機 安全省電有保障\r\n5.旋翼式上牌 無鋼絲無鏈條，推牌安靜\r\n6.環形儲牌技術 提升儲牌空間\r\n7.超薄斜擺牌 採用15°黃金斜擺牌設計，免再次推牌的動作\r\n8.綠色平絨台面布\r\n9.快扣磁吸式手動摺疊腳，摺疊收納秒處理\r\n10.一體成形、堅固結實，噴塑處理、耐磨防刮', '12', 3, 50, 27999, '2024-06-09', NULL, '2024-06-09', NULL, '970_6566bb5dcb313.jpg.webp'),
(250, 'H850T-套裝款', '1.木材選用非洲進口烏金木，觸之細膩，賞心華貴\n2.透過環形儲牌技術，降低機芯厚度至134MM，釋放更大空間\n3.精湛外型設計，歐式貴族風格\n4.自動加熱除濕，免按鈕自動化熱風除濕(可關閉)\n5.雙段升牌板 首墩牌不易傾倒\n6.一鍵開關機及自動關機 安全省電有保障\n7.旋翼式上牌 無鋼絲無鏈條，推牌安靜\n8.環形儲牌技術 提升儲牌空間\n9.超薄斜擺牌 採用15°黃金斜擺牌設計，免再次推牌的動作', '12', 3, 50, 180000, '2024-06-09', NULL, '2024-06-09', NULL, '970_65fbf45e38226.jpg.webp'),
(251, 'H760T-套裝款', '1.木材選用優質原生態白蠟實木，材質堅韌，環保耐用\r\n2.禪意外型設計，盡顯東方美學\r\n3.自動加熱除濕，免按鈕自動化熱風除濕(可關閉)\r\n4.雙段升牌板 首墩牌不易傾倒\r\n5.一鍵開關機及自動關機 安全省電有保障\r\n6.旋翼式上牌 無鋼絲無鏈條，推牌安靜\r\n7.環形儲牌技術 提升儲牌空間\r\n8.超薄斜擺牌 採用15°黃金斜擺牌設計，免再次推牌的動作', '12', 3, 50, 110000, '2024-06-09', NULL, '2024-06-09', NULL, '970_65fbd989b4969.jpg.webp'),
(252, 'H780T-套裝款', '1.木材選用泰國A級橡膠木，淡雅柔和，手感細膩\r\n2.6mm加厚岩板蓋板，耐重耐磨耐刮\r\n3.自動加熱除濕，免按鈕自動化熱風除濕(可關閉)\r\n4.雙段升牌板 首墩牌不易傾倒\r\n5.一鍵開關機及自動關機 安全省電有保障\r\n6.旋翼式上牌 無鋼絲無鏈條，推牌安靜\r\n7.環形儲牌技術 提升儲牌空間\r\n8.超薄斜擺牌 採用15°黃金斜擺牌設計，免再次推牌的動作', '12', 3, 50, 110000, '2024-06-10', NULL, '2024-06-10', NULL, '970_65fbaa6e09a0c.jpg.webp'),
(253, 'H860T-套裝款', '1.木材選用北美進口FAS級黑胡桃木\r\n2.木框創新分類設計，內置L型金屬框架\r\n3.自動加熱除濕，免按鈕自動化熱風除濕(可關閉)\r\n4.雙段升牌板 首墩牌不易傾倒\r\n5.一鍵開關機及自動關機 安全省電有保障\r\n6.旋翼式上牌 無鋼絲無鏈條，推牌安靜\r\n7.環形儲牌技術 提升儲牌空間\r\n8.超薄斜擺牌 採用15°黃金斜擺牌設計，免再次推牌的動作', '12', 3, 50, 160000, '2024-06-10', NULL, '2024-06-10', NULL, '970_65f911f11e5eb.jpg.webp'),
(254, '天胡一號 電動麻將桌_木紋', '‧旋翼式過山車電動麻將桌。\r\n‧高質感羊絨檯面。\r\n‧全自動熱風除濕。\r\n‧執骰雙模式。\r\n‧防撞 + 降噪雙重防護。\r\n‧四邊USB充電孔。\r\n‧薄型桌面設計。\r\n‧贈精美配件組。', '14', 3, 20, 25800, '2024-06-10', NULL, '2024-06-10', NULL, '16717840881.jpg'),
(255, '馬丘麻將精裝組', '・馬丘麻將  x1 (144張 ) \r\n・方向環(銀)  x1\r\n・牌尺 x4\r\n・骰子 x6', '16', 1, 100, 4680, '2024-06-10', NULL, '2024-06-10', NULL, '800x (20).webp'),
(256, '馬丘麻將精裝組-金馬59聯名款', '・金馬馬丘麻將 1 副（144張）\r\n・金馬 59 紀念麻將 1 張\r\n・空白麻將 1 張\r\n・玫瑰金方向環 1 個\r\n・骰子 6 顆\r\n・牌尺 4 支（白色x3、透明x1）', '16', 1, 30, 5180, '2024-06-10', NULL, '2024-06-10', NULL, '800x (21).webp'),
(257, '馬丘麻將【電動麻將桌用版】', '．馬丘麻將（電動麻將桌專用 - 144張）x1', '16', 1, 50, 2500, '2024-06-10', NULL, '2024-06-10', NULL, '800x (22).webp'),
(258, '電麻版牌尺', '四入為一組，共有四款配色\r\n．馬丘牌尺 36mm x4\r\n．適用於馬丘電動桌用版麻將 (非用於精裝組)\r\n．無法和其他品牌麻將搭配使用', '16', 2, 50, 399, '2024-06-10', NULL, '2024-06-10', NULL, '800x (23).webp'),
(259, '馬丘方向環', '🌟 質感配件，豐富您的遊戲體驗\r\n🀄️ 共有銀、金兩款配色', '16', 4, 50, 500, '2024-06-10', NULL, '2024-06-10', NULL, '800x (24).webp'),
(260, '麻將收納袋', '🗃 電動麻將桌用版必備配件，收納更方便\r\n🛍 兩入更優惠，現折$50，\r\n＊建議使用於電動版麻將', '16', 4, 500, 200, '2024-06-10', NULL, '2024-06-10', NULL, '800x (25).webp');

-- --------------------------------------------------------

--
-- 資料表結構 `product_category`
--

CREATE TABLE `product_category` (
  `id` int(5) UNSIGNED NOT NULL COMMENT 'AUTO_INCREMENT',
  `name` varchar(20) NOT NULL,
  `valid` int(11) NOT NULL DEFAULT 1
) ENGINE=InnoDB DEFAULT CHARSET=utf8mb4 COLLATE=utf8mb4_unicode_ci;

--
-- 傾印資料表的資料 `product_category`
--

INSERT INTO `product_category` (`id`, `name`, `valid`) VALUES
(1, '麻將牌', 1),
(2, '牌尺', 1),
(3, '麻將桌', 1),
(4, '周邊', 1),
(5, '桌遊-派對', 1),
(6, '桌游-家庭', 1),
(7, '桌游-台灣元素', 1),
(8, '桌游-策略', 1),
(9, '桌游-親子', 1),
(10, '桌遊-RPG', 1);

-- --------------------------------------------------------

--
-- 資料表結構 `product_images`
--

CREATE TABLE `product_images` (
  `id` int(6) UNSIGNED NOT NULL,
  `product_id` varchar(30) NOT NULL,
  `img` varchar(100) NOT NULL
) ENGINE=InnoDB DEFAULT CHARSET=utf8mb4 COLLATE=utf8mb4_unicode_ci;

--
-- 傾印資料表的資料 `product_images`
--

INSERT INTO `product_images` (`id`, `product_id`, `img`) VALUES
(1, '202', '800x (26).webp'),
(2, '202', '800x (27).webp'),
(3, '203', '800x (28).webp'),
(4, '204', '800x (29).webp'),
(5, '204', '800x (30).webp'),
(6, '204', '800x (31).webp'),
(7, '205', '800x (32).webp'),
(8, '205', 'original (1).jpg'),
(9, '206', 'original (2).jpg'),
(10, '206', '800x (33).webp'),
(11, '207', '800x (34).webp'),
(12, '207', '800x (35).webp'),
(13, '208', '800x (36).webp'),
(14, '208', '800x (37).webp'),
(15, '209', '800x (38).webp'),
(16, '209', '800x (39).webp'),
(17, '210', '800x (40).webp'),
(18, '211', '2000x (2).webp'),
(19, '212', '800x (41).webp'),
(20, '213', '4048_125213509_44_mainCoverImage1.webp'),
(21, '213', 'E1171039131486.jpg'),
(22, '213', 'E2171039131486.jpg'),
(23, '214', 'E6167126363147 (1).jpg'),
(24, '214', 'E1167126363143.jpg'),
(25, '215', 'E6167126183741 (1).jpg'),
(26, '215', 'E1167126183736.jpg'),
(27, '215', 'E2167126183736.jpg'),
(28, '216', 'E1167055798115.jpg'),
(29, '216', 'E2167055798117 (1).jpg'),
(30, '217', 'E2167653758534 (1).jpg'),
(31, '218', 'E2167653753662 (1).jpg'),
(32, '219', 'K_tiffanyMJ_newlogo.jpg'),
(33, '220', 'E1165097675149 (1).jpg'),
(34, '221', 'E1165097701469 (1).jpg'),
(35, '222', 'E1165097698233 (1).jpg'),
(36, '223', 'E1165097680742 (1).jpg'),
(37, '224', 'E1165097677989 (1).jpg'),
(38, '235', 'E1165097506068 (1).jpg'),
(39, '226', 'E3165097553184.jpg'),
(40, '226', 'E2165097553184.jpg'),
(41, '227', '98461483 (1).jpg'),
(42, '227', '143383818.jpg'),
(43, '228', '650985454 (1).jpg'),
(44, '229', 'DSC00080 (1).jpg'),
(45, '229', 'DSC00086.jpg'),
(46, '230', '203626617 (1).jpg'),
(47, '230', '103745628.jpg'),
(48, '231', '8 (1).jpg'),
(49, '231', '9.jpg'),
(50, '232', 'H900-1-1 (1).png'),
(51, '232', 'H900-3-1.png'),
(52, '232', 'H900-7-1.jpg'),
(53, '233', '818402867 (1).jpg'),
(54, '233', '58906404.jpg'),
(55, '234', 't2 (1).jpg'),
(56, '235', '_DSC2910 (1).jpg'),
(57, '237', '54306125e32949fb23936ee67f0d9f86 (1).jpg'),
(58, '238', '2b0ce813b447e07f941d77110b35755e (1).jpg'),
(59, '238', 'tw-11134207-7r98u-llot2hgqi1ejef.jpg'),
(60, '239', 'sg-11134201-22120-1tn28ob07olv4a (1).jpg'),
(61, '240', '1039dc1a6e0ba2ff03ddf7549f56d56b (1).jpg'),
(62, '240', 'a69224dbb2f6ec67413533f34935f6d6.jpg'),
(63, '241', 'sg-11134201-22120-gqci7otybplv17 (1).jpg'),
(64, '242', 'sg-11134201-22110-15hfp3h5gojvc6 (1).jpg'),
(65, '242', 'sg-11134201-22110-1tms94aehojv91.jpg'),
(66, '243', '8fee7069072452b8e745f57436f6017b (1).jpg'),
(67, '244', 'c90ad3a7a9ba555bcaada8beb8e77955 (1).jpg'),
(68, '244', '86865b862ac557c4e19b821c95be836a.jpg'),
(69, '245', '87d54a4838f62e9f52b90de01f5fd7b1 (1).jpg'),
(70, '245', '3517ff76b519e20d14c039fbd49b96fc.jpg'),
(71, '246', 'e60eccc0aca12bfd6938b256c1700c27 (1).jpg'),
(72, '246', '9db44d37decfbd30ca8403812c6c38b2.jpg'),
(73, '247', '90c59b0f8828314d6ef732242b74e8ed (1).jpg'),
(74, '247', 'c67f87761d512544bcbe7c50d7ba8f81.jpg'),
(75, '248', 'sg-11134201-22120-7fnxqfsiwdlv85 (1).jpg'),
(76, '249', 'sg-11134201-22120-7fnxqfsiwdlv85 (2).jpg'),
(77, '249', '970_657a7659b6b58.jpg.webp'),
(78, '249', '970_657a765493601.jpg.webp'),
(79, '250', '970_65fbf45e38226.jpg (1).webp'),
(80, '250', '970_65fbf45ce5edd.jpg.webp'),
(81, '250', '970_65fbf45c5cbfb.jpg.webp'),
(82, '251', '970_65fbd989b4969.jpg (1).webp'),
(83, '251', '970_65fbd9892a50c.jpg.webp'),
(84, '251', '970_665c0b40a7797.jpg.webp'),
(85, '252', '970_65fbaa6e09a0c.jpg (1).webp'),
(86, '252', '970_65fbaa6d8d8c0.jpg.webp'),
(87, '252', '970_65fbaa6c41532.jpg.webp'),
(88, '253', '970_65f911f11e5eb.jpg (1).webp'),
(89, '253', '970_65f911fdc3679.jpg.webp'),
(90, '254', '16717840881 (1).jpg'),
(91, '255', '800x (42).webp'),
(92, '255', '800x (43).webp'),
(93, '255', '800x (44).webp'),
(94, '256', '800x (45).webp'),
(95, '256', '800x (46).webp'),
(96, '256', '800x (47).webp'),
(97, '257', '800x (48).webp'),
(98, '257', '800x (51).webp'),
(99, '258', '800x (52).webp'),
(100, '258', '800x (53).webp'),
(101, '259', '800x (54).webp'),
(102, '259', '800x (55).webp'),
(103, '260', '800x (57).webp'),
(104, '260', '800x (57).webp');

-- --------------------------------------------------------

--
-- 資料表結構 `rent_images`
--

CREATE TABLE `rent_images` (
  `id` int(3) UNSIGNED NOT NULL,
  `rent_product_id` int(3) NOT NULL,
  `url` varchar(100) NOT NULL
) ENGINE=InnoDB DEFAULT CHARSET=utf8mb4 COLLATE=utf8mb4_unicode_ci;

--
-- 傾印資料表的資料 `rent_images`
--

INSERT INTO `rent_images` (`id`, `rent_product_id`, `url`) VALUES
(1, 1, '4563.jpg'),
(2, 1, 'rummikub-card.jpg'),
(3, 6, '下載.jpg'),
(4, 6, 'uno-hand_I1JrsbV.webp'),
(5, 2, 'rent2.webp'),
(8, 3, 'rent3.webp'),
(9, 4, 'rent4.webp'),
(10, 5, 'rent5.webp'),
(11, 6, 'original.jpg'),
(12, 7, 'quewang.webp'),
(13, 8, '機密代號.jpg'),
(14, 9, 'Dixit.webp'),
(15, 10, 'HARRY-POTTER.jpg'),
(16, 11, 'Betrayal at House on the Hill.jpg'),
(17, 12, '16922370081.jpg'),
(18, 13, '樂雀台.webp'),
(19, 14, 'pink.webp'),
(20, 15, '305f3d4b4052b06fb5e478f57d21d53c.png'),
(21, 16, 'D&D.jpg'),
(22, 17, '矮人礦坑.jpg'),
(31, 1, '38227864406_478df03b6c_z.jpg'),
(35, 1, '2015-10-23-16-17-33.jpg'),
(38, 19, '1497053996-1751116053_n.jpg'),
(39, 18, '5ab8f249ff9c8b65f4cecd73_Camel_Up_Box_3D-p-800.jpeg'),
(40, 62, '800x (2).webp'),
(42, 64, '000001_1678342976.webp'),
(43, 1, '000001_1678342976.webp'),
(44, 1, '8df2868ce360662f9bbde2f712dbc5fe.jpg');

-- --------------------------------------------------------

--
-- 資料表結構 `rent_price_category`
--

CREATE TABLE `rent_price_category` (
  `id` int(10) UNSIGNED NOT NULL,
  `range` varchar(20) NOT NULL,
  `rent_price` int(6) NOT NULL,
  `rent_day` int(6) NOT NULL
) ENGINE=InnoDB DEFAULT CHARSET=utf8mb4 COLLATE=utf8mb4_unicode_ci;

--
-- 傾印資料表的資料 `rent_price_category`
--

INSERT INTO `rent_price_category` (`id`, `range`, `rent_price`, `rent_day`) VALUES
(1, '麻將桌', 3000, 30),
(2, '<500元', 150, 7),
(3, '501元~1000元', 300, 7),
(4, '1001元~2000元', 450, 7),
(5, '>2000元', 600, 7);

-- --------------------------------------------------------

--
-- 資料表結構 `rent_product`
--

CREATE TABLE `rent_product` (
  `id` int(5) UNSIGNED NOT NULL,
  `name` varchar(100) NOT NULL,
  `category_id` int(10) NOT NULL,
  `content` varchar(1000) NOT NULL,
  `img` varchar(100) NOT NULL,
  `quantity` int(4) NOT NULL,
  `quantity_available` int(4) NOT NULL,
  `rent_price_category_id` int(3) NOT NULL,
  `price` int(6) NOT NULL,
  `create_at` date NOT NULL,
  `update_at` date NOT NULL,
  `valid` tinyint(1) NOT NULL
) ENGINE=InnoDB DEFAULT CHARSET=utf8mb4 COLLATE=utf8mb4_unicode_ci;

--
-- 傾印資料表的資料 `rent_product`
--

INSERT INTO `rent_product` (`id`, `name`, `category_id`, `content`, `img`, `quantity`, `quantity_available`, `rent_price_category_id`, `price`, `create_at`, `update_at`, `valid`) VALUES
(1, '拉密', 2, '拉密是一款數字組合遊戲，遊戲規則簡單易懂，只有兩種數字排列法，用自己的邏輯來重新規劃排列順序，創造出變幻多端的數字組合；歡迎對數字敏感的你，規則簡單，只需要明白數字排列，能夠分辨紅、橘、藍、黑四種顏色即可暢玩。', '8df2868ce360662f9bbde2f712dbc5fe.jpg', 3, 3, 3, 850, '2024-05-23', '2024-06-07', 1),
(2, 'Go-stop', 2, '花牌是韓國的傳統遊戲，最早來自於日本，於朝鮮王朝後期傳到朝鮮半島。每副花牌中含有54張牌，其中48張牌分成12組花色，代表著12個月，各月份皆以當月的花草與動物為代表圖案。\r\n花牌常見的玩法為稱為GO&STOP 고스톱 ，由三位玩家進行，類似於台灣撲克牌「釣魚」與「撿紅點」，玩家需吃掉相同月份的牌以賺取分數，最後分數最高者勝利。遊戲玩法相當有趣，\r\n就算不會韓文也沒關係，非常適合在過節期間與家人、朋友一起同樂哦!', 'rent2.webp', 5, 0, 2, 200, '2024-05-23', '2024-05-23', 1),
(3, '斜行高手三代 - 寶麗來實木餐桌-胡桃木', 1, '✦雙模式設定，保留傳統模式，並增加計圈模式，免用方向環 \r\n✦業界獨家四液晶螢幕設計，無論圈數、風位、連莊次數都可一目了然 \r\n✦獨家20度大斜口,升牌位置集中向前\r\n✦快速充電,充電效能快4倍\r\n✦雙層隔音罩落牌超靜音\r\n✦骰盤防水設計 \r\n✦紫外線殺菌 \r\n✦熱風烘乾除溼\r\n✦奶茶色桌布', 'rent3.webp', 5, 5, 1, 43000, '2024-05-23', '2024-05-31', 1),
(4, '四旋翼二代-專折-MODO-X藍', 1, '✦大桌面小機身設計，遊戲空間大，又不佔居家空間\r\n✦USB快速充電(須手機本身配置快入充電功能)\r\n✦熱風烘乾除濕\r\n✦磁浮列車式出牌設計，升牌不卡物\r\n✦最新無聲機設計洗牌、上牌靜悄悄\r\n✦超薄機身設計腿部空間更舒適\r\n✦紫外線殺菌 \r\n✦雙層隔音罩', 'rent4.webp', 0, 0, 1, 27800, '2024-05-23', '2024-06-03', 0),
(5, '磁浮列車二代-超薄折疊-MODO-S系列', 1, '✦(二代骰盤升級)LED燈靜音液晶四模式設定\r\n✦大桌面小機身設計，遊戲空間大，又不佔居家空間\r\n✦USB快速充電(須手機本身配置快充功能)\r\n✦熱風烘乾除濕\r\n✦磁浮列車式出牌設計，升牌不卡物\r\n✦最新無聲機設計洗牌、上牌靜悄悄\r\n✦超薄機身設計腿部空間更舒適\r\n✦雙層隔音罩\r\n✦紫外線殺菌', 'rent5.webp', 4, 0, 1, 30800, '2024-05-23', '2024-05-28', 1),
(6, 'uno', 2, '風靡世界的UNO的紙牌遊戲,是1971發明的經典遊戲,現在由玩具公司美泰兒生產。當玩家打出倒數第二張牌時,必須喊出\"UNO\",遊戲因而得名。趕快加入UNO的行列吧!', 'original.jpg', 5, 5, 2, 250, '2024-05-23', '2024-06-03', 1),
(7, '雀王X7旋翼式過山車-餐桌款', 1, '型號：X7夢幻灰 / X7星空藍 / X7墨韻白\r\n電壓：AC110V/60Hz\r\n功耗：最小9W / 最大60W\r\n重量：70 Kg\r\n尺寸：約長100cm、寬100cm、高78cm\r\n保固期：1年（核心馬達終身保固）\r\n\r\n📌無皮帶、雙軸出牌設計\r\n📌減少耗材維修\r\n📌熱風除濕功能', 'quewang.webp', 3, 3, 1, 26800, '2024-05-25', '2024-05-28', 1),
(8, '機密代號', 3, '一款分組競賽的派對陣營遊戲。在一組加密情報之中，領袖必須想出絕妙的暗號，如：「一個名詞+數量」，讓隊員們以最少回合找出最多特務，率先找出我方所有特務的隊伍獲得勝利。不過得小心潛伏在情報背後的殺手，找到他的人必死無疑！這款遊戲擁有簡潔的遊戲機制，以及難以重複的題庫組合，讓它百玩不膩。', '機密代號.jpg', 5, 5, 3, 880, '2024-05-26', '2024-05-26', 1),
(9, '妙語說書人', 3, 'Dixit 是一款充滿想像力的桌上遊戲，適合各年齡層的玩家。遊戲由 3 到 6 人參與，遊戲時間大約為 30 分鐘。遊戲中，玩家輪流擔任敘述者，選擇一張手中的圖畫卡牌，並給出一個敘述，這個敘述可以是一個詞、一句話或者一段故事，只要是能夠引導其他玩家聯想到這張卡牌的提示。其他玩家則從自己的手牌中選擇一張他們認為與敘述者提示最匹配的卡牌。選好後，將這些卡牌洗牌，然後一起展示出來。所有人（除了敘述者）都要投票，猜測哪一張是敘述者的原始卡牌。', 'Dixit.webp', 5, 5, 4, 1320, '2024-05-26', '2024-06-03', 1),
(10, '【哈利波特】HARRY POTTER 超豪華巫師棋套組', 2, '朋友!先別管那麼多了,來場巫師棋吧!《哈利波特》中人氣超高的巫師棋完美還原.巫師棋的遊玩方式和一般西洋棋一樣雙方共有一個國王、一個王后、兩個城堡、兩個主教、兩個騎士和八個小卒,共16枚棋子.此套裝中共有32枚精緻的模型棋,分別裝在兩袋精美的禮品袋中和一枚大棋盤.棋子的尺寸約為5到10CM,棋盤為47*47CM', 'HARRY-POTTER.jpg', 3, 3, 5, 3580, '2024-05-26', '2024-05-26', 1),
(11, '山中小屋', 4, '「山中小屋」是個經典的探索類角色扮演遊戲，玩家扮演著受邀來到深山中一座豪宅，然後當所有人進屋之後，卻發現大門被鎖上了，而豪宅中不斷地發生一些詭異的事件，玩家必須尋找逃離的辦法。然而，在不知不覺中，有人成為了背叛者！引出了可怕的怪物，玩家該如何才能齊心協力地打到怪物，平安回家呢？讓我們一起來看看吧！', 'Betrayal at House on the Hill.jpg', 4, 4, 4, 1750, '2024-05-26', '0000-00-00', 1),
(12, '天胡一號 電動麻將桌_白色(摺疊款)', 1, '‧旋翼式過山車電動麻將桌。\r\n‧高質感羊絨檯面。\r\n‧全自動熱風除濕。\r\n‧執骰雙模式。\r\n‧防撞 + 降噪雙重防護。\r\n‧四邊USB充電孔。\r\n‧薄型桌面設計。\r\n‧贈精美配件組。', '16922370081.jpg', 2, 2, 1, 22800, '2024-05-26', '2024-05-28', 1),
(13, '樂雀台LQ-300-T6-超薄折疊機款', 1, '✦紫外線殺菌 \r\n✦機底一體沖壓鋼板\r\n✦大桌面小機身，取牌不費力\r\n✦熱風除濕烘乾洗牌自動開啟\r\n✦無輸送帶設計，免除皮帶損耗\r\n✦二階段上牌設計，順滑不倒牌\r\n✦快扣式折腳，玻璃底板高顏質\r\n✦骰盤檔位&電源按鍵設計更便利\r\n✦大桌面小機身設計，遊戲空間大，又不佔居家空間', '樂雀台.webp', 4, 4, 1, 25800, '2024-05-26', '2024-05-28', 1),
(14, 'T350 二代 櫻花少女心系列 過山麻將機 折疊款 櫻花湘妃粉', 1, '* 全新櫻花少女心系列\r\n* 足瓦熱風除濕、紫外線殺菌\r\n* 櫻花粉桌布 專屬粉色控制盤\r\n* 專製質感粉色邊框，絕美搭配\r\n* 超薄機身、腳下空間寬敞舒適\r\n* 新型無輸送帶設計、旋風上牌\r\n* 整合型電子式開關／檔位控制盤，免彎腰設計\r\n* 機底一體沖壓鋼板設計，無『甘蔗板』或『塑料板』濫竽充數', 'pink.webp', 3, 3, 1, 30800, '2024-05-26', '2024-05-28', 1),
(15, '黃金列車 V1折疊款麻將桌', 1, '講到電動麻將桌，許多人腦中第一個想到的可能就是長勝，其因為桌子款式多、品質不錯、加上有完善的售後服務，故一直是國人喜愛的品牌之一。這一款黃金列車 V1 標榜配有全封閉式軌道技術，不僅在操作上近乎無聲音，又加上過山車設計而不會卡牌尺，就使用性來說，兼具順暢、安靜及安全。\r\n\r\n而且機身內也配有熱風除濕，即便是久未使用，只要一鍵按下，不用多少時間就能讓麻將保持乾燥溫暖。同時還有 USB 插座能用於手機充電，就算是要在牌桌上坐上3、5個小時也不成問題。另外廠商加贈萬元麻將椅與各式麻將配件，無論商用、家用都值得參考。', '305f3d4b4052b06fb5e478f57d21d53c.png', 5, 5, 1, 39800, '2024-05-26', '2024-05-28', 1),
(16, '龍與地下城：鴉閣城', 4, '在一個古老的年代，魔力充斥整片大陸，\r\n\r\n邪惡在暗影中猖獗，居住地的邊緣也逐漸被怪物入侵。\r\n\r\n在這邪龍展翅、地城遍布時代，世間等待著英雄的降臨。\r\n\r\n穿著不同的防具，手持長劍、長弓及法杖的英雄們探索著上古遺跡，\r\n\r\n進行大膽的任務，並挑戰令人畏懼的怪物。\r\n\r\n這些任務都將在陰暗且神祕的地城中進行，而這個地城通稱為拉文羅夫特堡。', 'D&D.jpg', 4, 4, 5, 3200, '2024-05-26', '0000-00-00', 1),
(17, '矮人礦坑﻿', 3, '熱愛團體合作型遊戲的可以玩看看「矮人礦坑」！在遊戲中所有玩家會扮演成矮人族，而族內還會再分成掏金矮人跟搗蛋鬼，大家互不知道對方的身份，所以大家必須在隱藏身份的同時幫助到自己的夥伴，看究竟矮人們到底能不能成功掏金？還是會被搗蛋鬼阻饒呢？', '矮人礦坑.jpg', 8, 8, 3, 790, '2024-05-26', '0000-00-00', 1),
(18, '駱駝大賽', 3, '快來見識有史以來最瘋狂的駱駝大賽！\r\n尤其是駱駝疊在一起而金字塔倒轉時，場面將會一片混亂、瀕臨失控狀態！\r\n身為埃及上流社會的一員，聚集在沙漠中的目的只有一個：下注在你看好的駱駝身上，以分段賽及整場比賽贏得最多的獎金。\r\n然而在比賽中不是只靠運氣就能壓倒其他玩家，抓住比賽的節奏和精準掌握下注時機也是贏得比賽不可或缺的能力。\r\n\r\n一款簡單、快速、極度有趣且最多可讓8名玩家同樂的家庭遊戲。', '5ab8f249ff9c8b65f4cecd73_Camel_Up_Box_3D-p-800.jpeg', 10, 10, 4, 1320, '2024-05-31', '2024-06-04', 1),
(19, '台北大空襲(Raid on Taihoku)', 4, '1945年5月31日，日治時期的台北遭到盟軍美國第五航空隊超過一百架次的轟炸機空襲，造成許多人傷亡，上萬人流離失所，這是一段二戰期間確實存在，卻鮮為人知的灰暗故事。\r\n', '1497053996-1751116053_n.jpg', 5, 5, 4, 1360, '2024-06-04', '0000-00-00', 1),
(20, '瑪他他亥 Maatatahay', 5, '瑪他他亥是一款雙人策略遊戲。你將扮演巴浪Balan或瓦束Wazu的首領，透過計算、謀略與佈局讓你的戰士在詭譎多變的戰場情勢中儘可能地存活。你可以透過地形加成、戰士間的支援、或蒐集力量水晶來強化戰士生存力，同時威脅你的對手；透過包圍敵人來擊敗對手同時保護同伴來獲取分數將是取分的關鍵。', '11.jpg', 20, 20, 4, 1360, '2024-05-23', '2024-06-05', 1),
(21, '搶頭香', 5, '✅【宮廟主題】簡單易學設計概念，在桌上重現經典搶頭香情境\r\n\r\n✅【秘密部署】縝密思考派遣家人，幫助你從混亂局勢脫穎而出\r\n\r\n✅【耐玩多變】角色×香爐，多樣能力互相攻擊每次都是不同結局\r\n\r\n \r\n\r\n不論新手老手，都能帶給你身歷其境的遊戲體驗～\r\n\r\n畫風精美的人物、香爐造型～\r\n\r\n視覺與機制融合，\r\n\r\n讓你在家也能舒舒服服爭奪屬於你的好運！', '22.jpg', 20, 20, 3, 800, '2024-05-23', '2024-06-05', 1),
(22, '台灣夜市 Taiwan Night Market 集資版', 5, '《台灣夜市》於2022年11月在嘖嘖平台集資達標，為了讓集資版有更高的收藏價值，GG工作室與TBD攜手合作，前往Kickstarter進行海外集資，除了順利達標之外，也解鎖了Night Market Booster擴充和貓老闆競標米寶，讓遊戲有更高的策略變化性和收藏價值！\r\n\r\n錯過嘖嘖和Kickstarter集資的朋友，趕快把握最後機會，在遊戲絕版前入手集資版的《台灣夜市》吧！', 'aa.jpg', 20, 20, 4, 1500, '2024-05-23', '2024-06-05', 1),
(23, '小農夫 Vegetable Stock', 5, '熱銷破萬套的《小農夫》以全新面貌再版！精簡的規則、市場波動的巧妙機制，以及面對蔬菜價格崩盤前腎上激素飆升的快感，這款桌遊絕對是你隨身攜帶推坑親友的最佳選擇！', '800x.webp', 20, 20, 2, 250, '2024-05-23', '2024-06-05', 1),
(24, '好樂牌 Touch It ', 5, '規則簡單 X 刺激對決 X 多款主題\r\n2022最簡單、最刺激的觸摸型派對桌遊！\r\n\r\n只需要15秒鐘，大家就可以馬上開始遊玩。\r\n\r\n\r\n遊戲的概念很像華人特別愛的【摸麻將】，\r\n\r\n非常適合在過年、露營、吃飯前、排隊、好友聚會時，\r\n\r\n與長輩、朋友或是小孩迅速地來一場對決～\r\n\r\n ', '未命名-1.jpg', 20, 20, 2, 350, '2024-05-23', '2024-06-05', 1),
(25, '翻轉大稻埕', 5, '《翻轉大稻埕》是一款以轉珠為主軸的策略遊戲。遊戲背景為十九世紀末，二十世紀初的大稻埕。玩家扮演當地的洋行商人，藉著移動與翻轉圖版上的貨物轉珠構成相同貨物的三或四連線以獲得貨物，並將這些貨物應用在個人圖板上，不論是運送到世界各地，或是用強化洋行的發展，從而建立具功能性的建築物強化貨物資源的應用。玩家的目標是成為大稻埕最具聲望的商人。', '84219b_0f09bb2faad7451987f6cac910fabf97~mv2.webp', 20, 20, 4, 1180, '2024-05-23', '2024-06-05', 1),
(26, '新台灣花札', 5, '四季更迭，花朵盛開，玩家扮演著上山的遊客，一邊欣賞當令的花卉，一邊感受自然的氣氛，暖和的陽光、或是徐徐微風，都能為這趟旅行增添美好的回憶。 \r\n\r\n**遊戲背景**\r\n\r\n四季更迭，花朵盛開，上山的遊客們，一邊欣賞當令的花卉，一邊感受自然的氣氛，暖和的陽光、或是徐徐微風，都能為這趟旅行增添美好的回憶\r\n\r\n《台灣花札》改編自日本傳統紙牌遊戲《花牌Hanafuda》，玩家透過打出相同月份的花牌，收集湊成牌型所需要的圖示符號，遊戲中計分的時機相當的重要，如何能得到高分，又能搶先在其他玩家離開遊戲前計分，端看玩家的觀察力與運氣。', '502674ca-ef7b-4d99-b0be-ed6efd074882.jpg', 20, 20, 3, 660, '2024-05-23', '2024-06-05', 1),
(27, '平埔傳奇 大肚王國 Kingdom of Middag', 5, '在17世紀中以前，大肚王國存在於台灣的桃園至鹿港一帶，由於其文明尚未學會使用文字，因此難以考究王國的起源與發展狀態。對該文明最早的文字幾路來自於登入台灣的荷蘭東印度公司，其在1645年與大肚王國發生武裝衝突，摧毀了13個反抗的部落，之後雙方簽訂和平協約。\r\n\r\n在此之前，大肚王國曾是島上一個非常和平的跨部族聯盟，部族間獨立共處，國王是形式上的領導人，僅調解部落間的衝突，並不直接統治各族。玩家們將在遊戲中扮演各組的領袖，在獵場中捕獲各種獵物，在聯合村落中發展工具、貿易、以及祭祀祖靈獲得名聲。最重要的，則是在每個獵季結束的慶典上，相眾人誇耀自己部族的成就，讓部族的故事部隊流傳後世。\r\n\r\n ', '253a3cb2-8f00-4ce1-8ed8-02271703f26e.jpg', 20, 20, 3, 950, '2024-05-23', '2024-06-05', 1),
(28, '什麼不見啦 Something Is Missing', 5, '《什麼不見啦》是一款記憶與反應融合的桌上遊戲，在遊戲中尋找充滿童趣與美好回憶的畫面，藉著場景卡的特色和提示，連結觀察，連結回憶，輕鬆享受一個愉快的遊戲時光。\r\n\r\n遊戲中，玩家將會先檢視並且記憶場景卡中的物件，接著利用輪流翻牌的方式，回憶覆蓋的場景卡中是否有該物件，以最快反應的玩家開始，依序選擇物件所存在的場景卡，玩家如果不甚記得也能夠跟隨其他玩家的記憶，重返該場景檢查是否屬實，正確的話能夠獲得分數；記錯了的話，呵呵，還是不免有點小懲罰。\r\n\r\n刺激又歡樂的小品透過台灣原創圖像結合遊戲，回到1980年代的台灣場景，關注歷史的畫面，一起反思生活中的什麼不見啦。', '377440353.jpg', 20, 20, 3, 880, '2024-05-23', '2024-06-05', 1),
(29, '地藏小王 JIZO ENMA', 5, '《地藏小王》是一款需要觀察與互相交談、推測對方持有的底牌，抓出誰是本回合分數最高的玩家，搭配角色功能進行攻防的派對遊戲。\r\n\r\n玩家扮演掌管地獄的神，透過執行不同的任務來創造最高的聲望，每個角色都有很強大的能力，玩家們必須妥善應用各自強項，創造優勢獲取勝利。', '22301908886591_978.jpg', 2, 2, 3, 790, '2024-05-23', '2024-06-05', 1),
(30, '四季之森 Harvest Island', 5, '《四季之森》是大玩桌遊2017年夏季主打作品，在這個遊戲中，呈現在玩家面前的台灣果物與特有種動物形象，透過插畫家 Cinyee 筆下鮮明地描述，在故事呈現上，桌遊的體驗將能夠更完整、更深入的讓你沉浸在這個世界。運用不同的地勢與氣候條件，播入適合的種子，培育結實纍纍的果樹，並運用你的預測知識決定採收時機，成為一位出色的栽培者！', '800x.jpg', 15, 15, 3, 690, '2024-05-23', '2024-06-05', 1),
(31, '地鐵Ｘ＋6片台北/吉隆坡地圖擴充 Metro X', 5, '劃叉標記經過的車站！翻牌，在地圖上選條地鐵路線並劃記指定數量的車站。\r\n\r\n「轉乘」讓你獲得額外分數，但若沒有完成路線則會失去分數。\r\n\r\n每位玩家同時進行，因此當你競速完成路線時絕對沒有一刻是無聊的。\r\n\r\n獲取高分成為地鐵之王吧！', 'metrox_expansion1web.jpg', 15, 15, 3, 760, '2024-05-23', '2024-06-05', 1),
(32, '北城百畫帖 Scrolls of A Northern City', 5, '1935年台北，像夢一樣漂亮的地方，即使在夜裡也閃爍著奇異的光采...在北城的一角佇立了一家名為百畫堂的咖啡館，一樓裡，甜蜜的點心、氤氳的香氣，女給（當時侍女的職稱）穿梭其中；而二樓，則是不對外開放的店主書房。在這裡，豐富的藏書、多樣的收藏，還躲著普通人看不到的幽靈...\r\n \r\n\r\n某日，百畫堂的老闆不見蹤影，身為百畫堂的客人，為了協助傷透腦筋的女給，你必須穿梭於台北城的巷弄尋找線索，藉由神秘力量的協助與你的推理，將偷閒的老闆找回來！\r\n\r\n漫畫《北城百畫帖》在歷史事件裡注入奇幻元素，重現令人驚奇又熟悉的台灣。在那裡，被遺忘的幽靈躲在藏書室裡默默讀書，如夢般的台灣博覽會正熱鬧展開，嚮往飛行的少年仰望著飛行表演，化妝遊行的敞蓬車隊則剛剛穿越三線路，進入充滿昭和氣氛的浪漫繪卷...', '8df2868ce360662f9bbde2f712dbc5fe.jpg', 10, 10, 3, 880, '2024-05-23', '2024-06-05', 1),
(33, '冥戰錄 The Apocalypse of Darkness Warfare 默娘版', 5, '自 2010 年起即獲獎不斷的火紅漫畫【冥戰錄】，近代台灣漫畫代表作之一。描述兩位擁有兩個靈魂的少年少女：與傳統神祇同名同姓的小妹妹「林默娘」、左手寄宿宋代道士的高中生「陳柏戎」，以及「黑日專案」的成員夥伴們，一同力抗來自冥界的威脅。\r\n主線熱血劇情，搭配有血有肉的眾多角色，最重要的就是作者夠變態(X)默娘超級萌(O)造就了【冥戰錄】在台灣漫畫圈的一定地位，當然圍繞在台灣在地街景、道教傳統文化的特色，也更加豐富了這款 IP 的支線延伸，也是我們做成桌上遊戲的最佳素材喔！', '487fbddfecdaf2f228ce0e1e3518eiw5.jpg', 15, 15, 3, 480, '2024-05-23', '2024-06-05', 1),
(34, '厭世動物園：動物大逃殺 Run Animals, Run!', 5, '「請問是動物園嗎？我們是厭世動物園！」這是我們跟台北市立動物園的真實對話，我們與知名插畫家「厭世動物園」合作，推出此款「求生不得，求死不難」的桌上遊戲。透過遊戲的過程，希望反映台灣動物因為人類開發走向滅絕的無力感。\r\n\r\n ', 'getImage.webp', 15, 15, 4, 1200, '2024-05-24', '2024-06-05', 1),
(35, '大鍋炒 Wok on Fire', 5, '好大一鍋美味的食材等著你來料理。拿起鍋鏟，我們都是王牌大廚！\r\n\r\n大口吃肉、健康蔬食，或費點勁兒端出美味的飯麵料理，\r\n\r\n透過炒出的各樣食材，挑出最佳的配對組合，拿取高分！\r\n\r\n熱鍋快炒、美味四溢，挑戰翻炒技巧外更挑逗你的味蕾。\r\n\r\n1炒2挑3組合，體現炒菜的樂趣，顛覆你對桌遊的想像！', '1500167908-3549625778.png', 15, 15, 2, 490, '2024-05-25', '2024-06-05', 1),
(36, '台灣製茶錄  Formosa Tea', 5, '自19世紀起，由於台灣山區環境適合茶葉生長，加上英國蘇格蘭商人杜德引進精緻技術，以「Formosa Tea」為名的烏龍茶開始外銷到歐美市場，從此開始台灣茶葉的發展。\r\n\r\n在《台灣製茶錄》中，玩家扮演茶園主人，經歷台灣百年的製茶歷史，製作茶葉供應給朔溪而上，由洋行派來的貨船，開拓內銷市場，提升各種製茶技術，獲得聲望；擁有最高聲望的玩家獲得勝利。', 'asset_92146_image_big.jpg.webp', 10, 10, 4, 1750, '2024-05-26', '2024-06-05', 1),
(37, '台灣 Taiwan', 5, '二次大戰後,台灣迎來了數十年的經濟奇蹟,並帶來了全島的建設熱潮. 隨著經濟的開放及更多資金的湧入,你能超越對手成為這時代最有影響力的開發承建商嗎?', '000001_1678342976.webp', 25, 25, 4, 1200, '2024-05-27', '2024-06-05', 1),
(38, '臺灣特有種', 5, '《臺灣特有種》是全國第一款介紹臺灣生態環境與原生動物的親子桌遊！\r\n　　遊戲包含經典木製配件、大型臺灣地圖與卡牌，\r\n　　囊括臺灣四大生態棲地：高山、丘陵、濕地與水域，收錄二十四種獨特的臺灣原生動物，一起展開華麗的環島大冒險！', '416fde48803a4920934ad8fd55966b80.jpg', 25, 25, 4, 1600, '2024-05-28', '2024-06-05', 1),
(39, '政客大亂鬥 Political Mess', 2, '贏得最多的選票，便可獲得遊戲的勝利！', 'w360.jpg', 20, 20, 2, 250, '2024-05-23', '2024-06-05', 1),
(40, '瑪他他亥 Maatatahay', 2, '兩人對弈、華麗配件、絕美包裝', '', 0, 0, 4, 1300, '2024-05-23', '2024-06-05', 0),
(41, '太極 Yin Yang', 2, '玩家扮演戰國時代方士，透過龜甲擲出的銅錢來窺探天意，運用智慧審時度勢取得資源，成為拯救蒼生名揚諸國的偉大方士！', '1583301249-2316883943_wn.jpg', 25, 25, 4, 1880, '2024-05-24', '2024-06-05', 1),
(42, '翻轉大稻埕 二版 Dadaocheng', 2, '遊戲背景為十九世紀末，二十世紀初的大稻埕。玩家扮演當地的洋行商人，藉著移動與翻轉圖版上的貨物轉珠，來獲得貨物，並將這些貨物運送到世界各地，或是用來購買各式各樣的建築物。玩家的目標是成為大稻埕最具聲望的商人。', '', 0, 0, 4, 1180, '2024-05-23', '2024-06-05', 0),
(43, '龐氏騙局 Ponzi Scheme', 2, '玩家扮演金融騙徒，經營空殼公司向大眾募資，同時應付高額的利息，當債務像雪球一樣越滾越大，付不出利息的玩家就破產出局！', '1482142827-1047819417_wn.jpg', 25, 25, 4, 1100, '2024-05-23', '2024-06-05', 1),
(44, '馬鈴薯海盜 Potato Pirates', 2, '跟著馬鈴薯海盜們一起航向偉大航路，玩桌遊還能學習程式語言喔！', '馬鈴薯海.jpg', 25, 25, 3, 890, '2024-05-24', '2024-06-05', 1),
(45, '馬卡龍 Macaron', 2, '身為中世紀的法國甜點師傅，努力爭取國王與皇室的青睞，贏得「法國最佳甜點師傅」的頭銜吧！', 'aa95ca63a98ed9df5da759f91986f40b.jpg', 25, 25, 3, 600, '2024-05-23', '2024-06-05', 1),
(46, '疫途 Pathogen', 2, '一場瘟疫悄悄在人間與冥界擴散！究竟是醫療的力量能夠及時阻斷疾病傳播，還是瘟疫會更快的溢滿世界？創新的移動機制，帶給你截然不同的思考體驗！', 'p0351240531208-item-748fxf4x0300x0300-m.jpg', 25, 25, 3, 950, '2024-05-23', '2024-06-05', 1),
(47, '平埔傳奇 大肚王國 Kingdom of Middag', 2, '玩家們在《平埔傳奇》這款遊戲中扮演部族領袖，帶領族人狩獵、打造工具、以物易物、祭祀祖靈，才能在獵季結束的慶典上，向所有部落述說自己部落最偉大的傳說。', '', 0, 0, 3, 950, '2024-05-24', '2024-05-24', 0),
(48, '貓咪數獨 Cat Sudoku', 2, '《貓咪數獨》是一款結合「擲骰劃記 Roll & Write」與「數獨 Sudoku」的家庭益智遊戲。小心規劃每一個數字的位子，避免在同一排出現相同數字！', '1599474298-2765999570-g_wn.jpg', 25, 25, 3, 550, '2024-05-25', '2024-06-05', 1),
(49, '台灣 Taiwan', 2, '二次大戰後，台灣迎來了數十年的經濟奇蹟，並帶來了全島的建設熱潮。隨著經濟的開放及更多資金的湧入，你能超越對手成為這時代最有影響力的開發承建商嗎？', '', 0, 0, 4, 1200, '2024-05-26', '2024-06-05', 0),
(50, '完美旅歷 My Story', 2, '一款輕鬆又帶有決策樂趣的桌上遊戲，玩家在遊戲中化身為剛出社會的新鮮人，體驗全新的生命旅程。遊戲過程中不止可以轉換職業，每一種職業還有不同的特殊能力！隨著轉職或是完成計畫來累積個人經歷，就是人生下半場獲勝的關鍵喔！', '1539118795-3306411276_n.jpg', 25, 25, 4, 1080, '2024-05-27', '2024-06-05', 1),
(51, '王牌檢察官 Top Prosecutor', 2, '本遊戲將模擬檢察官偵查辦案流程，必須用各種方式訊問證人，即使你沒有外表看似小孩，但你可以智慧過於常人，抽絲剝繭，找出案件真相。', '1541577239-2214349726_wn.jpg', 25, 25, 4, 1080, '2024-05-28', '2024-06-05', 1),
(52, '怪七八糟 PaiMiahhh!', 2, '傳統的吃墩遊戲搭配可愛的萬聖節鬼怪風格，再加上變化多端的特殊角色卡，還有墊牌也可以得分，透過這遊戲融合出一個全新有趣的機制，一定要體驗看看！', 'c279966a2fb1d79e5789909171270f65.webp', 25, 25, 2, 390, '2024-05-29', '2024-06-05', 1),
(53, '圓啾會議 Songbirds', 2, '四種顏色的鳥兒在森林裡逐漸擴張勢力，太過招搖會被其他鳥兒排擠，太晚表態則是會錯失良機。你能否眼光獨到，看出哪一隻鳥兒才是森林中的美聲之王呢？', '1547355207-1602333466_wn.jpg', 25, 25, 2, 450, '2024-05-30', '2024-06-05', 1),
(54, '選汪與喵：選戰風雲', 2, '寵物國即將進行兩次選舉，貓狗兔三黨都摩拳擦掌，凍蒜！凍蒜！\r\n\r\n而你，是選舉操盤手。\r\n\r\n有著秘密的支持傾向。\r\n\r\n在勾心鬥角的激烈選戰中，你該如何規劃策略、奪得名聲和罐罐，名利雙收？', 'PP0-1170x599.jpg', 25, 25, 4, 1000, '2024-05-31', '2024-06-05', 1),
(55, '圖騰師', 2, '取悅巴魯卡神成為大祭司吧！', '600x400精選_圖騰師.jpg', 25, 25, 4, 1000, '2024-06-01', '2024-06-05', 1),
(56, 'Emergency on Fire 分秒必爭', 2, '「分秒必爭」是一款奠基於大量傷患應變計劃的桌上演練遊戲，包含兩個劇本及各式傷情的處置內容，並搭配獨有的「限時倒數」機制，模擬急診應對災難的緊張情境。\n以遊戲化的方式進行訓練，使得學員能夠在高昂的學習動機下獲得沉浸感、進入心流，使學習的效果事半功倍。\n歷經3年的開發與研究，證實透過小組間的互相競賽，學員將在遊戲訓練的過程中，提升人流及物資管理、團隊合作溝通、正確進行START檢傷分類以及面對突發狀況的彈性應變等能力，此結果並發表於2022年台灣醫學教育年會。', '', 0, 0, 4, 1000, '2024-06-02', '2024-06-02', 0),
(57, '七大恨－大明、後金、蒙古於遼東的探戈', 2, '以明末的遼東為主舞台，上演大明、後金與蒙古於遼東一帶領土的爭奪探戈。', 'images.jpg', 25, 25, 5, 2800, '2024-06-03', '2024-06-05', 1),
(58, '東方不敗 斜行高手三代-餐桌款-宜家PLUS系列', 1, '東方不敗電動麻將桌推薦\n斜行高手三代-餐桌款-黑拉絲/紅木紋PLUS\n\n✦雙模式設定，保留傳統模式，並增加計圈模式，免用方向環 ✦\n✦業界獨家四液晶螢幕設計，無論圈數、風位、連莊次數都可一目了然 ✦\n✦獨家20度大斜口，升牌位置集中向前✦\n✦快速充電、充電效能快4倍(須手機本身配置快充功能)✦\n✦無線充電隨放隨充超便利(須手機本身配置無線充功能)✦\n✦獨家記圈壓框顯示超清晰✦\n✦雙層隔音罩落牌超靜音✦\n✦骰盤防水設計✦\n✦紫外線殺菌✦\n✦熱風烘乾除溼✦\n\n產品資料\n產品名稱 斜行高手三代-餐桌款-黑拉絲/紅木紋PLUS\n商品主機 55公斤\n整機組裝 70公斤\n商品尺寸 展開 長101cm 寬101cm 高78cm \n材質成分 鋼製/塑料\n電壓/頻率 110V/60HZ\n消耗功率 約180W\n\n產品隨機附贈\n產品贈品配件之款式顏色佔片會有些色差，以公司實際出貨為主\n台灣字版36MM電動麻將桌專用麻將牌二副\n耐摔壓克力系列排尺(不挑款)\n東方不敗電動麻將桌專用籌碼80P\n大方向環\n專用桌面清潔刷\n杯架(不挑色/一組4個)或銘緩茶几(美拉德/一組2張)[擇一配贈]', '072.webp', 20, 20, 1, 28800, '2024-05-23', '2024-05-23', 1),
(59, '東方不敗 斜行高手三代-餐桌款-無線充電系列', 1, '東方不敗電動麻將桌推薦\n斜行高手三代-餐桌款-黑拉絲/紅木紋PLUS\n\n✦雙模式設定，保留傳統模式，並增加計圈模式，免用方向環 ✦\n✦業界獨家四液晶螢幕設計，無論圈數、風位、連莊次數都可一目了然 ✦\n✦獨家20度大斜口，升牌位置集中向前✦\n✦快速充電、充電效能快4倍(須手機本身配置快充功能)✦\n✦無線充電隨放隨充超便利(須手機本身配置無線充功能)✦\n✦獨家記圈壓框顯示超清晰✦\n✦雙層隔音罩落牌超靜音✦\n✦骰盤防水設計✦\n✦紫外線殺菌✦\n✦熱風烘乾除溼✦\n\n產品資料\n產品名稱 斜行高手三代-餐桌款-黑拉絲/紅木紋PLUS\n商品主機 55公斤\n整機組裝 70公斤\n商品尺寸 展開 長101cm 寬101cm 高78cm \n材質成分 鋼製/塑料\n電壓/頻率 110V/60HZ\n消耗功率 約180W\n\n產品隨機附贈\n產品贈品配件之款式顏色佔片會有些色差，以公司實際出貨為主\n台灣字版36MM電動麻將桌專用麻將牌二副\n耐摔壓克力系列排尺(不挑款)\n東方不敗電動麻將桌專用籌碼80P\n大方向環\n專用桌面清潔刷\n杯架(不挑色/一組4個)或銘緩茶几(美拉德/一組2張)[擇一配贈]', '073.webp', 20, 20, 1, 26800, '2024-05-23', '2024-05-23', 1),
(60, '東方不敗 斜行高手三代- M002', 1, '東方不敗 斜行高手三代- M002\n\n顏色 : 咖啡、珍珠白\n\n✦雙模式設定，保留傳統模式，並增加計圈模式，免用方向環 \n✦業界獨家四液晶螢幕設計，無論圈數、風位、連莊次數都可一目了然 \n✦獨家20度大斜口,升牌位置集中向前\n✦快速充電,充電效能快4倍(須手機本身配置快充功能)\n✦雙層隔音罩落牌超靜音\n✦骰盤防水設計 \n✦紫外線殺菌 \n✦熱風烘乾除溼\n✦奶茶色桌布\n\n產品資料\n產品名稱 M002\n商品主機 55公斤\n整機組裝 70公斤\n商品尺寸 展開 長102cm 寬102cm 高78cm \n材質成分 鋼製/塑料\n電壓/頻率 110V/60HZ\n消耗功率 約180W\n\n產品隨機附贈\n產品贈品配件之款式顏色佔片會有些色差，以公司實際出貨為主\n台灣字版36MM電動麻將桌專用麻將牌二副\n耐摔壓克力系列排尺(不挑款)\n東方不敗電動麻將桌專用籌碼80P\n大方向環\n專用桌面清潔刷\n杯架(不挑色/一組4個)或名緩茶几(美拉德/一組2張)[擇一配贈]', '074.webp', 20, 20, 1, 25800, '2024-05-23', '2024-05-23', 1),
(61, '東方不敗 同花順Ⓡ-P200四口機折疊機款', 1, '同花順Ⓡ-P200四口機折疊機款\n\n✦四邊USB孔✦\n✦限量機款，現金特價機✦\n✦外框不挑款，隨機出貨✦\n✦同花順專用骰盤✦\n✦液晶螢幕顯示面板✦\n\n產品資料\n產品名稱 同花順Ⓡ-P200四口機折疊機款\n商品主機 55公斤\n整機組裝 73公斤\n商品尺寸 展開 長101cm 寬101cm 高78cm \n               收納 高114cm 寬101cm 深58cm\n材質成分 鐵/塑料\n電壓/頻率 110V/60HZ\n消耗功率 約180W\n\n產品隨機附贈\n產品贈品配件之款式顏色佔片會有些色差，以公司實際出貨為主\n台灣字版36MM電動麻將桌專用麻將牌二副\n耐摔壓克力系列排尺(不挑款)\n塑膠方向環\n獨家開模置杯架', '075.webp', 20, 20, 1, 16900, '2024-05-23', '2024-05-23', 1),
(62, '磁浮列車二代-超薄折疊-MODO-S系列', 1, '讚讚讚', '800x (2).webp', 5, 5, 1, 30800, '2024-06-06', '0000-00-00', 1),
(63, 'Jack', 1, 'ewrwer', '', 4, 4, 1, 8888, '2024-06-07', '0000-00-00', 1),
(64, 'Jack', 1, 'www', '000001_1678342976.webp', 5, 5, 1, 30800, '2024-06-07', '0000-00-00', 1);

-- --------------------------------------------------------

--
-- 資料表結構 `rent_record`
--

CREATE TABLE `rent_record` (
  `id` int(5) UNSIGNED NOT NULL,
  `user_id` int(5) UNSIGNED NOT NULL,
  `product_id` int(5) UNSIGNED NOT NULL,
  `order_date` datetime NOT NULL,
  `rental_date` date NOT NULL,
  `due_date` date NOT NULL,
  `return_date` date DEFAULT NULL,
  `fine` int(5) DEFAULT NULL,
  `status` int(3) UNSIGNED NOT NULL DEFAULT 1
) ENGINE=InnoDB DEFAULT CHARSET=utf8mb4 COLLATE=utf8mb4_unicode_ci;

--
-- 傾印資料表的資料 `rent_record`
--

INSERT INTO `rent_record` (`id`, `user_id`, `product_id`, `order_date`, `rental_date`, `due_date`, `return_date`, `fine`, `status`) VALUES
(1, 4, 15, '2024-03-02 18:35:08', '2024-03-09', '2024-09-05', NULL, NULL, 1),
(2, 1, 1, '2024-03-10 18:35:08', '2024-03-10', '2024-03-17', '2024-03-17', NULL, 0),
(3, 2, 7, '2024-03-11 18:36:45', '2024-03-17', '2024-09-13', NULL, NULL, 1),
(4, 14, 10, '2024-04-06 18:37:39', '2024-04-08', '2024-04-22', '2024-04-22', NULL, 0),
(5, 4, 10, '2024-04-14 18:38:33', '2024-04-14', '2024-04-21', '2024-06-01', 3514, 0),
(6, 9, 17, '2024-05-01 18:38:33', '2024-05-02', '2024-05-23', NULL, NULL, 2),
(7, 9, 8, '2024-05-06 15:53:48', '2024-05-08', '2024-05-22', '2024-05-22', NULL, 0),
(8, 8, 3, '2024-05-09 19:27:23', '2024-05-09', '2024-12-05', NULL, NULL, 1),
(9, 14, 16, '2024-05-09 20:27:23', '2024-05-09', '2024-05-16', NULL, NULL, 2),
(32, 11, 4, '2024-05-09 20:30:23', '2024-05-11', '2024-11-07', NULL, NULL, 1),
(33, 2, 4, '2024-05-10 08:30:23', '2024-05-11', '2024-11-07', NULL, NULL, 1),
(34, 3, 5, '2024-05-10 09:30:23', '2024-05-11', '2024-11-07', NULL, NULL, 1),
(35, 5, 3, '2024-05-10 10:30:23', '2024-05-11', '2024-11-07', NULL, NULL, 1),
(36, 5, 9, '2024-05-10 11:30:23', '2024-05-11', '2024-05-18', '2024-05-18', NULL, 0),
(37, 4, 9, '2024-05-12 12:50:30', '2024-05-14', '2024-05-25', '2024-05-25', NULL, 0),
(38, 4, 12, '2024-05-13 12:50:30', '2024-05-14', '2024-11-10', NULL, NULL, 1),
(39, 6, 12, '2024-05-14 12:50:30', '2024-05-14', '2024-11-10', NULL, NULL, 1),
(40, 14, 7, '2024-05-14 14:50:30', '2024-05-14', '2024-11-10', NULL, NULL, 1),
(41, 18, 5, '2024-05-14 16:50:30', '2024-05-18', '2024-11-10', NULL, NULL, 1),
(42, 9, 8, '2024-05-14 18:50:30', '2024-05-18', '2024-05-25', NULL, NULL, 2),
(43, 9, 18, '2024-05-14 20:50:30', '2024-05-18', '2024-05-25', NULL, NULL, 2),
(44, 7, 2, '2024-05-14 21:50:30', '2024-05-18', '2024-06-01', '2024-06-01', NULL, 0),
(45, 8, 1, '2024-05-15 09:50:30', '2024-05-18', '2024-06-01', '2024-06-01', NULL, 0),
(46, 6, 1, '2024-05-19 10:23:12', '2024-05-21', '2024-06-04', NULL, NULL, 2),
(47, 13, 8, '2024-05-19 11:23:12', '2024-05-21', '2024-06-04', NULL, NULL, 2),
(48, 2, 10, '2024-05-19 12:23:12', '2024-05-21', '2024-06-11', NULL, NULL, 2),
(49, 10, 16, '2024-05-19 13:23:12', '2024-05-21', '2024-06-11', NULL, NULL, 2),
(50, 7, 17, '2024-05-23 18:20:10', '2024-06-01', '2024-06-08', '2024-06-04', 0, 0),
(51, 15, 2, '2024-05-25 18:20:10', '2024-06-01', '2024-06-15', NULL, NULL, 1),
(52, 20, 2, '2024-05-25 19:20:10', '2024-06-01', '2024-06-08', NULL, NULL, 2),
(53, 22, 6, '2024-05-25 20:20:10', '2024-06-01', '2024-06-29', NULL, NULL, 1),
(54, 10, 2, '2024-05-28 20:20:10', '2024-06-01', '2024-06-08', NULL, NULL, 2),
(55, 10, 6, '2024-05-28 20:20:10', '2024-06-02', '2024-06-09', NULL, NULL, 2),
(56, 11, 12, '2024-05-28 20:20:10', '2024-06-02', '2024-11-29', NULL, NULL, 1),
(57, 20, 61, '2024-05-28 12:23:12', '2024-05-30', '2024-06-06', NULL, NULL, 2),
(58, 25, 55, '2024-05-28 12:23:12', '2024-05-30', '2024-06-06', NULL, NULL, 2),
(59, 25, 24, '2024-05-28 12:23:12', '2024-05-30', '2024-06-06', '2024-06-06', NULL, 0),
(60, 22, 24, '2024-05-28 12:23:12', '2024-05-30', '2024-06-06', '2024-06-06', NULL, 0),
(61, 15, 52, '2024-05-28 12:23:12', '2024-05-30', '2024-06-06', NULL, NULL, 2),
(62, 13, 19, '2024-05-28 12:23:12', '2024-05-30', '2024-06-06', NULL, NULL, 2),
(63, 47, 57, '2024-05-29 12:23:12', '2024-06-04', '2024-06-11', '2024-06-06', NULL, 0),
(64, 44, 44, '2024-06-01 12:23:12', '2024-06-04', '2024-06-11', NULL, NULL, 2),
(65, 42, 26, '2024-06-01 12:23:12', '2024-06-04', '2024-06-11', NULL, NULL, 2),
(66, 44, 36, '2024-06-01 12:23:12', '2024-06-04', '2024-06-11', NULL, NULL, 2),
(67, 44, 46, '2024-06-01 12:23:12', '2024-06-04', '2024-06-18', NULL, NULL, 1),
(68, 45, 56, '2024-06-01 12:23:12', '2024-06-04', '2024-06-18', NULL, NULL, 1),
(69, 46, 56, '2024-06-01 12:23:12', '2024-06-04', '2024-06-18', NULL, NULL, 1),
(70, 47, 56, '2024-06-01 12:23:12', '2024-06-04', '2024-06-18', NULL, NULL, 1),
(71, 11, 2, '2024-06-01 12:23:12', '2024-06-04', '2024-06-18', NULL, NULL, 1),
(72, 15, 1, '2024-06-01 12:23:12', '2024-06-04', '2024-06-18', '2024-06-04', 0, 0),
(73, 17, 1, '2024-06-01 12:23:12', '2024-06-04', '2024-06-18', NULL, NULL, 1),
(74, 19, 48, '2024-06-01 12:23:12', '2024-06-04', '2024-06-18', NULL, NULL, 1);

-- --------------------------------------------------------

--
-- 資料表結構 `users`
--

CREATE TABLE `users` (
  `id` int(11) NOT NULL,
  `valid` varchar(10) NOT NULL DEFAULT '1',
  `username` varchar(50) NOT NULL,
  `account` varchar(50) NOT NULL,
  `password` varchar(255) NOT NULL,
  `city` varchar(20) NOT NULL,
  `Address` varchar(100) NOT NULL,
  `phone` text DEFAULT NULL,
  `email` varchar(50) NOT NULL,
  `birth` varchar(100) NOT NULL,
  `gender` varchar(255) NOT NULL,
  `update_at` timestamp NOT NULL DEFAULT current_timestamp(),
  `created_at` timestamp NOT NULL DEFAULT current_timestamp()
) ENGINE=InnoDB DEFAULT CHARSET=utf8mb4 COLLATE=utf8mb4_general_ci;

--
-- 傾印資料表的資料 `users`
--

INSERT INTO `users` (`id`, `valid`, `username`, `account`, `password`, `city`, `Address`, `phone`, `email`, `birth`, `gender`, `update_at`, `created_at`) VALUES
(1, '1', 'wong', 'wongming', '12345', 'taipei', '10491台北市中山區建國北路一段33巷47號二樓', '0911222333', 'wongming@test.com', '1988.06.22', 'female', '2024-05-30 08:13:56', '2024-01-01 06:41:10'),
(2, '1', '姍姍', 'sam', '$2y$10$kzGp0pPEzgS0V3DKCe05eeGBAPAcaLbsab875Wwn8jzV7yZDKvvI2', '1', '105台北市松山區興安街3號', '0911222666', 'sam@test.com', '2024-05-01', 'female', '2024-05-31 05:57:39', '2024-01-31 05:57:39'),
(3, '1', 'asdf123', 'asdf123', '$2y$10$oX45tdTSBJsxFpAL428jBuuCpxqvtQSbGSNmnUTMogX9bj80Th3H.', 'taipei', '105台北市松山區興安街3號', '0911222333', 'a888888@gmail.com', '2024-05-16', 'male', '2024-05-31 06:04:03', '2024-02-03 06:04:03'),
(4, '1', '範靜秀', 'sam', '$2y$10$vVVxZYzqO0TfMjDRXjhhmuK11rzRdN5R1679wLQAZHN.GONZDeS.u', 'taipei', '台北市中正區辛亥路一段64巷16號', '0911234133', 'sam@test.com', '1990-06-05', 'female', '2024-05-31 08:17:03', '2024-02-03 08:17:03'),
(5, '1', '魏傑衛\n', 'account1', '$2y$10$fQrNrsVozLO3PVCPssvhFeoLmsfuT0kDN669qbiIO07iknXxCFaSq', 'taipei', '114 臺北市內湖區行善路3號', '0912875648', 'user1@example.com', '1990-06-03', 'Male', '2024-06-03 06:36:57', '2024-02-03 00:36:57'),
(6, '1', '孔紅丹', 'account2', '$2y$10$Oa3uC3redYOHBD7fL3h9gOR8X8wCMI7AHp1KkjYpJE4TKzzenpOrq', 'taipei', '115 臺北市南港區南深路32號', '0912743727', 'user2@example.com', '1987-06-03', 'Male', '2024-06-03 06:36:57', '2024-02-03 00:36:57'),
(7, '1', '戚強超', 'account3', '$2y$10$Nr1h6z8.K2OBwW/Qv.73PuPTCVfDMxZE6AfD1oiK.oN9GGXpeA8tO', 'taipei', '115 臺北市南港區南深路3號', '0912651046', 'user3@example.com', '2006-06-03', 'Male', '2024-06-03 06:36:57', '2024-02-03 00:36:57'),
(8, '1', '魏凱傑', 'account4', '$2y$10$QjCBn3LgWFQQp/ysCfPkdOsB5mJj2.ij8Q4bCtJhGV3Unvwsm2LRe', 'taipei', '115 臺北市南港區南深路35號', '0912869024', 'user4@example.com', '2002-06-03', 'Female', '2024-06-03 06:36:57', '2024-02-05 00:36:57'),
(9, '1', '陳浩鵬', 'account5', '$2y$10$VVKh2S5D3js5Y1JI.p.9RuLCm210lFlqQ7JWYEXZWKQ/K/EFe9U72', 'City7', '108 臺北市萬華區水源路27號', '0912480543', 'user5@example.com', '2003-06-03', 'Male', '2024-06-03 06:36:57', '2024-02-05 00:36:57'),
(10, '1', '秦剛剛', 'account6', '$2y$10$pLwUOcmOF7FuFAtsvf5tX.tx3LFfc99ufvINqYsKQDq4O8U8YyJX2', 'City7', '112 臺北市北投區陽明路31號', '0912504608', 'user6@example.com', '1993-06-03', 'Male', '2024-06-03 06:36:57', '2024-02-08 00:36:57'),
(11, '1', '馮霞莉', 'account7', '$2y$10$HDExQ8/Cn4v7ZyHCfmqCZuPwFA11coG.AAGCdOCuMf.W1i91HYoW.', 'taipei', '106 臺北市大安區雲和街1號', '0912915809', 'user7@example.com', '1987-06-03', 'Male', '2024-06-03 06:36:57', '2024-02-13 00:36:57'),
(12, '1', '竇超靜', 'account8', '$2y$10$I1z6VUA9ZA97jSATFVN7O.Vk2MFXND4bvijJj2DuZuRniYPjyn4K.', 'taipei', '112 臺北市北投區崇仰六路27號', '0912887980', 'user8@example.com', '1996-06-03', 'Female', '2024-06-03 06:36:57', '2024-02-13 00:36:57'),
(13, '1', '施鵬鑫', 'account9', '$2y$10$2Kiej8FOHdk4ggQ6NjiYJeuJw0k8w3YZmrdA5/Jpx0j.peHf7Ft7y', 'taipei', '108 臺北市萬華區青年路23號', '0912989573', 'user9@example.com', '1987-06-03', 'Female', '2024-06-03 06:36:57', '2024-02-20 00:36:57'),
(14, '0', '雲艷萍', 'account10', '$2y$10$IKP4ImAIKE8OxdDBPZmUi.54IkNpKH6svvBt4KFkBkVZ7IP46Gp.W', 'taipei', '116 臺北市文山區保儀路20號', '0912819826', 'user10@example.com', '2002-06-03', 'Female', '2024-06-03 06:36:57', '2024-02-25 00:36:57'),
(15, '0', '錢強宇', 'account11', '$2y$10$O3g3GI85elKA82EgsrRPLOUVC91Eoo4D6inCGuHdDPfSEJEHaiZl.', 'City3', '100 臺北市中正區同安街31號', '0912988217', 'user11@example.com', '1993-06-03', 'Female', '2024-06-03 06:36:57', '2024-02-25 00:36:57'),
(16, '1', '範丹莉', 'account12', '$2y$10$ow8ujCI1.OYYhhkjeH9EauVunvnG8AfmIiCQOsF1ojH7lLOh6Ve5m', 'City6', '100 臺北市中正區同安街35號', '0912720957', 'user12@example.com', '2005-06-03', 'Male', '2024-06-03 06:36:57', '2024-03-03 00:36:57'),
(17, '1', '雲敏燕', 'account13', '$2y$10$Sj2fPGUNS9zp6fjNhpRxBukEwWL6eLAdYk2FjaAr2FHLoTopkPm7u', 'City7', '116 臺北市文山區景華街7號', '0912351462', 'user13@example.com', '2006-06-03', 'Male', '2024-06-03 06:36:57', '2024-03-03 00:36:57'),
(18, '1', '週傑玲', 'account14', '$2y$10$o.av025TNI6IRjBc/qj7ve5Kj5b8wMHww9luSwS1WGoUttFcfuE5q', 'City3', 'Address 98', '0912561845', 'user14@example.com', '1999-06-03', 'Female', '2024-06-03 06:36:57', '2024-03-03 00:36:57'),
(19, '1', '張浩鑫', 'account15', '$2y$10$coQxluFwnJDkKAM3t.Q3kexFm82dlf53r2AOqoF.YWLwDqT7qxCGO', 'City3', 'Address 2', '0912582970', 'user15@example.com', '1986-06-03', 'Female', '2024-06-03 06:36:58', '2024-03-03 00:36:58'),
(20, '1', '鄒婷超', 'account16', '$2y$10$kDuzSU5MiqKyu/fV4q37LeLbBeo.OjNF5mCQHIl81xneTmcqqfpE2', 'City10', 'Address 1', '0912008458', 'user16@example.com', '1991-06-03', 'Male', '2024-06-03 06:36:58', '2024-03-03 00:36:58'),
(21, '1', '章明靜', 'account17', '$2y$10$rVMVjpcPMH8yLNtbuWqhg.kn/D2wWXZu8Ig0AmXr.GulmgRXSM7cG', 'City7', 'Address 73', '0912763208', 'user17@example.com', '1993-06-03', 'Female', '2024-06-03 06:36:58', '2024-04-03 00:36:58'),
(22, '1', '王鵬丹', 'account18', '$2y$10$/91Te3U58.MN0FAcTohAyuSbLugArOxvoChRinrWEKCCyokUMoVl.', 'City7', 'Address 43', '0912149977', 'user18@example.com', '2004-06-03', 'Male', '2024-06-03 06:36:58', '2024-04-03 00:36:58'),
(23, '1', '魏俊毅\n', 'account19', '$2y$10$ZFHCKmtfhTuNL9fyt5FclOgYbQTKFuU99EVdJZ4igOcSHVB4XuI0q', 'City4', 'Address 58', '0912115781', 'user19@example.com', '2004-06-03', 'Male', '2024-06-03 06:36:58', '2024-04-03 00:36:58'),
(24, '1', '雲鑫琴', 'account20', '$2y$10$q6zi68F38hrvlz4cDeNSr.Jg9irnZrvS3N6Ec8ZPvJ/wmAUsjQcvC', 'City8', 'Address 99', '0912295623', 'user20@example.com', '1996-06-03', 'Male', '2024-06-03 06:36:58', '2024-04-03 00:36:58'),
(25, '1', '水鵬璐', 'account21', '$2y$10$EtvVCoiMpCk0/JOuJSaJAu4akc897yYkC23ev.RO5BdIesNP3QK12', 'City1', 'Address 33', '0912565519', 'user21@example.com', '2003-06-03', 'Female', '2024-06-03 06:36:58', '2024-04-03 00:36:58'),
(26, '1', '許超鵬', 'account22', '$2y$10$Mlo/j5l8m1Wm0NTbZoNUI.KjWwKYg2hoM8gx.0KmmfXYwrVLOl0M6', 'City3', 'Address 74', '0912393561', 'user22@example.com', '1992-06-03', 'Female', '2024-06-03 06:36:58', '2024-04-03 00:36:58'),
(27, '1', '彭勇艷', 'account23', '$2y$10$Hv4C0x/yaXdrkuxc7CqSgeu//w3juFInjvtOYNJYhlK.Ui8q2LNiW', 'City6', '104 臺北市中山區崇實路35號', '0912081196', 'user23@example.com', '2001-06-03', 'Female', '2024-06-03 06:36:58', '2024-04-03 00:36:58'),
(28, '1', '郎鑫宇', 'account24', '$2y$10$3PEEcFDJDoBPSBoraDObFeLTGzKs4fMEspwrgoVsHzpoqvT/yn3Ue', 'City5', 'Address 13', '0912947735', 'user24@example.com', '1986-06-03', 'Male', '2024-06-03 06:36:58', '2024-04-03 00:36:54'),
(29, '1', '張琳婷', 'account25', '$2y$10$lW/H8V9SV/VV724oai3wbunQb7/sJrmUkHpYb3/BcJLGaokL8dKN6', 'City2', 'Address 95', '0912498286', 'user25@example.com', '1984-06-03', 'Male', '2024-06-03 06:36:58', '2024-04-03 00:36:58'),
(30, '1', '蔣鵬璐', 'account26', '$2y$10$p3PJn95xhbJai.J2e127S.mpMFFyFq53HYlmPLvV.0aQm32bCBOt2', 'City9', 'Address 73', '0912934811', 'user26@example.com', '1995-06-03', 'Male', '2024-06-03 06:36:58', '2024-04-03 00:36:58'),
(31, '1', '範洋霞', 'account27', '$2y$10$4um92GIeK70jYptHMaJAb.SOwk1w49X.v0rFavRVYcrIfsYJs/6me', 'City3', 'Address 56', '0912183667', 'user27@example.com', '2003-06-03', 'Female', '2024-06-03 06:36:58', '2024-04-03 00:36:58'),
(32, '1', '彭娟鵬', 'account28', '$2y$10$fP5cZnfIfmWluu51UYwkue6XhVp5TF.HyeolhsIx9VMIxdblNKDBC', 'City6', 'Address 40', '0912919082', 'user28@example.com', '1986-06-03', 'Female', '2024-06-03 06:36:58', '2024-04-03 00:36:58'),
(33, '1', '週璐鵬', 'account29', '$2y$10$fhjOr/ZCS2wy3EXAx0WYEOqU6gf1UGkuOmQyCoOtML6zNCq/dW5N.', 'City7', 'Address 18', '0912600646', 'user29@example.com', '1998-06-03', 'Female', '2024-06-03 06:36:58', '2024-04-03 00:36:58'),
(34, '1', '蘇剛燕', 'account30', '$2y$10$zCd3xW65zl4UCqcVRAdsWOiY6/9H6BKQrX2UWeZe6DKHjZTqTTxU2', 'City4', 'Address 20', '0912362078', 'user30@example.com', '1996-06-03', 'Female', '2024-06-03 06:36:58', '2024-04-03 00:36:58'),
(35, '1', '魯宇萍', 'account31', '$2y$10$lBO4WnThLOu5Qh5aiQJ0X.oqdzi9gtZopG7MaVBmVvSR1j0SbYSoq', 'City7', 'Address 70', '0912605619', 'user31@example.com', '2003-06-02', 'Female', '2024-06-03 06:36:58', '2024-05-03 00:36:58'),
(36, '1', '王新軍', 'account32', '$2y$10$7rIaGFPNW9Z7tTuDjfpKYOrm0JdmFsPs2/Vdw/IvVLZUepUkt3XVm', 'City3', 'Address 67', '0912036696', 'user32@example.com', '1984-06-03', 'Male', '2024-06-03 06:36:59', '2024-05-03 00:36:59'),
(37, '1', '陶燕傑', 'account33', '$2y$10$1Emc7Aqxirki58LoMkXE0.zCZ98XI4JOBEBM.OvDEwMIFGLld0n6O', 'City6', 'Address 75', '0912090791', 'user33@example.com', '2002-06-03', 'Female', '2024-06-03 06:36:59', '2024-05-03 00:36:59'),
(38, '1', '許傑明', 'account34', '$2y$10$g3ZDUpiIIAzQIdakfZikYeZAOkY8WuyGOWnBgHqksFBWwjZBF80ci', 'City8', 'Address 25', '0912009165', 'user34@example.com', '1997-06-03', 'Male', '2024-06-03 06:36:59', '2024-05-03 00:36:59'),
(39, '1', '吳宇亮', 'account35', '$2y$10$Q1ZImDkfaCdbKaHcHvJ.j.3kvqs/B01IWeT0j1OkxWJnbRXdBUPUG', 'City10', 'Address 64', '0912724982', 'user35@example.com', '1991-06-03', 'Male', '2024-06-03 06:36:59', '2024-05-03 00:36:59'),
(40, '1', '雲霞萍', 'account36', '$2y$10$6IyqIjcr65Lv.FmhS2EuyO8lYi2d1t8vDoumbOWAr1bY8tarOY6gq', 'City1', '103 臺北市大同區撫順街1號', '0912700416', 'user36@example.com', '1993-06-03', 'Female', '2024-06-03 06:36:59', '2024-05-03 00:36:59'),
(41, '1', '鄒琴浩', 'account37', '$2y$10$4jij.9bBE4uX.SS6QrmFMuOQRHsjFnV/sRZKcyuuBnym2MnEqeQAC', 'City8', 'Address 64', '0912093330', 'user37@example.com', '2000-06-03', 'Female', '2024-06-03 06:36:59', '2024-05-03 00:36:59'),
(42, '1', '郎婷健', 'account38', '$2y$10$D/kSc.6cfZ882vkmzuxXwedRYynxngygVPprH2cKWAf7ztbaR0rS.', 'City2', 'Address 14', '0912365518', 'user38@example.com', '1993-06-03', 'Female', '2024-06-03 06:36:59', '2024-05-03 00:36:59'),
(43, '1', '呂超欣', 'account39', '$2y$10$lAiihCz.GWDIHR6UTNOl/uVMmwlwdlsJk8Tp2Dk6tpo1zKqif6slm', 'City10', 'Address 66', '0912233312', 'user39@example.com', '1994-06-03', 'Male', '2024-06-03 06:36:59', '2024-05-03 00:36:59'),
(44, '1', '雲靜婷', 'account40', '$2y$10$gCUr3oOi/nqWVHmGN/BOBOaWQnIPa13v6432knOgvyR6hnGrAW.PK', 'City2', 'Address 8', '0912389695', 'user40@example.com', '1995-06-03', 'Male', '2024-06-03 06:36:59', '2024-05-03 00:36:59'),
(45, '1', '沈輝紅', 'account41', '$2y$10$5dKENfkyRoQIP2Zt.xAdm.95zTB48LqJRsV5VBuwgneaIR.CogzQG', 'City10', 'Address 99', '0912445060', 'user41@example.com', '1997-06-03', 'Female', '2024-06-03 06:36:59', '2024-05-03 00:36:59'),
(46, '1', '吳鵬艷', 'account42', '$2y$10$nbGtMS2.pJ9QpXaZQOhLn.X01emcQ6lhi.XTWQ96XEiKjEjxoR4UO', 'City4', 'Address 32', '0912774861', 'user42@example.com', '2005-06-03', 'Male', '2024-06-03 06:36:59', '2024-05-03 00:36:59'),
(47, '1', '水浩華\n', 'account43', '$2y$10$QrLSdVc32BY13Qn3FC7UKe4YDMbua6Omv5u7e2fuzLBXUWAREDiPi', 'City4', 'Address 94', '0912448635', 'user43@example.com', '1986-06-03', 'Female', '2024-06-03 06:36:59', '2024-05-03 00:36:59'),
(48, '1', '彭寧秀', 'account44', '$2y$10$1eoZU9etD5mA1PnKWmnLQeqbvwPzxRUcR6F1Q6qJIqlq7.y/Z9g2W', 'City3', 'Address 87', '0912446619', 'user44@example.com', '1994-06-03', 'Female', '2024-06-03 06:36:59', '2024-06-03 00:36:59'),
(49, '1', '柏艷敏', 'account45', '$2y$10$xCb8BLagLlAuB2LGI013COuuyBD6kT7X9N6X3/MoBEqcmwjuYGIhG', 'City7', 'Address 52', '0912551222', 'user45@example.com', '2003-06-03', 'Male', '2024-06-03 06:36:59', '2024-06-03 00:36:59'),
(50, '1', '彭新博', 'account46', '$2y$10$WdhYCwBBkKu.zcKzUG6f6.DJ0pR5UOC9ygacu3Aq6uX1W3RiN0EWy', 'City5', 'Address 10', '0912793321', 'user46@example.com', '2003-06-03', 'Female', '2024-06-03 06:36:59', '2024-06-03 00:36:59'),
(51, '1', '錢鑫傑', 'account47', '$2y$10$NKSjgDy7mKLimrpmmlKu..99jgJMpO8yeXW/13Hjs05T1uGziUOvm', 'City6', 'Address 90', '0912462048', 'user47@example.com', '1985-06-03', 'Female', '2024-06-03 06:36:59', '2024-06-03 00:36:59'),
(52, '1', '秦靜芳', 'account48', '$2y$10$a.b6CeSlGnsoodJ6kRml3uYbgZS1PE039smc6pJByDelj0Os3fYGa', 'City9', 'Address 24', '0912865918', 'user48@example.com', '2003-06-03', 'Male', '2024-06-03 06:36:59', '2024-06-03 00:36:59'),
(53, '1', '雲浩娟', 'account49', '$2y$10$iJCFZsq7SZ8JWoHPEoHA0.GDpD4vIHBca/MKjHqmMDKoPpPozgZfy', 'City8', 'Address 29', '0912026455', 'user49@example.com', '1985-06-03', 'Male', '2024-06-03 06:37:00', '2024-06-03 00:37:00'),
(54, '', '劉雲強', 'account50', '$2y$10$RdqS0G8HyKFcEIWTWmKCX.EnAsb8bENdSX5PUJkmCYCL6r74SeK52', 'City9', 'Address 37', '0912724310', 'user50@example.com', '1994-06-03', 'Female', '2024-06-03 06:37:00', '2024-06-03 00:37:00'),
(106, '', 'root', 'sun', '12345', '', '105台北市松山區興安街3號', '0911268666', 'sun@test.com', '1990-09-06', 'female', '2024-06-03 08:03:20', '2024-06-03 02:03:20'),
(109, '', 'bear', 'bear', '$2y$10$FUtoXNPigxPGrema1j5YFOTG8Er8JNtCeigmvd70zxBhQBGma0ABO', 'taipei', '新北市鶯歌區', '0911222333', 'a8888@gmail.com', '2024-06-05', 'male', '2024-06-04 08:22:48', '2024-06-04 08:22:48'),
(110, '1', 'sdf', 'dddd', '$2y$10$8UYGMqDTVphJaP1zPnxt0.Co76eTl6lfLHJBXVgVu2lSjzqJyKh.G', 'taipei', '新北市鶯歌區', '0912562333', 'sdf9@gmail.com', '2024-05-22', 'male', '2024-06-07 05:20:10', '2024-06-07 05:20:10'),
(111, '1', 'aaaaa', '12345', '12345', '', '', '0955661277', 'ds@gmail.com', '2003-06-02', 'male', '2024-06-07 05:23:49', '2024-06-07 05:23:49'),
(112, '1', 'aaaa', 'eeee', '$2y$10$uaiMPNMOVqvf1.34gBdH9u8BV/tiYXOVJcBqHcS.JetHY9076oXSy', 'taipei', '新北市鶯歌區', '0911229633', 'aaa@gmail.com', '2024-05-01', 'male', '2024-06-07 05:39:24', '2024-06-07 05:39:24'),
(113, '1', 'admin', 'admin', '$2y$10$vPcasRSVJzgyV2ilDH34hO9ww0RTry/cAOHIH5ccvfsv44D9G4k9u', 'taipei', '桃園中壢', '0911222333', 'admin@test.com', '2024-04-10', 'male', '2024-06-13 02:51:41', '2024-06-13 02:51:41');

--
-- 已傾印資料表的索引
--

--
-- 資料表索引 `brand`
--
ALTER TABLE `brand`
  ADD PRIMARY KEY (`id`);

--
-- 資料表索引 `category`
--
ALTER TABLE `category`
  ADD PRIMARY KEY (`id`);

--
-- 資料表索引 `chapter_progress`
--
ALTER TABLE `chapter_progress`
  ADD PRIMARY KEY (`id`);

--
-- 資料表索引 `coupons`
--
ALTER TABLE `coupons`
  ADD PRIMARY KEY (`coupon_id`),
  ADD UNIQUE KEY `discount_code` (`discount_code`) USING BTREE;

--
-- 資料表索引 `course`
--
ALTER TABLE `course`
  ADD PRIMARY KEY (`id`);

--
-- 資料表索引 `course_category`
--
ALTER TABLE `course_category`
  ADD PRIMARY KEY (`id`);

--
-- 資料表索引 `course_chapter`
--
ALTER TABLE `course_chapter`
  ADD PRIMARY KEY (`id`);

--
-- 資料表索引 `course_order`
--
ALTER TABLE `course_order`
  ADD PRIMARY KEY (`id`);

--
-- 資料表索引 `history`
--
ALTER TABLE `history`
  ADD PRIMARY KEY (`id`);

--
-- 資料表索引 `mahjong_room`
--
ALTER TABLE `mahjong_room`
  ADD PRIMARY KEY (`room_id`);

--
-- 資料表索引 `mahjong_table`
--
ALTER TABLE `mahjong_table`
  ADD PRIMARY KEY (`table_id`),
  ADD KEY `room_id` (`room_id`);

--
-- 資料表索引 `owner`
--
ALTER TABLE `owner`
  ADD PRIMARY KEY (`id`);

--
-- 資料表索引 `product`
--
ALTER TABLE `product`
  ADD PRIMARY KEY (`id`);

--
-- 資料表索引 `product_category`
--
ALTER TABLE `product_category`
  ADD PRIMARY KEY (`id`);

--
-- 資料表索引 `product_images`
--
ALTER TABLE `product_images`
  ADD PRIMARY KEY (`id`);

--
-- 資料表索引 `rent_images`
--
ALTER TABLE `rent_images`
  ADD PRIMARY KEY (`id`);

--
-- 資料表索引 `rent_price_category`
--
ALTER TABLE `rent_price_category`
  ADD PRIMARY KEY (`id`);

--
-- 資料表索引 `rent_product`
--
ALTER TABLE `rent_product`
  ADD PRIMARY KEY (`id`);

--
-- 資料表索引 `rent_record`
--
ALTER TABLE `rent_record`
  ADD PRIMARY KEY (`id`);

--
-- 資料表索引 `users`
--
ALTER TABLE `users`
  ADD PRIMARY KEY (`id`),
  ADD UNIQUE KEY `username` (`username`);

--
-- 在傾印的資料表使用自動遞增(AUTO_INCREMENT)
--

--
-- 使用資料表自動遞增(AUTO_INCREMENT) `brand`
--
ALTER TABLE `brand`
  MODIFY `id` int(6) UNSIGNED NOT NULL AUTO_INCREMENT COMMENT 'AUTO_INCREMENT', AUTO_INCREMENT=17;

--
-- 使用資料表自動遞增(AUTO_INCREMENT) `category`
--
ALTER TABLE `category`
  MODIFY `id` int(10) UNSIGNED NOT NULL AUTO_INCREMENT, AUTO_INCREMENT=6;

--
-- 使用資料表自動遞增(AUTO_INCREMENT) `chapter_progress`
--
ALTER TABLE `chapter_progress`
  MODIFY `id` int(3) NOT NULL AUTO_INCREMENT;

--
-- 使用資料表自動遞增(AUTO_INCREMENT) `coupons`
--
ALTER TABLE `coupons`
  MODIFY `coupon_id` int(11) NOT NULL AUTO_INCREMENT, AUTO_INCREMENT=72;

--
-- 使用資料表自動遞增(AUTO_INCREMENT) `course`
--
ALTER TABLE `course`
  MODIFY `id` int(5) UNSIGNED NOT NULL AUTO_INCREMENT, AUTO_INCREMENT=94;

--
-- 使用資料表自動遞增(AUTO_INCREMENT) `course_category`
--
ALTER TABLE `course_category`
  MODIFY `id` int(11) NOT NULL AUTO_INCREMENT, AUTO_INCREMENT=6;

--
-- 使用資料表自動遞增(AUTO_INCREMENT) `course_chapter`
--
ALTER TABLE `course_chapter`
  MODIFY `id` int(3) NOT NULL AUTO_INCREMENT;

--
-- 使用資料表自動遞增(AUTO_INCREMENT) `course_order`
--
ALTER TABLE `course_order`
  MODIFY `id` int(3) UNSIGNED NOT NULL AUTO_INCREMENT, AUTO_INCREMENT=13;

--
-- 使用資料表自動遞增(AUTO_INCREMENT) `history`
--
ALTER TABLE `history`
  MODIFY `id` int(11) NOT NULL AUTO_INCREMENT;

--
-- 使用資料表自動遞增(AUTO_INCREMENT) `mahjong_room`
--
ALTER TABLE `mahjong_room`
  MODIFY `room_id` int(11) NOT NULL AUTO_INCREMENT, AUTO_INCREMENT=140;

--
-- 使用資料表自動遞增(AUTO_INCREMENT) `mahjong_table`
--
ALTER TABLE `mahjong_table`
  MODIFY `table_id` int(11) NOT NULL AUTO_INCREMENT, AUTO_INCREMENT=7;

--
-- 使用資料表自動遞增(AUTO_INCREMENT) `owner`
--
ALTER TABLE `owner`
  MODIFY `id` int(11) NOT NULL AUTO_INCREMENT, AUTO_INCREMENT=107;

--
-- 使用資料表自動遞增(AUTO_INCREMENT) `product`
--
ALTER TABLE `product`
  MODIFY `id` int(5) UNSIGNED NOT NULL AUTO_INCREMENT, AUTO_INCREMENT=261;

--
-- 使用資料表自動遞增(AUTO_INCREMENT) `product_category`
--
ALTER TABLE `product_category`
  MODIFY `id` int(5) UNSIGNED NOT NULL AUTO_INCREMENT COMMENT 'AUTO_INCREMENT', AUTO_INCREMENT=11;

--
-- 使用資料表自動遞增(AUTO_INCREMENT) `product_images`
--
ALTER TABLE `product_images`
  MODIFY `id` int(6) UNSIGNED NOT NULL AUTO_INCREMENT, AUTO_INCREMENT=105;

--
-- 使用資料表自動遞增(AUTO_INCREMENT) `rent_images`
--
ALTER TABLE `rent_images`
  MODIFY `id` int(3) UNSIGNED NOT NULL AUTO_INCREMENT, AUTO_INCREMENT=46;

--
-- 使用資料表自動遞增(AUTO_INCREMENT) `rent_price_category`
--
ALTER TABLE `rent_price_category`
  MODIFY `id` int(10) UNSIGNED NOT NULL AUTO_INCREMENT, AUTO_INCREMENT=6;

--
-- 使用資料表自動遞增(AUTO_INCREMENT) `rent_product`
--
ALTER TABLE `rent_product`
  MODIFY `id` int(5) UNSIGNED NOT NULL AUTO_INCREMENT, AUTO_INCREMENT=65;

--
-- 使用資料表自動遞增(AUTO_INCREMENT) `rent_record`
--
ALTER TABLE `rent_record`
  MODIFY `id` int(5) UNSIGNED NOT NULL AUTO_INCREMENT, AUTO_INCREMENT=75;

--
-- 使用資料表自動遞增(AUTO_INCREMENT) `users`
--
ALTER TABLE `users`
  MODIFY `id` int(11) NOT NULL AUTO_INCREMENT, AUTO_INCREMENT=114;

--
-- 已傾印資料表的限制式
--

--
-- 資料表的限制式 `mahjong_table`
--
ALTER TABLE `mahjong_table`
  ADD CONSTRAINT `mahjong_table_ibfk_1` FOREIGN KEY (`room_id`) REFERENCES `trying`.`mahjong_room` (`room_id`);
COMMIT;

/*!40101 SET CHARACTER_SET_CLIENT=@OLD_CHARACTER_SET_CLIENT */;
/*!40101 SET CHARACTER_SET_RESULTS=@OLD_CHARACTER_SET_RESULTS */;
/*!40101 SET COLLATION_CONNECTION=@OLD_COLLATION_CONNECTION */;
