-- phpMyAdmin SQL Dump
-- version 5.2.1
-- https://www.phpmyadmin.net/
--
-- 主機： 127.0.0.1
-- 產生時間： 2024-06-06 19:52:23
-- 伺服器版本： 10.4.32-MariaDB
-- PHP 版本： 8.2.12

SET SQL_MODE = "NO_AUTO_VALUE_ON_ZERO";
START TRANSACTION;
SET time_zone = "+00:00";


/*!40101 SET @OLD_CHARACTER_SET_CLIENT=@@CHARACTER_SET_CLIENT */;
/*!40101 SET @OLD_CHARACTER_SET_RESULTS=@@CHARACTER_SET_RESULTS */;
/*!40101 SET @OLD_COLLATION_CONNECTION=@@COLLATION_CONNECTION */;
/*!40101 SET NAMES utf8mb4 */;

--
-- 資料庫： `mahjong`
--

-- --------------------------------------------------------

--
-- 資料表結構 `chapter_progress`
--

CREATE TABLE `chapter_progress` (
  `id` int(3) NOT NULL,
  `user_id` int(3) NOT NULL,
  `chapter_id` int(3) NOT NULL,
  `status` varchar(255) NOT NULL
) ENGINE=InnoDB DEFAULT CHARSET=utf8mb4 COLLATE=utf8mb4_unicode_ci;

-- --------------------------------------------------------

--
-- 資料表結構 `course`
--

CREATE TABLE `course` (
  `id` int(5) UNSIGNED NOT NULL,
  `course_name` varchar(50) NOT NULL,
  `course_category_id` int(3) NOT NULL,
  `price` int(6) UNSIGNED NOT NULL,
  `images` varchar(50) NOT NULL,
  `file` varchar(255) NOT NULL,
  `created_at` datetime NOT NULL,
  `updated_at` datetime NOT NULL,
  `on_datetime` date NOT NULL,
  `off_datetime` date NOT NULL,
  `valid` tinyint(4) NOT NULL DEFAULT 1
) ENGINE=InnoDB DEFAULT CHARSET=utf8mb4 COLLATE=utf8mb4_unicode_ci;

--
-- 傾印資料表的資料 `course`
--

INSERT INTO `course` (`id`, `course_name`, `course_category_id`, `price`, `images`, `file`, `created_at`, `updated_at`, `on_datetime`, `off_datetime`, `valid`) VALUES
(1, 'c1', 2, 1000, 'mj1.jpg', 'v1.mp4', '2024-05-28 15:09:26', '2024-05-28 15:09:26', '2024-05-05', '2024-06-06', 1),
(2, 'c2', 2, 4000, 'mj2.jpg', 'v2.mp4', '2024-05-28 15:09:26', '2024-05-28 15:09:26', '2024-05-30', '2024-06-08', 1),
(3, 'c3', 2, 3000, 'mj3.jpg', 'v3.mp4', '2024-05-28 15:09:26', '2024-05-28 15:09:26', '2024-06-01', '2024-06-27', 1),
(4, 'c4', 2, 10000, 'mj4.jpg', 'v4.mp4', '2024-05-28 15:09:26', '2024-05-28 15:09:26', '2024-06-02', '2024-06-21', 1),
(5, 'c5', 2, 10000, 'mj5.jpg', 'v5.mp4', '2024-05-28 15:09:26', '2024-05-28 15:09:26', '2024-06-01', '2024-06-03', 1),
(6, 'c6', 2, 1100, 'mj6.jpg', 'v6.mp4', '2024-05-28 15:09:26', '2024-05-28 15:09:26', '2024-06-02', '2024-06-19', 1),
(7, 'c7', 2, 800, 'mj7.jpg', 'v7.mp4', '2024-05-28 15:09:26', '2024-05-28 15:09:26', '2024-05-24', '2024-05-30', 1),
(8, 'c8', 2, 900, 'mj8.jpg', 'v8.mp4', '2024-05-28 15:09:26', '2024-05-28 15:09:26', '2024-05-23', '2024-05-30', 1),
(9, 'c9', 2, 400, 'mj9.jpg', 'v9.mp4', '2024-05-28 15:09:26', '2024-05-28 15:09:26', '2024-05-22', '2024-05-30', 1),
(10, 'c10', 2, 3000, 'mj10.jpg', 'v10.mp4', '2024-05-28 15:09:26', '2024-05-28 15:09:26', '2024-05-05', '2024-06-06', 1),
(11, 'c11', 3, 5555, 'go1.jpg', 'go1.mp4', '2024-06-06 10:40:40', '0000-00-00 00:00:00', '2024-05-26', '2024-10-31', 1),
(12, 'c12', 3, 5566, 'go2.jpg', 'go2.mp4', '2024-06-06 11:08:29', '0000-00-00 00:00:00', '2024-06-03', '2024-06-27', 1),
(13, 'c13', 3, 77775, 'go3.jpg', 'go3.mp4', '2024-06-06 11:10:24', '0000-00-00 00:00:00', '2024-05-26', '2024-10-09', 1),
(14, 'c14', 1, 3000, 'mj10.jpg', 'v10.mp4', '2024-05-28 15:09:26', '2024-05-28 15:09:26', '2024-06-01', '2024-05-04', 1),
(15, 'c15', 1, 3000, 'mj10.jpg', 'v10.mp4', '2024-05-28 15:09:26', '2024-05-28 15:09:26', '2024-06-01', '2024-05-04', 1),
(16, 'c16', 1, 3000, 'mj10.jpg', 'v10.mp4', '2024-05-28 15:09:26', '2024-05-28 15:09:26', '2024-06-01', '2024-05-04', 1),
(17, 'c17', 1, 3000, 'mj10.jpg', 'v10.mp4', '2024-05-28 15:09:26', '2024-05-28 15:09:26', '2024-06-01', '2024-05-04', 1),
(18, 'c18', 1, 3000, 'mj10.jpg', 'v10.mp4', '2024-05-28 15:09:26', '2024-05-28 15:09:26', '2024-06-01', '2024-05-04', 1),
(19, 'c19', 1, 3000, 'mj10.jpg', 'v10.mp4', '2024-05-28 15:09:26', '2024-05-28 15:09:26', '2024-06-01', '2024-05-04', 1),
(20, 'c20', 1, 3000, 'mj10.jpg', 'v10.mp4', '2024-05-28 15:09:26', '2024-05-28 15:09:26', '2024-06-01', '2024-05-04', 1),
(21, 'c21', 1, 3000, 'mj10.jpg', 'v10.mp4', '2024-05-28 15:09:26', '2024-05-28 15:09:26', '2024-06-01', '2024-05-04', 1),
(22, 'c22', 1, 3000, 'mj10.jpg', 'v10.mp4', '2024-05-28 15:09:26', '2024-05-28 15:09:26', '2024-06-01', '2024-05-04', 1),
(23, 'c23', 1, 3000, 'mj10.jpg', 'v10.mp4', '2024-05-28 15:09:26', '2024-05-28 15:09:26', '2024-06-01', '2024-05-04', 1),
(24, 'c24', 2, 3000, 'mj10.jpg', 'v10.mp4', '2024-05-28 15:09:26', '2024-05-28 15:09:26', '2024-06-01', '2024-05-04', 1),
(25, 'c25', 2, 3000, 'mj10.jpg', 'v10.mp4', '2024-05-28 15:09:26', '2024-05-28 15:09:26', '2024-06-01', '2024-05-04', 1),
(26, 'c26', 2, 3000, 'mj10.jpg', 'v10.mp4', '2024-05-28 15:09:26', '2024-05-28 15:09:26', '2024-06-01', '2024-05-04', 1),
(27, 'c27', 2, 3000, 'mj10.jpg', 'v10.mp4', '2024-05-28 15:09:26', '2024-05-28 15:09:26', '2024-06-01', '2024-05-04', 1),
(28, 'c28', 2, 3000, 'mj10.jpg', 'v10.mp4', '2024-05-28 15:09:26', '2024-05-28 15:09:26', '2024-06-01', '2024-05-04', 1),
(29, 'c29', 2, 3000, 'mj10.jpg', 'v10.mp4', '2024-05-28 15:09:26', '2024-05-28 15:09:26', '2024-06-01', '2024-05-04', 1),
(30, 'c30', 2, 3000, 'mj10.jpg', 'v10.mp4', '2024-05-28 15:09:26', '2024-05-28 15:09:26', '2024-06-01', '2024-05-04', 1),
(31, 'c31', 2, 3000, 'mj10.jpg', 'v10.mp4', '2024-05-28 15:09:26', '2024-05-28 15:09:26', '2024-06-01', '2024-05-04', 1),
(32, 'c32', 2, 3000, 'mj10.jpg', 'v10.mp4', '2024-05-28 15:09:26', '2024-05-28 15:09:26', '2024-06-01', '2024-05-04', 1),
(33, 'c33', 2, 3000, 'mj10.jpg', 'v10.mp4', '2024-05-28 15:09:26', '2024-05-28 15:09:26', '2024-06-01', '2024-05-04', 1),
(34, 'c34', 3, 3000, 'mj10.jpg', 'v10.mp4', '2024-05-28 15:09:26', '2024-05-28 15:09:26', '2024-06-01', '2024-05-04', 1),
(35, 'c35', 3, 3000, 'mj10.jpg', 'v10.mp4', '2024-05-28 15:09:26', '2024-05-28 15:09:26', '2024-06-01', '2024-05-04', 1),
(36, 'c36', 3, 3000, 'mj10.jpg', 'v10.mp4', '2024-05-28 15:09:26', '2024-05-28 15:09:26', '2024-06-01', '2024-05-04', 1),
(37, 'c37', 3, 3000, 'mj10.jpg', 'v10.mp4', '2024-05-28 15:09:26', '2024-05-28 15:09:26', '2024-06-01', '2024-05-04', 1),
(38, 'c38', 3, 3000, 'mj10.jpg', 'v10.mp4', '2024-05-28 15:09:26', '2024-05-28 15:09:26', '2024-06-01', '2024-05-04', 1),
(39, 'c39', 3, 3000, 'mj10.jpg', 'v10.mp4', '2024-05-28 15:09:26', '2024-05-28 15:09:26', '2024-06-01', '2024-05-04', 1),
(40, 'c40', 3, 3000, 'mj10.jpg', 'v10.mp4', '2024-05-28 15:09:26', '2024-05-28 15:09:26', '2024-06-01', '2024-05-04', 1),
(41, 'c41', 3, 3000, 'mj10.jpg', 'v10.mp4', '2024-05-28 15:09:26', '2024-05-28 15:09:26', '2024-06-01', '2024-05-04', 1),
(42, 'c42', 3, 3000, 'mj10.jpg', 'v10.mp4', '2024-05-28 15:09:26', '2024-05-28 15:09:26', '2024-06-01', '2024-05-04', 1),
(43, 'c43', 3, 3000, 'mj10.jpg', 'v10.mp4', '2024-05-28 15:09:26', '2024-05-28 15:09:26', '2024-06-01', '2024-05-04', 1),
(44, 'c44', 3, 3000, 'mj10.jpg', 'v10.mp4', '2024-05-28 15:09:26', '2024-05-28 15:09:26', '2024-06-01', '2024-05-04', 1),
(45, 'c45', 3, 3000, 'mj10.jpg', 'v10.mp4', '2024-05-28 15:09:26', '2024-05-28 15:09:26', '2024-06-01', '2024-05-04', 1),
(46, 'c46', 3, 3000, 'mj10.jpg', 'v10.mp4', '2024-05-28 15:09:26', '2024-05-28 15:09:26', '2024-06-01', '2024-05-04', 1),
(47, 'c47', 3, 3000, 'mj10.jpg', 'v10.mp4', '2024-05-28 15:09:26', '2024-05-28 15:09:26', '2024-06-01', '2024-05-04', 1),
(48, 'c48', 3, 3000, 'mj10.jpg', 'v10.mp4', '2024-05-28 15:09:26', '2024-05-28 15:09:26', '2024-06-01', '2024-05-04', 1),
(49, 'c49', 4, 3000, 'mj10.jpg', 'v10.mp4', '2024-05-28 15:09:26', '2024-05-28 15:09:26', '2024-06-01', '2024-05-04', 1),
(50, 'c50', 4, 3000, 'mj10.jpg', 'v10.mp4', '2024-05-28 15:09:26', '2024-05-28 15:09:26', '2024-06-01', '2024-05-04', 1),
(51, 'c51', 4, 3000, 'mj10.jpg', 'v10.mp4', '2024-05-28 15:09:26', '2024-05-28 15:09:26', '2024-06-01', '2024-05-04', 1),
(52, 'c52', 4, 3000, 'mj10.jpg', 'v10.mp4', '2024-05-28 15:09:26', '2024-05-28 15:09:26', '2024-06-01', '2024-05-04', 1),
(53, 'c53', 4, 3000, 'mj10.jpg', 'v10.mp4', '2024-05-28 15:09:26', '2024-05-28 15:09:26', '2024-06-01', '2024-05-04', 1),
(54, 'c54', 4, 3000, 'mj10.jpg', 'v10.mp4', '2024-05-28 15:09:26', '2024-05-28 15:09:26', '2024-06-01', '2024-05-04', 1),
(55, 'c55', 4, 3000, 'mj10.jpg', 'v10.mp4', '2024-05-28 15:09:26', '2024-05-28 15:09:26', '2024-06-01', '2024-05-04', 1),
(56, 'c56', 4, 3000, 'mj10.jpg', 'v10.mp4', '2024-05-28 15:09:26', '2024-05-28 15:09:26', '2024-06-01', '2024-05-04', 1),
(57, 'c57', 4, 3000, 'mj10.jpg', 'v10.mp4', '2024-05-28 15:09:26', '2024-05-28 15:09:26', '2024-06-01', '2024-05-04', 1),
(58, 'c58', 4, 3000, 'mj10.jpg', 'v10.mp4', '2024-05-28 15:09:26', '2024-05-28 15:09:26', '2024-06-01', '2024-05-04', 1),
(59, 'c59', 4, 3000, 'mj10.jpg', 'v10.mp4', '2024-05-28 15:09:26', '2024-05-28 15:09:26', '2024-06-01', '2024-05-04', 1),
(60, 'c60', 4, 3000, 'mj10.jpg', 'v10.mp4', '2024-05-28 15:09:26', '2024-05-28 15:09:26', '2024-06-01', '2024-05-04', 1),
(61, 'c61', 4, 3000, 'mj10.jpg', 'v10.mp4', '2024-05-28 15:09:26', '2024-05-28 15:09:26', '2024-06-01', '2024-05-04', 1),
(62, 'c62', 4, 3000, 'mj10.jpg', 'v10.mp4', '2024-05-28 15:09:26', '2024-05-28 15:09:26', '2024-06-01', '2024-05-04', 1),
(63, 'c63', 4, 3000, 'mj10.jpg', 'v10.mp4', '2024-05-28 15:09:26', '2024-05-28 15:09:26', '2024-06-01', '2024-05-04', 1),
(64, 'c64', 5, 3000, 'mj10.jpg', 'v10.mp4', '2024-05-28 15:09:26', '2024-05-28 15:09:26', '2024-06-01', '2024-05-04', 1),
(65, 'c65', 5, 3000, 'mj10.jpg', 'v10.mp4', '2024-05-28 15:09:26', '2024-05-28 15:09:26', '2024-06-01', '2024-05-04', 1),
(66, 'c66', 5, 3000, 'mj10.jpg', 'v10.mp4', '2024-05-28 15:09:26', '2024-05-28 15:09:26', '2024-06-01', '2024-05-04', 1),
(67, 'c67', 5, 3000, 'mj10.jpg', 'v10.mp4', '2024-05-28 15:09:26', '2024-05-28 15:09:26', '2024-06-01', '2024-05-04', 1),
(68, 'c68', 5, 3000, 'mj10.jpg', 'v10.mp4', '2024-05-28 15:09:26', '2024-05-28 15:09:26', '2024-06-01', '2024-05-04', 1),
(69, 'c69', 5, 3000, 'mj10.jpg', 'v10.mp4', '2024-05-28 15:09:26', '2024-05-28 15:09:26', '2024-06-01', '2024-05-04', 1),
(70, 'c70', 5, 3000, 'mj10.jpg', 'v10.mp4', '2024-05-28 15:09:26', '2024-05-28 15:09:26', '2024-06-01', '2024-05-04', 1),
(71, 'c71', 5, 3000, 'mj10.jpg', 'v10.mp4', '2024-05-28 15:09:26', '2024-05-28 15:09:26', '2024-06-01', '2024-05-04', 1),
(72, 'c72', 5, 3000, 'mj10.jpg', 'v10.mp4', '2024-05-28 15:09:26', '2024-05-28 15:09:26', '2024-06-01', '2024-05-04', 1),
(73, 'c73', 5, 3000, 'mj10.jpg', 'v10.mp4', '2024-05-28 15:09:26', '2024-05-28 15:09:26', '2024-06-01', '2024-05-04', 1),
(74, 'c74', 5, 3000, 'mj10.jpg', 'v10.mp4', '2024-05-28 15:09:26', '2024-05-28 15:09:26', '2024-06-01', '2024-05-04', 1),
(75, 'c75', 5, 3000, 'mj10.jpg', 'v10.mp4', '2024-05-28 15:09:26', '2024-05-28 15:09:26', '2024-06-01', '2024-05-04', 1),
(76, 'c75', 5, 3000, 'mj10.jpg', 'v10.mp4', '2024-05-28 15:09:26', '2024-05-28 15:09:26', '2024-06-01', '2024-05-04', 1),
(77, 'c77', 5, 3000, 'mj10.jpg', 'v10.mp4', '2024-05-28 15:09:26', '2024-05-28 15:09:26', '2024-06-01', '2024-05-04', 1),
(78, 'c78', 5, 3000, 'mj10.jpg', 'v10.mp4', '2024-05-28 15:09:26', '2024-05-28 15:09:26', '2024-06-01', '2024-05-04', 1),
(79, 'c79', 5, 3000, 'mj10.jpg', 'v10.mp4', '2024-05-28 15:09:26', '2024-05-28 15:09:26', '2024-06-01', '2024-05-04', 1),
(80, 'c80', 5, 3000, 'mj10.jpg', 'v10.mp4', '2024-05-28 15:09:26', '2024-05-28 15:09:26', '2024-06-01', '2024-05-04', 1),
(81, 'c81', 5, 3000, 'mj10.jpg', 'v10.mp4', '2024-05-28 15:09:26', '2024-05-28 15:09:26', '2024-06-01', '2024-05-04', 1),
(82, 'c82', 5, 3000, 'mj10.jpg', 'v10.mp4', '2024-05-28 15:09:26', '2024-05-28 15:09:26', '2024-06-01', '2024-05-04', 1),
(83, 'c83', 5, 3000, 'mj10.jpg', 'v10.mp4', '2024-05-28 15:09:26', '2024-05-28 15:09:26', '2024-06-01', '2024-05-04', 1),
(84, 'c84', 5, 3000, 'mj10.jpg', 'v10.mp4', '2024-05-28 15:09:26', '2024-05-28 15:09:26', '2024-06-01', '2024-05-04', 1),
(85, 'c85', 5, 3000, 'mj10.jpg', 'v10.mp4', '2024-05-28 15:09:26', '2024-05-28 15:09:26', '2024-06-01', '2024-05-04', 1),
(86, 'c86', 5, 3000, 'mj10.jpg', 'v10.mp4', '2024-05-28 15:09:26', '2024-05-28 15:09:26', '2024-06-01', '2024-05-04', 1),
(87, 'c87', 5, 3000, 'mj10.jpg', 'v10.mp4', '2024-05-28 15:09:26', '2024-05-28 15:09:26', '2024-06-01', '2024-05-04', 1),
(88, 'c88', 5, 3000, 'mj10.jpg', 'v10.mp4', '2024-05-28 15:09:26', '2024-05-28 15:09:26', '2024-06-01', '2024-05-04', 1),
(89, 'c89', 1, 55555, 'go7.jpg', 'go7.mp4', '2024-06-06 19:33:55', '0000-00-00 00:00:00', '2024-06-02', '2024-06-27', 1);

-- --------------------------------------------------------

--
-- 資料表結構 `course_category`
--

CREATE TABLE `course_category` (
  `id` int(11) NOT NULL,
  `course_id` int(11) NOT NULL,
  `name` varchar(50) NOT NULL
) ENGINE=InnoDB DEFAULT CHARSET=utf8mb4 COLLATE=utf8mb4_unicode_ci;

--
-- 傾印資料表的資料 `course_category`
--

INSERT INTO `course_category` (`id`, `course_id`, `name`) VALUES
(1, 1, 'gomoku'),
(2, 2, 'mahjong'),
(3, 3, 'go'),
(4, 4, 'chess'),
(5, 5, 'shogi');

-- --------------------------------------------------------

--
-- 資料表結構 `course_chapter`
--

CREATE TABLE `course_chapter` (
  `id` int(3) NOT NULL,
  `course_id` int(11) NOT NULL,
  `chapter_name` varchar(50) NOT NULL,
  `images` varchar(255) NOT NULL,
  `created_at` datetime NOT NULL,
  `updated_at` datetime NOT NULL,
  `video_url` varchar(255) NOT NULL,
  `on-datetime` datetime NOT NULL,
  `off-datetime` datetime NOT NULL
) ENGINE=InnoDB DEFAULT CHARSET=utf8mb4 COLLATE=utf8mb4_unicode_ci;

-- --------------------------------------------------------

--
-- 資料表結構 `course_order`
--

CREATE TABLE `course_order` (
  `id` int(3) UNSIGNED NOT NULL,
  `user_id` int(11) NOT NULL,
  `course_id` int(11) NOT NULL,
  `status` int(11) NOT NULL,
  `order_date` datetime NOT NULL,
  `created_at` datetime NOT NULL,
  `updated_at` datetime NOT NULL
) ENGINE=InnoDB DEFAULT CHARSET=utf8mb4 COLLATE=utf8mb4_unicode_ci;

--
-- 傾印資料表的資料 `course_order`
--

INSERT INTO `course_order` (`id`, `user_id`, `course_id`, `status`, `order_date`, `created_at`, `updated_at`) VALUES
(1, 2, 3, 0, '2024-05-28 15:21:47', '2024-05-28 00:00:00', '2024-05-28 00:00:00'),
(2, 4, 5, 0, '2024-05-28 15:21:47', '2024-05-28 00:00:00', '2024-05-28 00:00:00'),
(3, 4, 6, 0, '2024-05-28 15:21:47', '2024-05-28 00:00:00', '2024-05-28 00:00:00'),
(4, 7, 2, 0, '2024-05-28 15:21:47', '2024-05-28 00:00:00', '2024-05-28 00:00:00'),
(5, 1, 9, 0, '2024-05-28 15:21:47', '2024-05-28 00:00:00', '2024-05-28 00:00:00'),
(6, 9, 9, 0, '2024-05-30 14:52:31', '2024-05-30 14:52:31', '2024-05-30 14:52:31'),
(7, 7, 8, 0, '2024-05-30 14:52:31', '2024-05-30 14:52:31', '2024-05-30 14:52:31'),
(8, 4, 5, 0, '2024-05-30 14:52:31', '2024-05-30 14:52:31', '2024-05-30 14:52:31'),
(9, 3, 2, 0, '2024-05-30 14:52:31', '2024-05-30 14:52:31', '2024-05-30 14:52:31'),
(10, 1, 9, 0, '2024-05-30 14:52:31', '2024-05-30 14:52:31', '2024-05-30 14:52:31'),
(11, 2, 8, 0, '2024-05-30 14:52:31', '2024-05-30 14:52:31', '2024-05-30 14:52:31'),
(12, 6, 4, 0, '2024-05-30 14:53:28', '2024-05-30 14:53:28', '2024-05-30 14:53:28');

-- --------------------------------------------------------

--
-- 資料表結構 `images`
--

CREATE TABLE `images` (
  `id` int(3) NOT NULL,
  `name` varchar(50) NOT NULL,
  `pic_name` varchar(255) NOT NULL
) ENGINE=InnoDB DEFAULT CHARSET=latin1 COLLATE=latin1_swedish_ci;

--
-- 傾印資料表的資料 `images`
--

INSERT INTO `images` (`id`, `name`, `pic_name`) VALUES
(1, '???', '7.png');

-- --------------------------------------------------------

--
-- 資料表結構 `users`
--

CREATE TABLE `users` (
  `id` int(6) UNSIGNED NOT NULL,
  `name` varchar(30) DEFAULT NULL,
  `account` varchar(20) NOT NULL,
  `password` varchar(50) NOT NULL,
  `phone` varchar(30) DEFAULT NULL,
  `email` varchar(30) DEFAULT NULL,
  `created_at` datetime NOT NULL,
  `valid` tinyint(4) NOT NULL
) ENGINE=InnoDB DEFAULT CHARSET=utf8mb4 COLLATE=utf8mb4_unicode_ci;

--
-- 傾印資料表的資料 `users`
--

INSERT INTO `users` (`id`, `name`, `account`, `password`, `phone`, `email`, `created_at`, `valid`) VALUES
(1, 'Jack', 'Jack', '0', '0922111444', 'se@fe4', '2024-05-16 11:46:35', 1),
(2, 'Sam', 'Sam01', '0', '0917000000', 'may@example.com', '2024-05-16 05:58:50', 1),
(3, 'Jack', 'Jack', '0', '0911111111', 'e@fe', '2024-05-16 05:58:50', 1),
(4, 'Lucy', 'Lucy', '0', '0912003000', 'lucy@example.com', '2024-05-16 05:58:50', 1),
(5, '5566', '5566', '827ccb0eea8a706c4c34a16891f84e7b', NULL, NULL, '2024-05-20 04:52:01', 1),
(6, 'dadada', 'dadada', '827ccb0eea8a706c4c34a16891f84e7b', NULL, NULL, '2024-05-20 04:40:12', 1),
(7, 'qwee', 'qwee', '827ccb0eea8a706c4c34a16891f84e7b', NULL, NULL, '2024-05-20 04:40:36', 1),
(8, 'qqrr', 'qqrr', '827ccb0eea8a706c4c34a16891f84e7b', NULL, NULL, '2024-05-20 04:40:46', 1),
(9, 'wwrrr', 'wwrrr', '827ccb0eea8a706c4c34a16891f84e7b', NULL, NULL, '2024-05-20 04:40:52', 1),
(10, 'peter', 'peter', '12345', NULL, NULL, '2024-05-20 04:41:02', 1),
(11, 'wwwee', 'wwwee', '827ccb0eea8a706c4c34a16891f84e7b', NULL, NULL, '2024-05-20 04:43:01', 1),
(12, 'eeww', 'eeww', '827ccb0eea8a706c4c34a16891f84e7b', NULL, NULL, '2024-05-20 04:43:07', 1),
(13, 'ttrr', 'ttrr', '827ccb0eea8a706c4c34a16891f84e7b', NULL, NULL, '2024-05-20 04:43:12', 1),
(14, '5533', '5533', '827ccb0eea8a706c4c34a16891f84e7b', NULL, NULL, '2024-05-20 04:43:18', 1),
(15, '3344', '3344', '827ccb0eea8a706c4c34a16891f84e7b', NULL, NULL, '2024-05-20 04:43:23', 1),
(16, '1616', '1616', '827ccb0eea8a706c4c34a16891f84e7b', NULL, NULL, '2024-05-20 04:43:40', 1),
(18, 'tesla', 'tesla', '827ccb0eea8a706c4c34a16891f84e7b', NULL, NULL, '2024-05-27 10:56:05', 0);

-- --------------------------------------------------------

--
-- 資料表結構 `user_like`
--

CREATE TABLE `user_like` (
  `id` int(6) UNSIGNED NOT NULL,
  `product_id` int(4) UNSIGNED NOT NULL,
  `user_id` int(6) UNSIGNED NOT NULL
) ENGINE=InnoDB DEFAULT CHARSET=utf8mb4 COLLATE=utf8mb4_unicode_ci;

-- --------------------------------------------------------

--
-- 資料表結構 `user_order`
--

CREATE TABLE `user_order` (
  `id` int(6) UNSIGNED NOT NULL,
  `product_id` int(4) UNSIGNED NOT NULL,
  `amount` int(3) NOT NULL,
  `user_id` int(6) NOT NULL,
  `order_date` date NOT NULL
) ENGINE=InnoDB DEFAULT CHARSET=utf8mb4 COLLATE=utf8mb4_unicode_ci;

--
-- 傾印資料表的資料 `user_order`
--

INSERT INTO `user_order` (`id`, `product_id`, `amount`, `user_id`, `order_date`) VALUES
(1, 6, 4, 6, '2024-05-21'),
(2, 5, 3, 5, '2024-05-21'),
(3, 3, 3, 2, '2024-05-20'),
(4, 3, 4, 5, '2024-05-20'),
(5, 3, 5, 6, '2024-05-20'),
(6, 3, 4, 2, '2024-05-19'),
(7, 6, 4, 6, '2024-05-19'),
(8, 7, 5, 1, '2024-05-19'),
(9, 3, 7, 8, '2024-05-18'),
(10, 2, 4, 3, '2024-05-20'),
(11, 4, 5, 6, '2024-05-22'),
(12, 6, 7, 2, '2024-05-22');

-- --------------------------------------------------------

--
-- 資料表結構 `user_order_course`
--

CREATE TABLE `user_order_course` (
  `id` int(5) UNSIGNED NOT NULL,
  `user_id` int(6) NOT NULL,
  `order_time` datetime NOT NULL
) ENGINE=InnoDB DEFAULT CHARSET=utf8mb4 COLLATE=utf8mb4_unicode_ci;

--
-- 傾印資料表的資料 `user_order_course`
--

INSERT INTO `user_order_course` (`id`, `user_id`, `order_time`) VALUES
(1, 1, '2024-05-27 15:27:25'),
(2, 1, '2024-05-27 15:48:21'),
(3, 1, '2024-05-27 15:48:25'),
(4, 1, '2024-05-27 15:48:31'),
(5, 1, '2024-05-27 15:48:33'),
(6, 1, '2024-05-27 15:52:09'),
(7, 1, '2024-05-27 15:53:09');

-- --------------------------------------------------------

--
-- 資料表結構 `user_order_course_detail`
--

CREATE TABLE `user_order_course_detail` (
  `id` int(5) UNSIGNED NOT NULL,
  `order_id` int(5) NOT NULL,
  `product_id` int(5) NOT NULL,
  `amount` int(3) NOT NULL
) ENGINE=InnoDB DEFAULT CHARSET=utf8mb4 COLLATE=utf8mb4_unicode_ci;

--
-- 傾印資料表的資料 `user_order_course_detail`
--

INSERT INTO `user_order_course_detail` (`id`, `order_id`, `product_id`, `amount`) VALUES
(1, 6, 3, 0),
(2, 6, 2, 0),
(3, 7, 5, 1),
(4, 7, 6, 1);

--
-- 已傾印資料表的索引
--

--
-- 資料表索引 `chapter_progress`
--
ALTER TABLE `chapter_progress`
  ADD PRIMARY KEY (`id`);

--
-- 資料表索引 `course`
--
ALTER TABLE `course`
  ADD PRIMARY KEY (`id`);

--
-- 資料表索引 `course_category`
--
ALTER TABLE `course_category`
  ADD PRIMARY KEY (`id`);

--
-- 資料表索引 `course_chapter`
--
ALTER TABLE `course_chapter`
  ADD PRIMARY KEY (`id`);

--
-- 資料表索引 `course_order`
--
ALTER TABLE `course_order`
  ADD PRIMARY KEY (`id`);

--
-- 資料表索引 `images`
--
ALTER TABLE `images`
  ADD PRIMARY KEY (`id`);

--
-- 資料表索引 `users`
--
ALTER TABLE `users`
  ADD PRIMARY KEY (`id`);

--
-- 資料表索引 `user_like`
--
ALTER TABLE `user_like`
  ADD PRIMARY KEY (`id`);

--
-- 資料表索引 `user_order`
--
ALTER TABLE `user_order`
  ADD PRIMARY KEY (`id`);

--
-- 資料表索引 `user_order_course`
--
ALTER TABLE `user_order_course`
  ADD PRIMARY KEY (`id`);

--
-- 資料表索引 `user_order_course_detail`
--
ALTER TABLE `user_order_course_detail`
  ADD PRIMARY KEY (`id`);

--
-- 在傾印的資料表使用自動遞增(AUTO_INCREMENT)
--

--
-- 使用資料表自動遞增(AUTO_INCREMENT) `chapter_progress`
--
ALTER TABLE `chapter_progress`
  MODIFY `id` int(3) NOT NULL AUTO_INCREMENT;

--
-- 使用資料表自動遞增(AUTO_INCREMENT) `course`
--
ALTER TABLE `course`
  MODIFY `id` int(5) UNSIGNED NOT NULL AUTO_INCREMENT, AUTO_INCREMENT=90;

--
-- 使用資料表自動遞增(AUTO_INCREMENT) `course_category`
--
ALTER TABLE `course_category`
  MODIFY `id` int(11) NOT NULL AUTO_INCREMENT, AUTO_INCREMENT=6;

--
-- 使用資料表自動遞增(AUTO_INCREMENT) `course_chapter`
--
ALTER TABLE `course_chapter`
  MODIFY `id` int(3) NOT NULL AUTO_INCREMENT;

--
-- 使用資料表自動遞增(AUTO_INCREMENT) `course_order`
--
ALTER TABLE `course_order`
  MODIFY `id` int(3) UNSIGNED NOT NULL AUTO_INCREMENT, AUTO_INCREMENT=13;

--
-- 使用資料表自動遞增(AUTO_INCREMENT) `images`
--
ALTER TABLE `images`
  MODIFY `id` int(3) NOT NULL AUTO_INCREMENT, AUTO_INCREMENT=2;

--
-- 使用資料表自動遞增(AUTO_INCREMENT) `users`
--
ALTER TABLE `users`
  MODIFY `id` int(6) UNSIGNED NOT NULL AUTO_INCREMENT, AUTO_INCREMENT=19;

--
-- 使用資料表自動遞增(AUTO_INCREMENT) `user_like`
--
ALTER TABLE `user_like`
  MODIFY `id` int(6) UNSIGNED NOT NULL AUTO_INCREMENT;

--
-- 使用資料表自動遞增(AUTO_INCREMENT) `user_order`
--
ALTER TABLE `user_order`
  MODIFY `id` int(6) UNSIGNED NOT NULL AUTO_INCREMENT, AUTO_INCREMENT=13;

--
-- 使用資料表自動遞增(AUTO_INCREMENT) `user_order_course`
--
ALTER TABLE `user_order_course`
  MODIFY `id` int(5) UNSIGNED NOT NULL AUTO_INCREMENT, AUTO_INCREMENT=8;

--
-- 使用資料表自動遞增(AUTO_INCREMENT) `user_order_course_detail`
--
ALTER TABLE `user_order_course_detail`
  MODIFY `id` int(5) UNSIGNED NOT NULL AUTO_INCREMENT, AUTO_INCREMENT=5;
COMMIT;

/*!40101 SET CHARACTER_SET_CLIENT=@OLD_CHARACTER_SET_CLIENT */;
/*!40101 SET CHARACTER_SET_RESULTS=@OLD_CHARACTER_SET_RESULTS */;
/*!40101 SET COLLATION_CONNECTION=@OLD_COLLATION_CONNECTION */;
